  0
SECTION
  2
HEADER
  9
$ACADVER
  1
AC1032
  9
$ACADMAINTVER
 90
4
  9
$DWGCODEPAGE
  3
ANSI_1252
  9
$LASTSAVEDBY
  1
ezdxf
  9
$REQUIREDVERSIONS
160
0
  9
$INSBASE
 10
0.0
 20
0.0
 30
0.0
  9
$EXTMIN
 10
1e+20
 20
1e+20
 30
1e+20
  9
$EXTMAX
 10
-1e+20
 20
-1e+20
 30
-1e+20
  9
$LIMMIN
 10
0.0
 20
0.0
  9
$LIMMAX
 10
420.0
 20
297.0
  9
$ORTHOMODE
 70
0
  9
$REGENMODE
 70
1
  9
$FILLMODE
 70
1
  9
$QTEXTMODE
 70
0
  9
$MIRRTEXT
 70
1
  9
$LTSCALE
 40
1.0
  9
$ATTMODE
 70
1
  9
$TEXTSIZE
 40
2.5
  9
$TRACEWID
 40
1.0
  9
$TEXTSTYLE
  7
OpenSans
  9
$CLAYER
  8
0
  9
$CELTYPE
  6
ByLayer
  9
$CECOLOR
 62
256
  9
$CELTSCALE
 40
1.0
  9
$DISPSILH
 70
0
  9
$DIMSCALE
 40
1.0
  9
$DIMASZ
 40
0.175
  9
$DIMEXO
 40
0.125
  9
$DIMDLI
 40
3.75
  9
$DIMRND
 40
0.0
  9
$DIMDLE
 40
0.0
  9
$DIMEXE
 40
0.375
  9
$DIMTP
 40
0.0
  9
$DIMTM
 40
0.0
  9
$DIMTXT
 40
0.25
  9
$DIMCEN
 40
2.5
  9
$DIMTSZ
 40
0.0
  9
$DIMTOL
 70
0
  9
$DIMLIM
 70
0
  9
$DIMTIH
 70
0
  9
$DIMTOH
 70
0
  9
$DIMSE1
 70
0
  9
$DIMSE2
 70
0
  9
$DIMTAD
 70
1
  9
$DIMZIN
 70
12
  9
$DIMBLK
  1
ARCHTICK
  9
$DIMASO
 70
1
  9
$DIMSHO
 70
1
  9
$DIMPOST
  1

  9
$DIMAPOST
  1

  9
$DIMALT
 70
0
  9
$DIMALTD
 70
3
  9
$DIMALTF
 40
0.03937007874
  9
$DIMLFAC
 40
100.0
  9
$DIMTOFL
 70
1
  9
$DIMTVP
 40
0.0
  9
$DIMTIX
 70
0
  9
$DIMSOXD
 70
0
  9
$DIMSAH
 70
0
  9
$DIMBLK1
  1

  9
$DIMBLK2
  1

  9
$DIMSTYLE
  2
EZDXF
  9
$DIMCLRD
 70
0
  9
$DIMCLRE
 70
0
  9
$DIMCLRT
 70
0
  9
$DIMTFAC
 40
0.5
  9
$DIMGAP
 40
0.1
  9
$DIMJUST
 70
0
  9
$DIMSD1
 70
0
  9
$DIMSD2
 70
0
  9
$DIMTOLJ
 70
0
  9
$DIMTZIN
 70
8
  9
$DIMALTZ
 70
0
  9
$DIMALTTZ
 70
0
  9
$DIMUPT
 70
1
  9
$DIMDEC
 70
2
  9
$DIMTDEC
 70
2
  9
$DIMALTU
 70
2
  9
$DIMALTTD
 70
3
  9
$DIMTXSTY
  7
OpenSansCondensed-Light
  9
$DIMAUNIT
 70
0
  9
$DIMADEC
 70
2
  9
$DIMALTRND
 40
0.0
  9
$DIMAZIN
 70
3
  9
$DIMDSEP
 70
46
  9
$DIMATFIT
 70
3
  9
$DIMFRAC
 70
0
  9
$DIMLDRBLK
  1

  9
$DIMLUNIT
 70
2
  9
$DIMLWD
 70
-2
  9
$DIMLWE
 70
-2
  9
$DIMTMOVE
 70
2
  9
$DIMFXL
 40
1.0
  9
$DIMFXLON
 70
0
  9
$DIMJOGANG
 40
0.785398163397
  9
$DIMTFILL
 70
0
  9
$DIMTFILLCLR
 70
0
  9
$DIMARCSYM
 70
0
  9
$DIMLTYPE
  6

  9
$DIMLTEX1
  6

  9
$DIMLTEX2
  6

  9
$DIMTXTDIRECTION
 70
0
  9
$LUNITS
 70
2
  9
$LUPREC
 70
4
  9
$SKETCHINC
 40
1.0
  9
$FILLETRAD
 40
10.0
  9
$AUNITS
 70
0
  9
$AUPREC
 70
2
  9
$MENU
  1
.
  9
$ELEVATION
 40
0.0
  9
$PELEVATION
 40
0.0
  9
$THICKNESS
 40
0.0
  9
$LIMCHECK
 70
0
  9
$CHAMFERA
 40
0.0
  9
$CHAMFERB
 40
0.0
  9
$CHAMFERC
 40
0.0
  9
$CHAMFERD
 40
0.0
  9
$SKPOLY
 70
0
  9
$TDCREATE
 40
2461157.591701389
  9
$TDUCREATE
 40
2458532.153996898
  9
$TDUPDATE
 40
2461157.591701389
  9
$TDUUPDATE
 40
2458532.1544311
  9
$TDINDWG
 40
0.0
  9
$TDUSRTIMER
 40
0.0
  9
$USRTIMER
 70
1
  9
$ANGBASE
 50
0.0
  9
$ANGDIR
 70
0
  9
$PDMODE
 70
0
  9
$PDSIZE
 40
0.0
  9
$PLINEWID
 40
0.0
  9
$SPLFRAME
 70
0
  9
$SPLINETYPE
 70
6
  9
$SPLINESEGS
 70
8
  9
$HANDSEED
  5
659
  9
$SURFTAB1
 70
6
  9
$SURFTAB2
 70
6
  9
$SURFTYPE
 70
6
  9
$SURFU
 70
6
  9
$SURFV
 70
6
  9
$UCSBASE
  2

  9
$UCSNAME
  2

  9
$UCSORG
 10
0.0
 20
0.0
 30
0.0
  9
$UCSXDIR
 10
1.0
 20
0.0
 30
0.0
  9
$UCSYDIR
 10
0.0
 20
1.0
 30
0.0
  9
$UCSORTHOREF
  2

  9
$UCSORTHOVIEW
 70
0
  9
$UCSORGTOP
 10
0.0
 20
0.0
 30
0.0
  9
$UCSORGBOTTOM
 10
0.0
 20
0.0
 30
0.0
  9
$UCSORGLEFT
 10
0.0
 20
0.0
 30
0.0
  9
$UCSORGRIGHT
 10
0.0
 20
0.0
 30
0.0
  9
$UCSORGFRONT
 10
0.0
 20
0.0
 30
0.0
  9
$UCSORGBACK
 10
0.0
 20
0.0
 30
0.0
  9
$PUCSBASE
  2

  9
$PUCSNAME
  2

  9
$PUCSORG
 10
0.0
 20
0.0
 30
0.0
  9
$PUCSXDIR
 10
1.0
 20
0.0
 30
0.0
  9
$PUCSYDIR
 10
0.0
 20
1.0
 30
0.0
  9
$PUCSORTHOREF
  2

  9
$PUCSORTHOVIEW
 70
0
  9
$PUCSORGTOP
 10
0.0
 20
0.0
 30
0.0
  9
$PUCSORGBOTTOM
 10
0.0
 20
0.0
 30
0.0
  9
$PUCSORGLEFT
 10
0.0
 20
0.0
 30
0.0
  9
$PUCSORGRIGHT
 10
0.0
 20
0.0
 30
0.0
  9
$PUCSORGFRONT
 10
0.0
 20
0.0
 30
0.0
  9
$PUCSORGBACK
 10
0.0
 20
0.0
 30
0.0
  9
$USERI1
 70
0
  9
$USERI2
 70
0
  9
$USERI3
 70
0
  9
$USERI4
 70
0
  9
$USERI5
 70
0
  9
$USERR1
 40
0.0
  9
$USERR2
 40
0.0
  9
$USERR3
 40
0.0
  9
$USERR4
 40
0.0
  9
$USERR5
 40
0.0
  9
$WORLDVIEW
 70
1
  9
$SHADEDGE
 70
3
  9
$SHADEDIF
 70
70
  9
$TILEMODE
 70
1
  9
$MAXACTVP
 70
64
  9
$PINSBASE
 10
0.0
 20
0.0
 30
0.0
  9
$PLIMCHECK
 70
0
  9
$PEXTMIN
 10
1e+20
 20
1e+20
 30
1e+20
  9
$PEXTMAX
 10
-1e+20
 20
-1e+20
 30
-1e+20
  9
$PLIMMIN
 10
0.0
 20
0.0
  9
$PLIMMAX
 10
420.0
 20
297.0
  9
$UNITMODE
 70
0
  9
$VISRETAIN
 70
1
  9
$PLINEGEN
 70
0
  9
$PSLTSCALE
 70
1
  9
$TREEDEPTH
 70
3020
  9
$CMLSTYLE
  2
Standard
  9
$CMLJUST
 70
0
  9
$CMLSCALE
 40
20.0
  9
$PROXYGRAPHICS
 70
1
  9
$MEASUREMENT
 70
1
  9
$CELWEIGHT
370
-1
  9
$ENDCAPS
280
0
  9
$JOINSTYLE
280
0
  9
$LWDISPLAY
290
0
  9
$INSUNITS
 70
4
  9
$HYPERLINKBASE
  1

  9
$STYLESHEET
  1

  9
$XEDIT
290
1
  9
$CEPSNTYPE
380
0
  9
$PSTYLEMODE
290
1
  9
$FINGERPRINTGUID
  2
{524C403D-5D62-4830-8538-E42D483FC526}
  9
$VERSIONGUID
  2
{2B5F44E8-14BA-48A7-833E-1FDE66D23C24}
  9
$EXTNAMES
290
1
  9
$PSVPSCALE
 40
0.0
  9
$OLESTARTUP
290
0
  9
$SORTENTS
280
127
  9
$INDEXCTL
280
0
  9
$HIDETEXT
280
1
  9
$XCLIPFRAME
280
1
  9
$HALOGAP
280
0
  9
$OBSCOLOR
 70
257
  9
$OBSLTYPE
280
0
  9
$INTERSECTIONDISPLAY
280
0
  9
$INTERSECTIONCOLOR
 70
257
  9
$DIMASSOC
280
2
  9
$PROJECTNAME
  1

  9
$CAMERADISPLAY
290
0
  9
$LENSLENGTH
 40
50.0
  9
$CAMERAHEIGHT
 40
0.0
  9
$STEPSPERSEC
 40
24.0
  9
$STEPSIZE
 40
100.0
  9
$3DDWFPREC
 40
2.0
  9
$PSOLWIDTH
 40
0.005
  9
$PSOLHEIGHT
 40
0.08
  9
$LOFTANG1
 40
1.570796326795
  9
$LOFTANG2
 40
1.570796326795
  9
$LOFTMAG1
 40
0.0
  9
$LOFTMAG2
 40
0.0
  9
$LOFTPARAM
 70
7
  9
$LOFTNORMALS
280
1
  9
$LATITUDE
 40
37.795
  9
$LONGITUDE
 40
-122.394
  9
$NORTHDIRECTION
 40
0.0
  9
$TIMEZONE
 70
-8000
  9
$LIGHTGLYPHDISPLAY
280
1
  9
$TILEMODELIGHTSYNCH
280
1
  9
$CMATERIAL
347
20
  9
$SOLIDHIST
280
0
  9
$SHOWHIST
280
1
  9
$DWFFRAME
280
2
  9
$DGNFRAME
280
2
  9
$REALWORLDSCALE
290
1
  9
$INTERFERECOLOR
 62
256
  9
$CSHADOW
280
0
  9
$SHADOWPLANELOCATION
 40
0.0
  0
ENDSEC
  0
SECTION
  2
CLASSES
  0
CLASS
  1
ACDBDICTIONARYWDFLT
  2
AcDbDictionaryWithDefault
  3
ObjectDBX Classes
 90
0
 91
0
280
0
281
0
  0
CLASS
  1
SUN
  2
AcDbSun
  3
SCENEOE
 90
1153
 91
0
280
0
281
0
  0
CLASS
  1
VISUALSTYLE
  2
AcDbVisualStyle
  3
ObjectDBX Classes
 90
4095
 91
0
280
0
281
0
  0
CLASS
  1
MATERIAL
  2
AcDbMaterial
  3
ObjectDBX Classes
 90
1153
 91
0
280
0
281
0
  0
CLASS
  1
SCALE
  2
AcDbScale
  3
ObjectDBX Classes
 90
1153
 91
0
280
0
281
0
  0
CLASS
  1
TABLESTYLE
  2
AcDbTableStyle
  3
ObjectDBX Classes
 90
4095
 91
0
280
0
281
0
  0
CLASS
  1
MLEADERSTYLE
  2
AcDbMLeaderStyle
  3
ACDB_MLEADERSTYLE_CLASS
 90
4095
 91
0
280
0
281
0
  0
CLASS
  1
DICTIONARYVAR
  2
AcDbDictionaryVar
  3
ObjectDBX Classes
 90
0
 91
0
280
0
281
0
  0
CLASS
  1
CELLSTYLEMAP
  2
AcDbCellStyleMap
  3
ObjectDBX Classes
 90
1152
 91
0
280
0
281
0
  0
CLASS
  1
MENTALRAYRENDERSETTINGS
  2
AcDbMentalRayRenderSettings
  3
SCENEOE
 90
1024
 91
0
280
0
281
0
  0
CLASS
  1
ACDBDETAILVIEWSTYLE
  2
AcDbDetailViewStyle
  3
ObjectDBX Classes
 90
1025
 91
0
280
0
281
0
  0
CLASS
  1
ACDBSECTIONVIEWSTYLE
  2
AcDbSectionViewStyle
  3
ObjectDBX Classes
 90
1025
 91
0
280
0
281
0
  0
CLASS
  1
RASTERVARIABLES
  2
AcDbRasterVariables
  3
ISM
 90
0
 91
0
280
0
281
0
  0
CLASS
  1
ACDBPLACEHOLDER
  2
AcDbPlaceHolder
  3
ObjectDBX Classes
 90
0
 91
0
280
0
281
0
  0
CLASS
  1
LAYOUT
  2
AcDbLayout
  3
ObjectDBX Classes
 90
0
 91
0
280
0
281
0
  0
ENDSEC
  0
SECTION
  2
TABLES
  0
TABLE
  2
VPORT
  5
8
330
0
100
AcDbSymbolTable
 70
1
  0
VPORT
  5
23
330
8
100
AcDbSymbolTableRecord
100
AcDbViewportTableRecord
  2
*Active
 70
0
 10
0.0
 20
0.0
 11
1.0
 21
1.0
 12
0.0
 22
0.0
 13
0.0
 23
0.0
 14
0.5
 24
0.5
 15
0.5
 25
0.5
 16
0.0
 26
0.0
 36
1.0
 17
0.0
 27
0.0
 37
0.0
 40
1000.0
 41
1.34
 42
50.0
 43
0.0
 44
0.0
 50
0.0
 51
0.0
 71
0
 72
1000
 73
1
 74
3
 75
0
 76
0
 77
0
 78
0
281
0
 65
0
146
0.0
  0
ENDTAB
  0
TABLE
  2
LTYPE
  5
2
330
0
100
AcDbSymbolTable
 70
25
  0
LTYPE
  5
24
330
2
100
AcDbSymbolTableRecord
100
AcDbLinetypeTableRecord
  2
ByBlock
 70
0
  3

 72
65
 73
0
 40
0.0
  0
LTYPE
  5
25
330
2
100
AcDbSymbolTableRecord
100
AcDbLinetypeTableRecord
  2
ByLayer
 70
0
  3

 72
65
 73
0
 40
0.0
  0
LTYPE
  5
26
330
2
100
AcDbSymbolTableRecord
100
AcDbLinetypeTableRecord
  2
Continuous
 70
0
  3

 72
65
 73
0
 40
0.0
  0
LTYPE
  5
2F
330
2
100
AcDbSymbolTableRecord
100
AcDbLinetypeTableRecord
  2
CENTER
 70
0
  3
Center ____ _ ____ _ ____ _ ____ _ ____ _ ____
 72
65
 73
4
 40
5.08
 49
3.175
 74
0
 49
-0.635
 74
0
 49
0.635
 74
0
 49
-0.635
 74
0
  0
LTYPE
  5
30
330
2
100
AcDbSymbolTableRecord
100
AcDbLinetypeTableRecord
  2
CENTERX2
 70
0
  3
Center (2x) ________  __  ________  __  ________
 72
65
 73
4
 40
8.89
 49
6.35
 74
0
 49
-0.635
 74
0
 49
1.27
 74
0
 49
-0.635
 74
0
  0
LTYPE
  5
31
330
2
100
AcDbSymbolTableRecord
100
AcDbLinetypeTableRecord
  2
CENTER2
 70
0
  3
Center (.5x) ____ _ ____ _ ____ _ ____ _ ____
 72
65
 73
4
 40
2.54
 49
1.587
 74
0
 49
-0.318
 74
0
 49
0.318
 74
0
 49
-0.318
 74
0
  0
LTYPE
  5
32
330
2
100
AcDbSymbolTableRecord
100
AcDbLinetypeTableRecord
  2
DASHED
 70
0
  3
Dashed __ __ __ __ __ __ __ __ __ __ __ __ __ _
 72
65
 73
2
 40
1.524
 49
1.27
 74
0
 49
-0.254
 74
0
  0
LTYPE
  5
33
330
2
100
AcDbSymbolTableRecord
100
AcDbLinetypeTableRecord
  2
DASHEDX2
 70
0
  3
Dashed (2x) ____  ____  ____  ____  ____  ____
 72
65
 73
2
 40
3.048
 49
2.54
 74
0
 49
-0.508
 74
0
  0
LTYPE
  5
34
330
2
100
AcDbSymbolTableRecord
100
AcDbLinetypeTableRecord
  2
DASHED2
 70
0
  3
Dashed (.5x) _ _ _ _ _ _ _ _ _ _ _ _ _ _
 72
65
 73
2
 40
0.762
 49
0.635
 74
0
 49
-0.127
 74
0
  0
LTYPE
  5
35
330
2
100
AcDbSymbolTableRecord
100
AcDbLinetypeTableRecord
  2
PHANTOM
 70
0
  3
Phantom ______  __  __  ______  __  __  ______
 72
65
 73
6
 40
6.35
 49
3.175
 74
0
 49
-0.635
 74
0
 49
0.635
 74
0
 49
-0.635
 74
0
 49
0.635
 74
0
 49
-0.635
 74
0
  0
LTYPE
  5
36
330
2
100
AcDbSymbolTableRecord
100
AcDbLinetypeTableRecord
  2
PHANTOMX2
 70
0
  3
Phantom (2x)____________    ____    ____    ____________
 72
65
 73
6
 40
10.795
 49
6.35
 74
0
 49
-0.635
 74
0
 49
1.27
 74
0
 49
-0.635
 74
0
 49
1.27
 74
0
 49
-0.635
 74
0
  0
LTYPE
  5
37
330
2
100
AcDbSymbolTableRecord
100
AcDbLinetypeTableRecord
  2
PHANTOM2
 70
0
  3
Phantom (.5x) ___ _ _ ___ _ _ ___ _ _ ___ _ _ ___
 72
65
 73
6
 40
3.175
 49
1.587
 74
0
 49
-0.318
 74
0
 49
0.318
 74
0
 49
-0.318
 74
0
 49
0.318
 74
0
 49
-0.318
 74
0
  0
LTYPE
  5
38
330
2
100
AcDbSymbolTableRecord
100
AcDbLinetypeTableRecord
  2
DASHDOT
 70
0
  3
Dash dot __ . __ . __ . __ . __ . __ . __ . __
 72
65
 73
4
 40
3.556
 49
2.54
 74
0
 49
-0.508
 74
0
 49
0.0
 74
0
 49
-0.508
 74
0
  0
LTYPE
  5
39
330
2
100
AcDbSymbolTableRecord
100
AcDbLinetypeTableRecord
  2
DASHDOTX2
 70
0
  3
Dash dot (2x) ____  .  ____  .  ____  .  ____
 72
65
 73
4
 40
6.096
 49
5.08
 74
0
 49
-0.508
 74
0
 49
0.0
 74
0
 49
-0.508
 74
0
  0
LTYPE
  5
3A
330
2
100
AcDbSymbolTableRecord
100
AcDbLinetypeTableRecord
  2
DASHDOT2
 70
0
  3
Dash dot (.5x) _ . _ . _ . _ . _ . _ . _ . _
 72
65
 73
4
 40
1.778
 49
1.27
 74
0
 49
-0.254
 74
0
 49
0.0
 74
0
 49
-0.254
 74
0
  0
LTYPE
  5
3B
330
2
100
AcDbSymbolTableRecord
100
AcDbLinetypeTableRecord
  2
DOT
 70
0
  3
Dot .  .  .  .  .  .  .  .  .  .  .  .  .  .  .  .
 72
65
 73
2
 40
0.508
 49
0.0
 74
0
 49
-0.508
 74
0
  0
LTYPE
  5
3C
330
2
100
AcDbSymbolTableRecord
100
AcDbLinetypeTableRecord
  2
DOTX2
 70
0
  3
Dot (2x) .    .    .    .    .    .    .    . 
 72
65
 73
2
 40
1.016
 49
0.0
 74
0
 49
-1.016
 74
0
  0
LTYPE
  5
3D
330
2
100
AcDbSymbolTableRecord
100
AcDbLinetypeTableRecord
  2
DOT2
 70
0
  3
Dot (.5) . . . . . . . . . . . . . . . . . . . 
 72
65
 73
2
 40
0.254
 49
0.0
 74
0
 49
-0.254
 74
0
  0
LTYPE
  5
3E
330
2
100
AcDbSymbolTableRecord
100
AcDbLinetypeTableRecord
  2
DIVIDE
 70
0
  3
Divide __ . . __ . . __ . . __ . . __ . . __
 72
65
 73
6
 40
4.064
 49
2.54
 74
0
 49
-0.508
 74
0
 49
0.0
 74
0
 49
-0.508
 74
0
 49
0.0
 74
0
 49
-0.508
 74
0
  0
LTYPE
  5
3F
330
2
100
AcDbSymbolTableRecord
100
AcDbLinetypeTableRecord
  2
DIVIDEX2
 70
0
  3
Divide (2x) ____  . .  ____  . .  ____  . .  ____
 72
65
 73
6
 40
6.604
 49
5.08
 74
0
 49
-0.508
 74
0
 49
0.0
 74
0
 49
-0.508
 74
0
 49
0.0
 74
0
 49
-0.508
 74
0
  0
LTYPE
  5
40
330
2
100
AcDbSymbolTableRecord
100
AcDbLinetypeTableRecord
  2
DIVIDE2
 70
0
  3
Divide(.5x) _ . _ . _ . _ . _ . _ . _ . _
 72
65
 73
6
 40
2.032
 49
1.27
 74
0
 49
-0.254
 74
0
 49
0.0
 74
0
 49
-0.254
 74
0
 49
0.0
 74
0
 49
-0.254
 74
0
  0
LTYPE
  5
64E
330
2
100
AcDbSymbolTableRecord
100
AcDbLinetypeTableRecord
  2
194_PTB_STR_L0$0${ Chain Double-Dash }
 70
0
  3

 72
65
 73
0
 40
0.0
  0
LTYPE
  5
64F
330
2
100
AcDbSymbolTableRecord
100
AcDbLinetypeTableRecord
  2
HIDDEN2
 70
0
  3
Hidden (.5x) _ _ _ _ _ _ _ _ _ _ _ _ _ _ _ _ _
 72
65
 73
2
 40
4.762499999999999
 49
3.174999999999999
 74
0
 49
-1.587499999999999
 74
0
  0
LTYPE
  5
650
330
2
100
AcDbSymbolTableRecord
100
AcDbLinetypeTableRecord
  2
HIDDEN
 70
0
  3
__ __ __ __ __ __ __ __ __ __ __ __ __ __ __ __ __ __ __ __ __ 
 72
65
 73
2
 40
0.375
 49
0.25
 74
0
 49
-0.125
 74
0
  0
LTYPE
  5
651
330
2
100
AcDbSymbolTableRecord
100
AcDbLinetypeTableRecord
  2
10186-X-G00-XX-GEN-XX-1001_Iss21$0$10186-A-G00-XX-2DM-22-0001$0$HIDDEN
 70
0
  3
Hidden __ __ __ __ __ __ __ __ __ __ __ __ __ __
 72
65
 73
2
 40
4.762499999999999
 49
3.174999999999999
 74
0
 49
-1.587499999999999
 74
0
  0
ENDTAB
  0
TABLE
  2
LAYER
  5
1
330
0
100
AcDbSymbolTable
 70
6
  0
LAYER
  5
27
330
1
100
AcDbSymbolTableRecord
100
AcDbLayerTableRecord
  2
0
 70
0
 62
7
  6
Continuous
370
-3
390
13
347
21
  0
LAYER
  5
28
330
1
100
AcDbSymbolTableRecord
100
AcDbLayerTableRecord
  2
Defpoints
 70
0
 62
7
  6
Continuous
290
0
370
-3
390
13
347
21
  0
LAYER
  5
64A
330
1
100
AcDbSymbolTableRecord
100
AcDbLayerTableRecord
  2
27-Mechanical Plumbing-M-NCA
 70
0
 62
171
  6
Continuous
370
0
390
F
347
1B76
348
0
  0
LAYER
  5
64B
330
1
100
AcDbSymbolTableRecord
100
AcDbLayerTableRecord
  2
14-BOH
 70
0
 62
255
  6
Continuous
370
-3
390
F
347
1B76
348
0
  0
LAYER
  5
64C
330
1
100
AcDbSymbolTableRecord
100
AcDbLayerTableRecord
  2
15-TEXT
 70
0
 62
7
  6
Continuous
370
20
390
F
347
1B76
348
0
  0
LAYER
  5
64D
330
1
100
AcDbSymbolTableRecord
100
AcDbLayerTableRecord
  2
04-EXISTING BUILDING
 70
0
 62
7
  6
Continuous
370
-3
390
F
347
1B76
348
0
  0
ENDTAB
  0
TABLE
  2
STYLE
  5
5
330
0
100
AcDbSymbolTable
 70
30
  0
STYLE
  5
29
330
5
100
AcDbSymbolTableRecord
100
AcDbTextStyleTableRecord
  2
Standard
 70
0
 40
0.0
 41
1.0
 50
0.0
 71
0
 42
2.5
  3
txt
  4

  0
STYLE
  5
41
330
5
100
AcDbSymbolTableRecord
100
AcDbTextStyleTableRecord
  2
OpenSans-Light
 70
0
 40
0.0
 41
1.0
 50
0.0
 71
0
 42
2.5
  3
OpenSans-Light.ttf
  4

  0
STYLE
  5
42
330
5
100
AcDbSymbolTableRecord
100
AcDbTextStyleTableRecord
  2
OpenSans-Light-Italic
 70
0
 40
0.0
 41
1.0
 50
0.0
 71
0
 42
2.5
  3
OpenSans-LightItalic.ttf
  4

  0
STYLE
  5
43
330
5
100
AcDbSymbolTableRecord
100
AcDbTextStyleTableRecord
  2
OpenSans
 70
0
 40
0.0
 41
1.0
 50
0.0
 71
0
 42
2.5
  3
OpenSans-Regular.ttf
  4

  0
STYLE
  5
44
330
5
100
AcDbSymbolTableRecord
100
AcDbTextStyleTableRecord
  2
OpenSans-Italic
 70
0
 40
0.0
 41
1.0
 50
0.0
 71
0
 42
2.5
  3
OpenSans-Italic.ttf
  4

  0
STYLE
  5
45
330
5
100
AcDbSymbolTableRecord
100
AcDbTextStyleTableRecord
  2
OpenSans-SemiBold
 70
0
 40
0.0
 41
1.0
 50
0.0
 71
0
 42
2.5
  3
OpenSans-SemiBold.ttf
  4

  0
STYLE
  5
46
330
5
100
AcDbSymbolTableRecord
100
AcDbTextStyleTableRecord
  2
OpenSans-SemiBoldItalic
 70
0
 40
0.0
 41
1.0
 50
0.0
 71
0
 42
2.5
  3
OpenSans-SemiBoldItalic.ttf
  4

  0
STYLE
  5
47
330
5
100
AcDbSymbolTableRecord
100
AcDbTextStyleTableRecord
  2
OpenSans-Bold
 70
0
 40
0.0
 41
1.0
 50
0.0
 71
0
 42
2.5
  3
OpenSans-Bold.ttf
  4

  0
STYLE
  5
48
330
5
100
AcDbSymbolTableRecord
100
AcDbTextStyleTableRecord
  2
OpenSans-BoldItalic
 70
0
 40
0.0
 41
1.0
 50
0.0
 71
0
 42
2.5
  3
OpenSans-BoldItalic.ttf
  4

  0
STYLE
  5
49
330
5
100
AcDbSymbolTableRecord
100
AcDbTextStyleTableRecord
  2
OpenSans-ExtraBold
 70
0
 40
0.0
 41
1.0
 50
0.0
 71
0
 42
2.5
  3
OpenSans-ExtraBold.ttf
  4

  0
STYLE
  5
4A
330
5
100
AcDbSymbolTableRecord
100
AcDbTextStyleTableRecord
  2
OpenSans-ExtraBoldItalic
 70
0
 40
0.0
 41
1.0
 50
0.0
 71
0
 42
2.5
  3
OpenSans-ExtraBoldItalic.ttf
  4

  0
STYLE
  5
4B
330
5
100
AcDbSymbolTableRecord
100
AcDbTextStyleTableRecord
  2
OpenSansCondensed-Bold
 70
0
 40
0.0
 41
1.0
 50
0.0
 71
0
 42
2.5
  3
OpenSansCondensed-Bold.ttf
  4

  0
STYLE
  5
4C
330
5
100
AcDbSymbolTableRecord
100
AcDbTextStyleTableRecord
  2
OpenSansCondensed-Light
 70
0
 40
0.0
 41
1.0
 50
0.0
 71
0
 42
2.5
  3
OpenSansCondensed-Light.ttf
  4

  0
STYLE
  5
4D
330
5
100
AcDbSymbolTableRecord
100
AcDbTextStyleTableRecord
  2
OpenSansCondensed-Italic
 70
0
 40
0.0
 41
1.0
 50
0.0
 71
0
 42
2.5
  3
OpenSansCondensed-LightItalic.ttf
  4

  0
STYLE
  5
4E
330
5
100
AcDbSymbolTableRecord
100
AcDbTextStyleTableRecord
  2
LiberationSans
 70
0
 40
0.0
 41
1.0
 50
0.0
 71
0
 42
2.5
  3
LiberationSans-Regular.ttf
  4

  0
STYLE
  5
4F
330
5
100
AcDbSymbolTableRecord
100
AcDbTextStyleTableRecord
  2
LiberationSans-Bold
 70
0
 40
0.0
 41
1.0
 50
0.0
 71
0
 42
2.5
  3
LiberationSans-Bold.ttf
  4

  0
STYLE
  5
50
330
5
100
AcDbSymbolTableRecord
100
AcDbTextStyleTableRecord
  2
LiberationSans-BoldItalic
 70
0
 40
0.0
 41
1.0
 50
0.0
 71
0
 42
2.5
  3
LiberationSans-BoldItalic.ttf
  4

  0
STYLE
  5
51
330
5
100
AcDbSymbolTableRecord
100
AcDbTextStyleTableRecord
  2
LiberationSans-Italic
 70
0
 40
0.0
 41
1.0
 50
0.0
 71
0
 42
2.5
  3
LiberationSans-Italic.ttf
  4

  0
STYLE
  5
52
330
5
100
AcDbSymbolTableRecord
100
AcDbTextStyleTableRecord
  2
LiberationSerif
 70
0
 40
0.0
 41
1.0
 50
0.0
 71
0
 42
2.5
  3
LiberationSerif-Regular.ttf
  4

  0
STYLE
  5
53
330
5
100
AcDbSymbolTableRecord
100
AcDbTextStyleTableRecord
  2
LiberationSerif-Bold
 70
0
 40
0.0
 41
1.0
 50
0.0
 71
0
 42
2.5
  3
LiberationSerif-Bold.ttf
  4

  0
STYLE
  5
54
330
5
100
AcDbSymbolTableRecord
100
AcDbTextStyleTableRecord
  2
LiberationSerif-BoldItalic
 70
0
 40
0.0
 41
1.0
 50
0.0
 71
0
 42
2.5
  3
LiberationSerif-BoldItalic.ttf
  4

  0
STYLE
  5
55
330
5
100
AcDbSymbolTableRecord
100
AcDbTextStyleTableRecord
  2
LiberationSerif-Italic
 70
0
 40
0.0
 41
1.0
 50
0.0
 71
0
 42
2.5
  3
LiberationSerif-Italic.ttf
  4

  0
STYLE
  5
56
330
5
100
AcDbSymbolTableRecord
100
AcDbTextStyleTableRecord
  2
LiberationMono
 70
0
 40
0.0
 41
1.0
 50
0.0
 71
0
 42
2.5
  3
LiberationMono-Regular.ttf
  4

  0
STYLE
  5
57
330
5
100
AcDbSymbolTableRecord
100
AcDbTextStyleTableRecord
  2
LiberationMono-Bold
 70
0
 40
0.0
 41
1.0
 50
0.0
 71
0
 42
2.5
  3
LiberationMono-Bold.ttf
  4

  0
STYLE
  5
58
330
5
100
AcDbSymbolTableRecord
100
AcDbTextStyleTableRecord
  2
LiberationMono-BoldItalic
 70
0
 40
0.0
 41
1.0
 50
0.0
 71
0
 42
2.5
  3
LiberationMono-BoldItalic.ttf
  4

  0
STYLE
  5
59
330
5
100
AcDbSymbolTableRecord
100
AcDbTextStyleTableRecord
  2
LiberationMono-Italic
 70
0
 40
0.0
 41
1.0
 50
0.0
 71
0
 42
2.5
  3
LiberationMono-Italic.ttf
  4

  0
STYLE
  5
652
330
5
100
AcDbSymbolTableRecord
100
AcDbTextStyleTableRecord
  2
CourierNewPSMT
 70
0
 40
0.0
 41
1.0
 50
0.0
 71
0
 42
0.2
  3
arial.ttf
  4

  0
STYLE
  5
653
330
5
100
AcDbSymbolTableRecord
100
AcDbTextStyleTableRecord
  2
CEB- Romand
 70
0
 40
0.0
 41
0.8
 50
0.0
 71
0
 42
200.0
  3
ROMAND.shx
  4

  0
STYLE
  5
654
330
5
100
AcDbSymbolTableRecord
100
AcDbTextStyleTableRecord
  2
Dubai
 70
0
 40
0.0
 41
1.0
 50
0.0
 71
0
 42
3.0
  3
DUBAI-LIGHT.TTF
  4

  0
STYLE
  5
655
330
5
100
AcDbSymbolTableRecord
100
AcDbTextStyleTableRecord
  2
isocp- Blocks
 70
0
 40
0.0
 41
1.0
 50
0.0
 71
0
 42
0.2
  3
isocp.shx
  4

  0
ENDTAB
  0
TABLE
  2
VIEW
  5
7
330
0
100
AcDbSymbolTable
 70
0
  0
ENDTAB
  0
TABLE
  2
UCS
  5
6
330
0
100
AcDbSymbolTable
 70
0
  0
ENDTAB
  0
TABLE
  2
APPID
  5
3
330
0
100
AcDbSymbolTable
 70
3
  0
APPID
  5
2A
330
3
100
AcDbSymbolTableRecord
100
AcDbRegAppTableRecord
  2
ACAD
 70
0
  0
APPID
  5
656
330
3
100
AcDbSymbolTableRecord
100
AcDbRegAppTableRecord
  2
HATCHBACKGROUNDCOLOR
 70
0
  0
APPID
  5
657
330
3
100
AcDbSymbolTableRecord
100
AcDbRegAppTableRecord
  2
EZDXF
 70
0
  0
ENDTAB
  0
TABLE
  2
DIMSTYLE
  5
4
330
0
100
AcDbSymbolTable
 70
12
100
AcDbDimStyleTable
  0
DIMSTYLE
105
2B
330
4
100
AcDbSymbolTableRecord
100
AcDbDimStyleTableRecord
  2
Standard
 70
0
 40
1.0
 41
2.5
 42
0.625
 43
3.75
 44
1.25
 45
0.0
 46
0.0
 47
0.0
 48
0.0
 49
2.5
140
2.5
141
2.5
142
0.0
143
0.03937007874
144
1.0
145
0.0
146
1.0
147
0.625
148
0.0
 69
0
 70
0
 71
0
 72
0
 73
0
 74
0
 75
0
 76
0
 77
1
 78
8
 79
3
170
0
171
3
172
1
173
0
174
0
175
0
176
0
177
0
178
0
179
2
271
2
272
2
273
2
274
3
275
0
276
0
277
2
278
44
279
0
280
0
281
0
282
0
283
0
284
8
285
0
286
0
288
0
289
3
290
0
371
-2
372
-2
  0
DIMSTYLE
105
73
330
4
100
AcDbSymbolTableRecord
100
AcDbDimStyleTableRecord
  2
EZDXF
 70
0
 40
1.0
 41
0.175
 42
0.125
 43
3.75
 44
0.375
 45
0.0
 46
0.0
 47
0.0
 48
0.0
 49
2.5
140
0.25
141
2.5
142
0.0
143
0.03937007874
144
100.0
145
0.0
146
0.5
147
0.1
148
0.0
 69
0
 70
0
 71
0
 72
0
 73
0
 74
0
 75
0
 76
0
 77
1
 78
12
 79
3
170
0
171
3
172
1
173
0
174
0
175
0
176
0
177
0
178
0
179
2
271
2
272
2
273
2
274
3
275
0
276
0
277
2
278
46
279
2
280
0
281
0
282
0
283
0
284
8
285
0
286
0
288
1
289
3
290
0
340
4C
342
74
371
-2
372
-2
  0
DIMSTYLE
105
7C
330
4
100
AcDbSymbolTableRecord
100
AcDbDimStyleTableRecord
  2
EZ_M_100_H25_CM
 70
0
 40
1.0
 41
0.25
 42
0.125
 43
3.75
 44
0.375
 45
0.0
 46
0.0
 47
0.0
 48
0.0
 49
2.5
140
0.25
141
2.5
142
0.125
143
0.03937007874
144
100.0
145
0.0
146
0.5
147
0.1
148
0.0
 69
0
 70
0
 71
0
 72
0
 73
0
 74
0
 75
0
 76
0
 77
1
 78
12
 79
3
170
0
171
3
172
1
173
0
174
0
175
0
176
0
177
0
178
0
179
2
271
2
272
2
273
2
274
3
275
0
276
0
277
2
278
46
279
2
280
0
281
0
282
0
283
0
284
8
285
0
286
0
288
1
289
3
290
0
340
4C
371
-2
372
-2
  0
DIMSTYLE
105
7D
330
4
100
AcDbSymbolTableRecord
100
AcDbDimStyleTableRecord
  2
EZ_M_50_H25_CM
 70
0
 40
1.0
 41
0.125
 42
0.0625
 43
3.75
 44
0.1875
 45
0.0
 46
0.0
 47
0.0
 48
0.0
 49
2.5
140
0.125
141
2.5
142
0.0625
143
0.03937007874
144
100.0
145
0.0
146
0.5
147
0.05
148
0.0
 69
0
 70
0
 71
0
 72
0
 73
0
 74
0
 75
0
 76
0
 77
1
 78
12
 79
3
170
0
171
3
172
1
173
0
174
0
175
0
176
0
177
0
178
0
179
2
271
2
272
2
273
2
274
3
275
0
276
0
277
2
278
46
279
2
280
0
281
0
282
0
283
0
284
8
285
0
286
0
288
1
289
3
290
0
340
4C
371
-2
372
-2
  0
DIMSTYLE
105
7E
330
4
100
AcDbSymbolTableRecord
100
AcDbDimStyleTableRecord
  2
EZ_M_25_H25_CM
 70
0
 40
1.0
 41
0.0625
 42
0.03125
 43
3.75
 44
0.09375
 45
0.0
 46
0.0
 47
0.0
 48
0.0
 49
2.5
140
0.0625
141
2.5
142
0.03125
143
0.03937007874
144
100.0
145
0.0
146
0.5
147
0.025
148
0.0
 69
0
 70
0
 71
0
 72
0
 73
0
 74
0
 75
0
 76
0
 77
1
 78
12
 79
3
170
0
171
3
172
1
173
0
174
0
175
0
176
0
177
0
178
0
179
2
271
2
272
2
273
2
274
3
275
0
276
0
277
2
278
46
279
2
280
0
281
0
282
0
283
0
284
8
285
0
286
0
288
1
289
3
290
0
340
4C
371
-2
372
-2
  0
DIMSTYLE
105
7F
330
4
100
AcDbSymbolTableRecord
100
AcDbDimStyleTableRecord
  2
EZ_M_20_H25_CM
 70
0
 40
1.0
 41
0.05
 42
0.025
 43
3.75
 44
0.07500000000000001
 45
0.0
 46
0.0
 47
0.0
 48
0.0
 49
2.5
140
0.05
141
2.5
142
0.025
143
0.03937007874
144
100.0
145
0.0
146
0.5
147
0.020000000000000004
148
0.0
 69
0
 70
0
 71
0
 72
0
 73
0
 74
0
 75
0
 76
0
 77
1
 78
12
 79
3
170
0
171
3
172
1
173
0
174
0
175
0
176
0
177
0
178
0
179
2
271
2
272
2
273
2
274
3
275
0
276
0
277
2
278
46
279
2
280
0
281
0
282
0
283
0
284
8
285
0
286
0
288
1
289
3
290
0
340
4C
371
-2
372
-2
  0
DIMSTYLE
105
80
330
4
100
AcDbSymbolTableRecord
100
AcDbDimStyleTableRecord
  2
EZ_M_10_H25_CM
 70
0
 40
1.0
 41
0.025
 42
0.0125
 43
3.75
 44
0.037500000000000006
 45
0.0
 46
0.0
 47
0.0
 48
0.0
 49
2.5
140
0.025
141
2.5
142
0.0125
143
0.03937007874
144
100.0
145
0.0
146
0.5
147
0.010000000000000002
148
0.0
 69
0
 70
0
 71
0
 72
0
 73
0
 74
0
 75
0
 76
0
 77
1
 78
12
 79
3
170
0
171
3
172
1
173
0
174
0
175
0
176
0
177
0
178
0
179
2
271
2
272
2
273
2
274
3
275
0
276
0
277
2
278
46
279
2
280
0
281
0
282
0
283
0
284
8
285
0
286
0
288
1
289
3
290
0
340
4C
371
-2
372
-2
  0
DIMSTYLE
105
81
330
4
100
AcDbSymbolTableRecord
100
AcDbDimStyleTableRecord
  2
EZ_M_5_H25_CM
 70
0
 40
1.0
 41
0.0125
 42
0.00625
 43
3.75
 44
0.018750000000000003
 45
0.0
 46
0.0
 47
0.0
 48
0.0
 49
2.5
140
0.0125
141
2.5
142
0.00625
143
0.03937007874
144
100.0
145
0.0
146
0.5
147
0.005000000000000001
148
0.0
 69
0
 70
0
 71
0
 72
0
 73
0
 74
0
 75
0
 76
0
 77
1
 78
12
 79
3
170
0
171
3
172
1
173
0
174
0
175
0
176
0
177
0
178
0
179
2
271
2
272
2
273
2
274
3
275
0
276
0
277
2
278
46
279
2
280
0
281
0
282
0
283
0
284
8
285
0
286
0
288
1
289
3
290
0
340
4C
371
-2
372
-2
  0
DIMSTYLE
105
82
330
4
100
AcDbSymbolTableRecord
100
AcDbDimStyleTableRecord
  2
EZ_M_1_H25_CM
 70
0
 40
1.0
 41
0.0025
 42
0.00125
 43
3.75
 44
0.00375
 45
0.0
 46
0.0
 47
0.0
 48
0.0
 49
2.5
140
0.0025
141
2.5
142
0.00125
143
0.03937007874
144
100.0
145
0.0
146
0.5
147
0.001
148
0.0
 69
0
 70
0
 71
0
 72
0
 73
0
 74
0
 75
0
 76
0
 77
1
 78
12
 79
3
170
0
171
3
172
1
173
0
174
0
175
0
176
0
177
0
178
0
179
2
271
2
272
2
273
2
274
3
275
0
276
0
277
2
278
46
279
2
280
0
281
0
282
0
283
0
284
8
285
0
286
0
288
1
289
3
290
0
340
4C
371
-2
372
-2
  0
DIMSTYLE
105
83
330
4
100
AcDbSymbolTableRecord
100
AcDbDimStyleTableRecord
  2
EZ_RADIUS
 70
0
 40
1.0
 41
0.25
 42
0.125
 43
3.75
 44
0.375
 45
0.0
 46
0.0
 47
0.0
 48
0.0
 49
2.5
140
0.25
141
0.0
142
0.0
143
0.03937007874
144
100.0
145
0.0
146
0.5
147
0.1
148
0.0
 69
0
 70
0
 71
0
 72
0
 73
0
 74
0
 75
0
 76
0
 77
1
 78
12
 79
3
170
0
171
3
172
0
173
0
174
0
175
0
176
0
177
0
178
0
179
2
271
2
272
2
273
2
274
3
275
0
276
0
277
2
278
46
279
1
280
0
281
0
282
0
283
0
284
8
285
0
286
0
288
1
289
3
290
0
340
4C
342
84
371
-2
372
-2
  0
DIMSTYLE
105
88
330
4
100
AcDbSymbolTableRecord
100
AcDbDimStyleTableRecord
  2
EZ_RADIUS_INSIDE
 70
0
 40
1.0
 41
0.25
 42
0.125
 43
3.75
 44
0.375
 45
0.0
 46
0.0
 47
0.0
 48
0.0
 49
2.5
140
0.25
141
0.0
142
0.0
143
0.03937007874
144
100.0
145
0.0
146
0.5
147
0.1
148
0.0
 69
0
 70
0
 71
0
 72
0
 73
0
 74
0
 75
0
 76
0
 77
0
 78
12
 79
3
170
0
171
3
172
0
173
0
174
1
175
0
176
0
177
0
178
0
179
2
271
2
272
2
273
2
274
3
275
0
276
0
277
2
278
46
279
0
280
0
281
0
282
0
283
0
284
8
285
0
286
0
288
1
289
0
290
0
340
4C
342
84
371
-2
372
-2
  0
DIMSTYLE
105
89
330
4
100
AcDbSymbolTableRecord
100
AcDbDimStyleTableRecord
  2
EZ_CURVED
 70
0
 40
1.0
 41
0.25
 42
0.125
 43
3.75
 44
0.375
 45
0.0
 46
0.0
 47
0.0
 48
0.0
 49
2.5
140
0.25
141
2.5
142
0.0
143
0.03937007874
144
100.0
145
0.0
146
0.5
147
0.1
148
0.0
 69
0
 70
0
 71
0
 72
0
 73
0
 74
0
 75
0
 76
0
 77
1
 78
12
 79
2
 90
2
170
0
171
3
172
1
173
0
174
0
175
0
176
0
177
0
178
0
179
2
271
2
272
2
273
2
274
3
275
0
276
0
277
2
278
46
279
2
280
0
281
0
282
0
283
0
284
8
285
0
286
0
288
1
289
3
290
0
340
4C
371
-2
372
-2
  0
ENDTAB
  0
TABLE
  2
BLOCK_RECORD
  5
9
330
0
100
AcDbSymbolTable
 70
48
  0
BLOCK_RECORD
  5
17
330
9
100
AcDbSymbolTableRecord
100
AcDbBlockTableRecord
  2
*Model_Space
340
1A
 70
0
280
1
281
0
  0
BLOCK_RECORD
  5
1B
330
9
100
AcDbSymbolTableRecord
100
AcDbBlockTableRecord
  2
*Paper_Space
340
1E
 70
0
280
1
281
0
  0
BLOCK_RECORD
  5
74
330
9
100
AcDbSymbolTableRecord
100
AcDbBlockTableRecord
  2
_ARCHTICK
340
0
 70
0
280
1
281
0
  0
BLOCK_RECORD
  5
78
330
9
100
AcDbSymbolTableRecord
100
AcDbBlockTableRecord
  2
_CLOSEDFILLED
340
0
 70
0
280
1
281
0
  0
BLOCK_RECORD
  5
84
330
9
100
AcDbSymbolTableRecord
100
AcDbBlockTableRecord
  2
_CLOSEDBLANK
340
0
 70
0
280
1
281
0
  0
BLOCK_RECORD
  5
8A
330
9
100
AcDbSymbolTableRecord
100
AcDbBlockTableRecord
  2
CHAIR-SASM24
340
0
 70
0
280
1
281
0
  0
BLOCK_RECORD
  5
B0
330
9
100
AcDbSymbolTableRecord
100
AcDbBlockTableRecord
  2
TABLE-1.8X0.8
340
0
 70
0
280
1
281
0
  0
BLOCK_RECORD
  5
B5
330
9
100
AcDbSymbolTableRecord
100
AcDbBlockTableRecord
  2
TENT-PANEL
340
0
 70
0
280
1
281
0
  0
BLOCK_RECORD
  5
D6
330
9
100
AcDbSymbolTableRecord
100
AcDbBlockTableRecord
  2
TENT-5X5
340
0
 70
0
280
1
281
0
  0
BLOCK_RECORD
  5
EB
330
9
100
AcDbSymbolTableRecord
100
AcDbBlockTableRecord
  2
TENT-15X10
340
0
 70
0
280
1
281
0
  0
BLOCK_RECORD
  5
118
330
9
100
AcDbSymbolTableRecord
100
AcDbBlockTableRecord
  2
TENT-20X10
340
0
 70
0
280
1
281
0
  0
BLOCK_RECORD
  5
14D
330
9
100
AcDbSymbolTableRecord
100
AcDbBlockTableRecord
  2
20FT VIP RESTROOM-MDL
340
0
 70
0
280
1
281
0
  0
BLOCK_RECORD
  5
1ED
330
9
100
AcDbSymbolTableRecord
100
AcDbBlockTableRecord
  2
TOILET 20FTx12FT
340
0
 70
0
280
1
281
0
  0
BLOCK_RECORD
  5
265
330
9
100
AcDbSymbolTableRecord
100
AcDbBlockTableRecord
  2
20FT-OFFICE
340
0
 70
0
280
1
281
0
  0
BLOCK_RECORD
  5
289
330
9
100
AcDbSymbolTableRecord
100
AcDbBlockTableRecord
  2
40x2 Office Open
340
0
 70
0
280
1
281
0
  0
BLOCK_RECORD
  5
2C4
330
9
100
AcDbSymbolTableRecord
100
AcDbBlockTableRecord
  2
FRIDGE
340
0
 70
0
280
1
281
0
  0
BLOCK_RECORD
  5
2D4
330
9
100
AcDbSymbolTableRecord
100
AcDbBlockTableRecord
  2
PRINTER
340
0
 70
0
280
1
281
0
  0
BLOCK_RECORD
  5
32C
330
9
100
AcDbSymbolTableRecord
100
AcDbBlockTableRecord
  2
BIN-L
340
0
 70
0
280
1
281
0
  0
BLOCK_RECORD
  5
336
330
9
100
AcDbSymbolTableRecord
100
AcDbBlockTableRecord
  2
BIN-GROUP
340
0
 70
0
280
1
281
0
  0
BLOCK_RECORD
  5
34D
330
9
100
AcDbSymbolTableRecord
100
AcDbBlockTableRecord
  2
Garbage bin_blue_top_dwgmodels.com
340
0
 70
0
280
1
281
0
  0
BLOCK_RECORD
  5
370
330
9
100
AcDbSymbolTableRecord
100
AcDbBlockTableRecord
  2
Male
340
0
 70
0
280
1
281
0
  0
BLOCK_RECORD
  5
375
330
9
100
AcDbSymbolTableRecord
100
AcDbBlockTableRecord
  2
Female
340
0
 70
0
280
1
281
0
  0
BLOCK_RECORD
  5
37A
330
9
100
AcDbSymbolTableRecord
100
AcDbBlockTableRecord
  2
pole-flat-21
340
0
 70
0
280
1
281
0
  0
BLOCK_RECORD
  5
380
330
9
100
AcDbSymbolTableRecord
100
AcDbBlockTableRecord
  2
Toilet Seat-flat-1
340
0
 70
0
280
1
281
0
  0
BLOCK_RECORD
  5
38D
330
9
100
AcDbSymbolTableRecord
100
AcDbBlockTableRecord
  2
*U1241
340
0
 70
0
280
1
281
0
  0
BLOCK_RECORD
  5
455
330
9
100
AcDbSymbolTableRecord
100
AcDbBlockTableRecord
  2
*U1247
340
0
 70
0
280
1
281
0
  0
BLOCK_RECORD
  5
45C
330
9
100
AcDbSymbolTableRecord
100
AcDbBlockTableRecord
  2
WC_1
340
0
 70
0
280
1
281
0
  0
BLOCK_RECORD
  5
46A
330
9
100
AcDbSymbolTableRecord
100
AcDbBlockTableRecord
  2
ROBE-HOOK
340
0
 70
0
280
1
281
0
  0
BLOCK_RECORD
  5
477
330
9
100
AcDbSymbolTableRecord
100
AcDbBlockTableRecord
  2
HANDLE
340
0
 70
0
280
1
281
0
  0
BLOCK_RECORD
  5
47C
330
9
100
AcDbSymbolTableRecord
100
AcDbBlockTableRecord
  2
Vitra S20-UCB
340
0
 70
0
280
1
281
0
  0
BLOCK_RECORD
  5
4AB
330
9
100
AcDbSymbolTableRecord
100
AcDbBlockTableRecord
  2
GRATINGS
340
0
 70
0
280
1
281
0
  0
BLOCK_RECORD
  5
4B1
330
9
100
AcDbSymbolTableRecord
100
AcDbBlockTableRecord
  2
E_LIGHT
340
0
 70
0
280
1
281
0
  0
BLOCK_RECORD
  5
4B8
330
9
100
AcDbSymbolTableRecord
100
AcDbBlockTableRecord
  2
*U1049
340
0
 70
0
280
1
281
0
  0
BLOCK_RECORD
  5
4BF
330
9
100
AcDbSymbolTableRecord
100
AcDbBlockTableRecord
  2
EXHAUST
340
0
 70
0
280
1
281
0
  0
BLOCK_RECORD
  5
4CC
330
9
100
AcDbSymbolTableRecord
100
AcDbBlockTableRecord
  2
WC-BYRNE
340
0
 70
0
280
1
281
0
  0
BLOCK_RECORD
  5
4F9
330
9
100
AcDbSymbolTableRecord
100
AcDbBlockTableRecord
  2
WASH-03
340
0
 70
0
280
1
281
0
  0
BLOCK_RECORD
  5
509
330
9
100
AcDbSymbolTableRecord
100
AcDbBlockTableRecord
  2
*U1053
340
0
 70
0
280
1
281
0
  0
BLOCK_RECORD
  5
510
330
9
100
AcDbSymbolTableRecord
100
AcDbBlockTableRecord
  2
SYMB_1G1W-SWITCH
340
0
 70
0
280
1
281
0
  0
BLOCK_RECORD
  5
516
330
9
100
AcDbSymbolTableRecord
100
AcDbBlockTableRecord
  2
SYMB_OUTLET
340
0
 70
0
280
1
281
0
  0
BLOCK_RECORD
  5
51C
330
9
100
AcDbSymbolTableRecord
100
AcDbBlockTableRecord
  2
ELE-DP
340
0
 70
0
280
1
281
0
  0
BLOCK_RECORD
  5
524
330
9
100
AcDbSymbolTableRecord
100
AcDbBlockTableRecord
  2
WIN 1000
340
0
 70
0
280
1
281
0
  0
BLOCK_RECORD
  5
530
330
9
100
AcDbSymbolTableRecord
100
AcDbBlockTableRecord
  2
*U1043
340
0
 70
0
280
1
281
0
  0
BLOCK_RECORD
  5
537
330
9
100
AcDbSymbolTableRecord
100
AcDbBlockTableRecord
  2
214
340
0
 70
0
280
1
281
0
  0
BLOCK_RECORD
  5
57A
330
9
100
AcDbSymbolTableRecord
100
AcDbBlockTableRecord
  2
*U1060
340
0
 70
0
280
1
281
0
  0
BLOCK_RECORD
  5
5D9
330
9
100
AcDbSymbolTableRecord
100
AcDbBlockTableRecord
  2
GD
340
0
 70
0
280
1
281
0
  0
BLOCK_RECORD
  5
5F0
330
9
100
AcDbSymbolTableRecord
100
AcDbBlockTableRecord
  2
base dm
340
0
 70
0
280
1
281
0
  0
BLOCK_RECORD
  5
604
330
9
100
AcDbSymbolTableRecord
100
AcDbBlockTableRecord
  2
WC-QH
340
0
 70
0
280
1
281
0
  0
BLOCK_RECORD
  5
647
330
9
100
AcDbSymbolTableRecord
100
AcDbBlockTableRecord
  2
CLM
340
0
 70
0
280
1
281
0
  0
ENDTAB
  0
ENDSEC
  0
SECTION
  2
BLOCKS
  0
BLOCK
  5
18
330
17
100
AcDbEntity
  8
0
100
AcDbBlockBegin
  2
*Model_Space
 70
0
 10
0.0
 20
0.0
 30
0.0
  3
*Model_Space
  1

  0
ENDBLK
  5
19
330
17
100
AcDbEntity
  8
0
100
AcDbBlockEnd
  0
BLOCK
  5
1C
330
1B
100
AcDbEntity
  8
0
100
AcDbBlockBegin
  2
*Paper_Space
 70
0
 10
0.0
 20
0.0
 30
0.0
  3
*Paper_Space
  1

  0
ENDBLK
  5
1D
330
1B
100
AcDbEntity
  8
0
100
AcDbBlockEnd
  0
BLOCK
  5
75
330
74
100
AcDbEntity
  8
0
100
AcDbBlockBegin
  2
_ARCHTICK
 70
0
 10
0.0
 20
0.0
 30
0.0
  3
_ARCHTICK
  1

  0
LWPOLYLINE
  5
77
330
74
100
AcDbEntity
  8
0
  6
BYBLOCK
 62
0
100
AcDbPolyline
 90
2
 70
0
 43
0.15
 10
-0.5
 20
-0.5
 10
0.5
 20
0.5
  0
ENDBLK
  5
76
330
74
100
AcDbEntity
  8
0
100
AcDbBlockEnd
  0
BLOCK
  5
79
330
78
100
AcDbEntity
  8
0
100
AcDbBlockBegin
  2
_CLOSEDFILLED
 70
0
 10
0.0
 20
0.0
 30
0.0
  3
_CLOSEDFILLED
  1

  0
SOLID
  5
7B
330
78
100
AcDbEntity
  8
0
  6
BYBLOCK
 62
0
100
AcDbTrace
 10
-1.0
 20
0.16439898372402537
 30
0.0
 11
0.0
 21
0.0
 31
0.0
 12
-1.0
 22
-0.16439898372402537
 32
0.0
 13
-1.0
 23
-0.16439898372402537
 33
0.0
  0
ENDBLK
  5
7A
330
78
100
AcDbEntity
  8
0
100
AcDbBlockEnd
  0
BLOCK
  5
85
330
84
100
AcDbEntity
  8
0
100
AcDbBlockBegin
  2
_CLOSEDBLANK
 70
0
 10
0.0
 20
0.0
 30
0.0
  3
_CLOSEDBLANK
  1

  0
LWPOLYLINE
  5
87
330
84
100
AcDbEntity
  8
0
  6
BYBLOCK
 62
0
100
AcDbPolyline
 90
3
 70
1
 10
-1.0
 20
0.16439898372402537
 10
0.0
 20
0.0
 10
-1.0
 20
-0.16439898372402537
  0
ENDBLK
  5
86
330
84
100
AcDbEntity
  8
0
100
AcDbBlockEnd
  0
BLOCK
  5
8B
330
8A
100
AcDbEntity
  8
0
100
AcDbBlockBegin
  2
CHAIR-SASM24
 70
0
 10
0.0
 20
0.0
 30
0.0
  3
CHAIR-SASM24
  1

  0
ARC
  5
8D
330
8A
100
AcDbEntity
  8
0
100
AcDbCircle
 10
-0.224403724540025
 20
0.0904212973546237
 30
-7.958e-13
 40
0.0133624348843267
100
AcDbArc
 50
180.0000022778414
 51
2.2778414078e-06
  0
ARC
  5
8E
330
8A
100
AcDbEntity
  8
0
100
AcDbCircle
 10
-0.224403724540025
 20
0.0904212973546237
 30
-7.958e-13
 40
0.0133624348843267
100
AcDbArc
 50
141.2752133818776
 51
180.0000022778414
  0
ARC
  5
8F
330
8A
100
AcDbEntity
  8
0
100
AcDbCircle
 10
-0.224403724540025
 20
0.0904212973546237
 30
-7.958e-13
 40
0.0133624348843267
100
AcDbArc
 50
2.2778414078e-06
 51
38.72479057969779
  0
LINE
  5
90
330
8A
100
AcDbEntity
  8
0
100
AcDbLine
 10
-0.1625721366144717
 20
0.3548303791321814
 30
-5.1159e-12
 11
0.1687702788040042
 21
0.3548303784336895
 31
-4.5475e-12
  0
ARC
  5
91
330
8A
100
AcDbEntity
  8
0
100
AcDbCircle
 10
-0.0063133407384157
 20
0.0504741333425045
 30
6.821e-13
 40
0.422516643582105
100
AcDbArc
 50
67.01328694432328
 51
88.80579225739213
  0
ARC
  5
92
330
8A
100
AcDbEntity
  8
0
100
AcDbCircle
 10
-0.2028238899074495
 20
0.4799035124015063
 30
0.0
 40
0.0126332458814191
100
AcDbArc
 50
358.612849503993
 51
180.0000022778414
  0
ARC
  5
93
330
8A
100
AcDbEntity
  8
0
100
AcDbCircle
 10
-0.2028238899074495
 20
0.4799035124015063
 30
0.0
 40
0.0126332458814191
100
AcDbArc
 50
180.0000022778414
 51
219.8726953347041
  0
ARC
  5
94
330
8A
100
AcDbEntity
  8
0
100
AcDbCircle
 10
-0.2028238899074495
 20
0.4799035124015063
 30
0.0
 40
0.0126332458814191
100
AcDbArc
 50
320.1072044134109
 51
1.387155062940461
  0
ARC
  5
95
330
8A
100
AcDbEntity
  8
0
100
AcDbCircle
 10
0.0117062740027905
 20
0.0504741335753352
 30
-1.0232e-12
 40
0.422516643582105
100
AcDbArc
 50
91.19419239802221
 51
112.9867137195821
  0
CIRCLE
  5
96
330
8A
100
AcDbEntity
  8
0
100
AcDbCircle
 10
-0.2028277744539082
 20
0.331167200638447
 30
-4.7748e-12
 40
0.0096917678062478
  0
LINE
  5
97
330
8A
100
AcDbEntity
  8
0
100
AcDbLine
 10
0.1993292369879782
 20
0.3627804832067341
 30
-4.4338e-12
 11
0.1928952685557306
 21
0.362780483381357
 31
-4.4338e-12
  0
LINE
  5
98
330
8A
100
AcDbEntity
  8
0
100
AcDbLine
 10
0.1993292383849621
 20
0.3383004838833585
 30
-4.6612e-12
 11
0.1935474472120404
 21
0.3383004837087355
 31
-4.8885e-12
  0
ARC
  5
99
330
8A
100
AcDbEntity
  8
0
100
AcDbCircle
 10
0.2306018816307187
 20
0.090421304688789
 30
-7.958e-13
 40
0.0133624348843267
100
AcDbArc
 50
179.9999995931235
 51
359.9999995931235
  0
ARC
  5
9A
330
8A
100
AcDbEntity
  8
0
100
AcDbCircle
 10
0.2306018816307187
 20
0.090421304688789
 30
-7.958e-13
 40
0.0133624348843267
100
AcDbArc
 50
359.9999995931235
 51
38.72478847024185
  0
ARC
  5
9B
330
8A
100
AcDbEntity
  8
0
100
AcDbCircle
 10
0.2306018816307187
 20
0.090421304688789
 30
-7.958e-13
 40
0.0133624348843267
100
AcDbArc
 50
141.2752113188125
 51
179.9999995931235
  0
ARC
  5
9C
330
8A
100
AcDbEntity
  8
0
100
AcDbCircle
 10
0.2090220297686756
 20
0.4799035188625567
 30
0.0
 40
0.0126332458814191
100
AcDbArc
 50
359.9999995931235
 51
181.3871523643812
  0
ARC
  5
9D
330
8A
100
AcDbEntity
  8
0
100
AcDbCircle
 10
0.2090220297686756
 20
0.4799035188625567
 30
0.0
 40
0.0126332458814191
100
AcDbArc
 50
320.1273065603856
 51
359.9999995931235
  0
ARC
  5
9E
330
8A
100
AcDbEntity
  8
0
100
AcDbCircle
 10
0.2090220297686756
 20
0.4799035188625567
 30
0.0
 40
0.0126332458814191
100
AcDbArc
 50
178.612846808122
 51
219.8927974543376
  0
CIRCLE
  5
9F
330
8A
100
AcDbEntity
  8
0
100
AcDbCircle
 10
0.209025920368731
 20
0.3311672072159126
 30
-4.7748e-12
 40
0.0096917678062478
  0
LINE
  5
A0
330
8A
100
AcDbEntity
  8
0
100
AcDbLine
 10
0.1929338243789971
 20
0.3374500946956687
 30
-4.8885e-12
 11
0.1586868544109166
 21
0.4394410300883465
 31
-4.2064e-12
  0
LINE
  5
A1
330
8A
100
AcDbEntity
  8
0
100
AcDbLine
 10
-0.1875409171916544
 20
0.3374500947538763
 30
-4.8885e-12
 11
-0.1532939402386546
 21
0.439441031543538
 31
-4.3201e-12
  0
ARC
  5
A2
330
8A
100
AcDbEntity
  8
0
100
AcDbCircle
 10
0.1933755786158144
 20
0.0300721685634926
 30
-1.1369e-12
 40
0.009792
100
AcDbArc
 50
282.314864355231
 51
1.907891976644655
  0
LINE
  5
A3
330
8A
100
AcDbEntity
  8
0
100
AcDbLine
 10
-0.1931310938671231
 20
0.362780477036722
 30
-4.4338e-12
 11
-0.1866971259005368
 21
0.3627804772695526
 31
-4.4338e-12
  0
LINE
  5
A4
330
8A
100
AcDbEntity
  8
0
100
AcDbLine
 10
-0.1931310947984457
 20
0.3383004776551388
 30
-4.6612e-12
 11
-0.187349303625524
 21
0.3383004776551388
 31
-4.7748e-12
  0
LWPOLYLINE
  5
A5
330
8A
100
AcDbEntity
  8
0
100
AcDbPolyline
 90
8
 70
1
 10
0.2034324564539875
 20
0.0222833199944812
 10
0.1911924565210938
 20
0.3897256816271692
 10
0.1671431541709591
 20
0.4464584861767463
 42
0.0983199676224438
 10
0.002696461047559
 20
0.4826888794902695
 42
0.0983199777732225
 10
-0.1617502470638401
 20
0.4464584749516842
 10
-0.1857995460741222
 20
0.3897256814525463
 10
-0.1980395444595849
 20
0.022283323924862
 42
0.0568416957430575
 10
0.0026964938581089
 20
4.0796728543e-06
 42
0.056841674301972
  0
LWPOLYLINE
  5
A6
330
8A
100
AcDbEntity
  8
0
100
AcDbPolyline
 90
2
 70
0
 10
-0.1977692189156934
 20
0.0303981723688104
 42
0.361960460674387
 10
-0.1900711253806249
 20
0.0205054806051107
  0
HATCH
  5
A7
330
8A
100
AcDbEntity
  8
0
 62
254
420
14150610
440
33554559
100
AcDbHatch
 10
0.0
 20
0.0
 30
0.0
210
0.0
220
0.0
230
1.0
  2
SOLID
 70
1
 71
0
 91
1
 92
1
 93
8
 72
1
 10
0.2034324564539875
 20
0.0222833199944812
 11
0.1911924565210938
 21
0.3897256816271692
 72
1
 10
0.1911924565210938
 20
0.3897256816271692
 11
0.1671431541709591
 21
0.4464584861767463
 72
2
 10
-0.0063133407384156
 20
0.0504741333425065
 40
0.4323086435821029
 50
66.34471794970673
 51
88.80580459797409
 73
1
 72
2
 10
0.0117062740027907
 20
0.0504741335753347
 40
0.4323086435821054
 50
91.19419688265862
 51
113.6552858350396
 73
1
 72
1
 10
-0.1617502470638401
 20
0.4464584749516842
 11
-0.1857995460741222
 21
0.3897256814525463
 72
1
 10
-0.1857995460741222
 20
0.3897256814525463
 11
-0.1980395444595849
 21
0.022283323924862
 72
2
 10
-1.3e-15
 20
0.891164353466587
 40
0.8911643533418779
 50
257.1602123496771
 51
270.1733663972594
 73
1
 72
2
 10
0.0053929300047446
 20
0.8911643536412237
 40
0.8911643533418917
 50
269.826637313211
 51
282.8397864626842
 73
1
 97
0
 75
1
 76
1
 98
1
 10
0.0
 20
0.0
450
0
451
0
460
0.0
461
0.0
452
0
462
0.0
453
2
463
0
 63
5
421
255
463
1
 63
2
421
16776960
470
LINEAR
  0
LWPOLYLINE
  5
A8
330
8A
100
AcDbEntity
  8
0
100
AcDbPolyline
 90
4
 70
1
 10
0.2410267251543702
 20
0.3548303366713615
 42
0.9232885902123237
 10
0.2201770525425671
 20
0.3548304240941058
 10
0.2201770534739315
 20
0.0904094612546214
 42
0.9994321226185438
 10
0.2410267165150454
 20
0.0904213047071496
  0
HATCH
  5
A9
330
8A
100
AcDbEntity
  8
0
 62
254
420
14150610
440
33554559
100
AcDbHatch
 10
0.0
 20
0.0
 30
0.0
210
0.0
220
0.0
230
1.0
  2
SOLID
 70
1
 71
0
 91
1
 92
1
 93
4
 72
2
 10
0.230601885356009
 20
0.3539974548039027
 40
0.010458057994993
 50
4.567884931055681
 51
175.4316345861691
 73
1
 72
1
 10
0.2201770525425671
 20
0.3548304240941058
 11
0.2201770534739315
 21
0.0904094612546214
 72
2
 10
0.2306018816307187
 20
0.0904213046887911
 40
0.0104248348843267
 50
180.065092535888
 51
360.0000001009002
 73
1
 72
1
 10
0.2410267165150454
 20
0.0904213047071496
 11
0.2410267251543702
 21
0.3548303366713614
 97
0
 75
1
 76
1
 98
1
 10
0.0
 20
0.0
450
0
451
0
460
0.0
461
0.0
452
0
462
0.0
453
2
463
0
 63
5
421
255
463
1
 63
2
421
16776960
470
LINEAR
  0
HATCH
  5
AA
330
8A
100
AcDbEntity
  8
0
 62
254
420
14150610
440
33554559
100
AcDbHatch
 10
0.0
 20
0.0
 30
-7.958e-13
210
0.0
220
0.0
230
1.0
  2
SOLID
 70
1
 71
0
 91
1
 92
1
 93
4
 72
2
 10
-0.2244096421275063
 20
0.353997445787845
 40
0.010458057994993
 50
4.567884931055681
 51
175.4316345861691
 73
1
 72
1
 10
-0.2348344749409482
 20
0.3548304150780481
 11
-0.2348344740095837
 21
0.0904094522385638
 72
2
 10
-0.2244096458527966
 20
0.0904212956727334
 40
0.0104248348843267
 50
180.065092535888
 51
360.0000001009002
 73
1
 72
1
 10
-0.2139848109684698
 20
0.090421295691092
 11
-0.2139848023291451
 21
0.3548303276553038
 97
0
 75
1
 76
1
 98
1
 10
-0.4550115274835153
 20
-9.0160577e-09
450
0
451
0
460
0.0
461
0.0
452
0
462
0.0
453
2
463
0
 63
5
421
255
463
1
 63
2
421
16776960
470
LINEAR
  0
LWPOLYLINE
  5
AB
330
8A
100
AcDbEntity
  8
0
100
AcDbPolyline
 90
4
 70
1
 10
-0.2139848023291451
 20
0.3548303276553039
 42
0.9232885902123237
 10
-0.2348344749409482
 20
0.3548304150780481
 10
-0.2348344740095837
 20
0.0904094522385637
 42
0.9994321226185438
 10
-0.2139848109684698
 20
0.090421295691092
  0
LWPOLYLINE
  5
AC
330
8A
100
AcDbEntity
  8
0
100
AcDbPolyline
 90
4
 70
1
 10
-0.212519542260156
 20
0.331167200638447
 42
-0.9997462083017314
 10
-0.1931310853936994
 20
0.331167200638447
 10
-0.1931310853936994
 20
0.4796688004160754
 42
1.024359511753579
 10
-0.212519542260156
 20
0.4796688004160754
  0
HATCH
  5
AD
330
8A
100
AcDbEntity
  8
0
 62
254
420
14150610
440
33554559
100
AcDbHatch
 10
0.0
 20
0.0
 30
0.0
210
0.0
220
0.0
230
1.0
  2
SOLID
 70
1
 71
0
 91
1
 92
1
 93
4
 72
2
 10
-0.2028253138269277
 20
0.3311647400114665
 40
0.0096942287455113
 50
180.0145430385594
 51
359.9854569614406
 73
0
 72
1
 10
-0.1931310853936994
 20
0.331167200638447
 11
-0.1931310853936994
 21
0.4796688004160754
 72
2
 10
-0.2028253138269277
 20
0.4799021392756536
 40
0.0096970362451112
 50
358.6211640297946
 51
541.3788359702054
 73
1
 72
1
 10
-0.212519542260156
 20
0.4796688004160754
 11
-0.212519542260156
 21
0.331167200638447
 97
0
 75
1
 76
1
 98
1
 10
0.0
 20
0.0
450
0
451
0
460
0.0
461
0.0
452
0
462
0.0
453
2
463
0
 63
5
421
255
463
1
 63
2
421
16776960
470
LINEAR
  0
HATCH
  5
AE
330
8A
100
AcDbEntity
  8
0
 62
254
420
14150610
440
33554559
100
AcDbHatch
 10
0.0
 20
0.0
 30
0.0
210
0.0
220
0.0
230
1.0
  2
SOLID
 70
1
 71
0
 91
1
 92
1
 93
4
 72
2
 10
0.2090206058491973
 20
0.3311647464725169
 40
0.0096942287455113
 50
180.0145430385594
 51
359.9854569614406
 73
0
 72
1
 10
0.2187148342824256
 20
0.3311672070994973
 11
0.2187148342824256
 21
0.4796688068771258
 72
2
 10
0.2090206058491973
 20
0.479902145736704
 40
0.0096970362451112
 50
358.6211640297946
 51
541.3788359702054
 73
1
 72
1
 10
0.199326377415969
 20
0.4796688068771258
 11
0.199326377415969
 21
0.3311672070994973
 97
0
 75
1
 76
1
 98
1
 10
0.4118459196761251
 20
6.4610504e-09
450
0
451
0
460
0.0
461
0.0
452
0
462
0.0
453
2
463
0
 63
5
421
255
463
1
 63
2
421
16776960
470
LINEAR
  0
LWPOLYLINE
  5
AF
330
8A
100
AcDbEntity
  8
0
100
AcDbPolyline
 90
4
 70
1
 10
0.199326377415969
 20
0.3311672070994973
 42
-0.9997462083017314
 10
0.2187148342824256
 20
0.3311672070994973
 10
0.2187148342824256
 20
0.4796688068771258
 42
1.024359511753579
 10
0.199326377415969
 20
0.4796688068771258
  0
ENDBLK
  5
8C
330
8A
100
AcDbEntity
  8
0
100
AcDbBlockEnd
  0
BLOCK
  5
B1
330
B0
100
AcDbEntity
  8
0
100
AcDbBlockBegin
  2
TABLE-1.8X0.8
 70
0
 10
0.0
 20
0.0
 30
0.0
  3
TABLE-1.8X0.8
  1

  0
LWPOLYLINE
  5
B3
330
B0
100
AcDbEntity
  8
0
100
AcDbPolyline
 90
4
 70
1
 10
-0.9000000008381903
 20
-0.4000000000232831
 10
0.8999999989755451
 20
-0.3999999999068677
 10
0.8999999989755451
 20
0.4000000000232831
 10
-0.900000000372529
 20
0.3999999999650754
  0
HATCH
  5
B4
330
B0
100
AcDbEntity
  8
0
 62
31
420
16698470
440
33554559
100
AcDbHatch
 10
0.0
 20
0.0
 30
0.0
210
0.0
220
0.0
230
1.0
  2
SOLID
 70
1
 71
0
 91
1
 92
1
 93
4
 72
1
 10
-0.9000000008381903
 20
-0.4000000000232831
 11
0.8999999989755451
 21
-0.3999999999068677
 72
1
 10
0.8999999989755451
 20
-0.3999999999068677
 11
0.8999999989755451
 21
0.4000000000232831
 72
1
 10
0.8999999989755451
 20
0.4000000000232831
 11
-0.900000000372529
 21
0.3999999999650754
 72
1
 10
-0.900000000372529
 20
0.3999999999650754
 11
-0.9000000008381903
 21
-0.4000000000232831
 97
0
 75
1
 76
1
 98
1
 10
0.0
 20
0.0
450
0
451
0
460
0.0
461
0.0
452
0
462
0.0
453
2
463
0
 63
5
421
255
463
1
 63
2
421
16776960
470
LINEAR
  0
ENDBLK
  5
B2
330
B0
100
AcDbEntity
  8
0
100
AcDbBlockEnd
  0
BLOCK
  5
B6
330
B5
100
AcDbEntity
  8
0
100
AcDbBlockBegin
  2
TENT-PANEL
 70
0
 10
0.0
 20
0.0
 30
0.0
  3
TENT-PANEL
  1

  0
LINE
  5
B8
330
B5
100
AcDbEntity
  8
0
370
15
100
AcDbLine
 10
899.9986584831495
 20
-20.00000000011642
 30
1.915e-13
 11
99.99985094275326
 21
-20.00000000034924
 31
1.13e-14
  0
LINE
  5
B9
330
B5
100
AcDbEntity
  8
0
370
15
100
AcDbLine
 10
99.99985094275326
 20
-5.000000000349245
 30
1.13e-14
 11
899.9986584831495
 21
-5.000000000116415
 31
1.915e-13
  0
LWPOLYLINE
  5
BA
330
B5
100
AcDbEntity
  8
0
100
AcDbPolyline
 90
8
 70
1
 10
49.99992547137662
 20
-20.00000000034924
 10
99.99985094275326
 20
-20.00000000034924
 10
99.99985094275326
 20
-5.000000000349245
 10
49.99992547137662
 20
-5.000000000349245
 10
49.99992547137662
 20
0.0
 10
0.0
 20
0.0
 10
0.0
 20
-25.00000000046566
 10
49.99992547137662
 20
-25.00000000046566
  0
LWPOLYLINE
  5
BB
330
B5
100
AcDbEntity
  8
0
100
AcDbPolyline
 90
8
 70
1
 10
949.998583954526
 20
-20.00000000034924
 10
899.9986584831495
 20
-20.00000000034924
 10
899.9986584831495
 20
-5.000000000349245
 10
949.998583954526
 20
-5.000000000349245
 10
949.998583954526
 20
0.0
 10
999.9985094259027
 20
0.0
 10
999.9985094259027
 20
-25.00000000046566
 10
949.998583954526
 20
-25.00000000046566
  0
LINE
  5
BC
330
B5
100
AcDbEntity
  8
0
100
AcDbLine
 10
949.998583954526
 20
-25.00000000046566
 30
2.028e-13
 11
49.99992547137662
 21
-25.00000000046566
 31
0.0
  0
LINE
  5
BD
330
B5
100
AcDbEntity
  8
0
100
AcDbLine
 10
49.99992547137662
 20
0.0
 30
0.0
 11
949.998583954526
 21
0.0
 31
2.028e-13
  0
LINE
  5
BE
330
B5
100
AcDbEntity
  8
0
370
15
100
AcDbLine
 10
1899.997167909052
 20
-20.00000000011642
 30
4.169e-13
 11
1099.998360368656
 21
-20.00000000034924
 31
2.366e-13
  0
LINE
  5
BF
330
B5
100
AcDbEntity
  8
0
370
15
100
AcDbLine
 10
1099.998360368656
 20
-5.000000000349245
 30
2.366e-13
 11
1899.997167909052
 21
-5.000000000116415
 31
4.169e-13
  0
LWPOLYLINE
  5
C0
330
B5
100
AcDbEntity
  8
0
100
AcDbPolyline
 90
8
 70
1
 10
1049.998434897279
 20
-20.00000000034924
 10
1099.998360368656
 20
-20.00000000034924
 10
1099.998360368656
 20
-5.000000000349245
 10
1049.998434897279
 20
-5.000000000349245
 10
1049.998434897279
 20
0.0
 10
999.9985094259027
 20
0.0
 10
999.9985094259027
 20
-25.00000000046566
 10
1049.998434897279
 20
-25.00000000046566
  0
LWPOLYLINE
  5
C1
330
B5
100
AcDbEntity
  8
0
100
AcDbPolyline
 90
8
 70
1
 10
1949.997093380429
 20
-20.00000000034924
 10
1899.997167909052
 20
-20.00000000034924
 10
1899.997167909052
 20
-5.000000000349245
 10
1949.997093380429
 20
-5.000000000349245
 10
1949.997093380429
 20
0.0
 10
1999.997018851805
 20
0.0
 10
1999.997018851805
 20
-25.00000000046566
 10
1949.997093380429
 20
-25.00000000046566
  0
LINE
  5
C2
330
B5
100
AcDbEntity
  8
0
100
AcDbLine
 10
1949.997093380429
 20
-25.00000000046566
 30
4.281e-13
 11
1049.998434897279
 21
-25.00000000046566
 31
2.253e-13
  0
LINE
  5
C3
330
B5
100
AcDbEntity
  8
0
100
AcDbLine
 10
1049.998434897279
 20
0.0
 30
2.253e-13
 11
1949.997093380429
 21
0.0
 31
4.281e-13
  0
LINE
  5
C4
330
B5
100
AcDbEntity
  8
0
370
15
100
AcDbLine
 10
2899.995677334955
 20
-20.00000000011642
 30
8.675e-13
 11
2099.996869794559
 21
-20.00000000034924
 31
6.873e-13
  0
LINE
  5
C5
330
B5
100
AcDbEntity
  8
0
370
15
100
AcDbLine
 10
2099.996869794559
 20
-5.000000000349245
 30
6.873e-13
 11
2899.995677334955
 21
-5.000000000116415
 31
8.675e-13
  0
LWPOLYLINE
  5
C6
330
B5
100
AcDbEntity
  8
0
100
AcDbPolyline
 90
8
 70
1
 10
2049.996944323182
 20
-20.00000000034924
 10
2099.996869794559
 20
-20.00000000034924
 10
2099.996869794559
 20
-5.000000000349245
 10
2049.996944323182
 20
-5.000000000349245
 10
2049.996944323182
 20
0.0
 10
1999.997018851805
 20
0.0
 10
1999.997018851805
 20
-25.00000000046566
 10
2049.996944323182
 20
-25.00000000046566
  0
LWPOLYLINE
  5
C7
330
B5
100
AcDbEntity
  8
0
100
AcDbPolyline
 90
8
 70
1
 10
2949.995602806332
 20
-20.00000000034924
 10
2899.995677334955
 20
-20.00000000034924
 10
2899.995677334955
 20
-5.000000000349245
 10
2949.995602806332
 20
-5.000000000349245
 10
2949.995602806332
 20
0.0
 10
2999.995528277708
 20
0.0
 10
2999.995528277708
 20
-25.00000000046566
 10
2949.995602806332
 20
-25.00000000046566
  0
LINE
  5
C8
330
B5
100
AcDbEntity
  8
0
100
AcDbLine
 10
2949.995602806332
 20
-25.00000000046566
 30
8.788e-13
 11
2049.996944323182
 21
-25.00000000046566
 31
6.76e-13
  0
LINE
  5
C9
330
B5
100
AcDbEntity
  8
0
100
AcDbLine
 10
2049.996944323182
 20
0.0
 30
6.76e-13
 11
2949.995602806332
 21
0.0
 31
8.788e-13
  0
LINE
  5
CA
330
B5
100
AcDbEntity
  8
0
370
15
100
AcDbLine
 10
3899.994186760858
 20
-20.00000000011642
 30
1.5435e-12
 11
3099.995379220461
 21
-20.00000000034924
 31
1.3633e-12
  0
LINE
  5
CB
330
B5
100
AcDbEntity
  8
0
370
15
100
AcDbLine
 10
3099.995379220461
 20
-5.000000000349245
 30
1.3633e-12
 11
3899.994186760858
 21
-5.000000000116415
 31
1.5435e-12
  0
LWPOLYLINE
  5
CC
330
B5
100
AcDbEntity
  8
0
100
AcDbPolyline
 90
8
 70
1
 10
3049.995453749085
 20
-20.00000000034924
 10
3099.995379220461
 20
-20.00000000034924
 10
3099.995379220461
 20
-5.000000000349245
 10
3049.995453749085
 20
-5.000000000349245
 10
3049.995453749085
 20
0.0
 10
2999.995528277708
 20
0.0
 10
2999.995528277708
 20
-25.00000000046566
 10
3049.995453749085
 20
-25.00000000046566
  0
LWPOLYLINE
  5
CD
330
B5
100
AcDbEntity
  8
0
100
AcDbPolyline
 90
8
 70
1
 10
3949.994112232235
 20
-20.00000000034924
 10
3899.994186760858
 20
-20.00000000034924
 10
3899.994186760858
 20
-5.000000000349245
 10
3949.994112232235
 20
-5.000000000349245
 10
3949.994112232235
 20
0.0
 10
3999.994037703611
 20
0.0
 10
3999.994037703611
 20
-25.00000000046566
 10
3949.994112232235
 20
-25.00000000046566
  0
LINE
  5
CE
330
B5
100
AcDbEntity
  8
0
100
AcDbLine
 10
3949.994112232235
 20
-25.00000000046566
 30
1.5548e-12
 11
3049.995453749085
 21
-25.00000000046566
 31
1.352e-12
  0
LINE
  5
CF
330
B5
100
AcDbEntity
  8
0
100
AcDbLine
 10
3049.995453749085
 20
0.0
 30
1.352e-12
 11
3949.994112232235
 21
0.0
 31
1.5548e-12
  0
LINE
  5
D0
330
B5
100
AcDbEntity
  8
0
370
15
100
AcDbLine
 10
4899.99269618676
 20
-20.00000000011642
 30
2.4449e-12
 11
4099.993888646364
 21
-20.00000000034924
 31
2.2646e-12
  0
LINE
  5
D1
330
B5
100
AcDbEntity
  8
0
370
15
100
AcDbLine
 10
4099.993888646364
 20
-5.000000000349245
 30
2.2646e-12
 11
4899.99269618676
 21
-5.000000000116415
 31
2.4449e-12
  0
LWPOLYLINE
  5
D2
330
B5
100
AcDbEntity
  8
0
100
AcDbPolyline
 90
8
 70
1
 10
4049.993963174987
 20
-20.00000000034924
 10
4099.993888646364
 20
-20.00000000034924
 10
4099.993888646364
 20
-5.000000000349245
 10
4049.993963174987
 20
-5.000000000349245
 10
4049.993963174987
 20
0.0
 10
3999.994037703611
 20
0.0
 10
3999.994037703611
 20
-25.00000000046566
 10
4049.993963174987
 20
-25.00000000046566
  0
LWPOLYLINE
  5
D3
330
B5
100
AcDbEntity
  8
0
100
AcDbPolyline
 90
8
 70
1
 10
4949.992621658137
 20
-20.00000000034924
 10
4899.99269618676
 20
-20.00000000034924
 10
4899.99269618676
 20
-5.000000000349245
 10
4949.992621658137
 20
-5.000000000349245
 10
4949.992621658137
 20
0.0
 10
4999.992547129513
 20
0.0
 10
4999.992547129513
 20
-25.00000000046566
 10
4949.992621658137
 20
-25.00000000046566
  0
LINE
  5
D4
330
B5
100
AcDbEntity
  8
0
100
AcDbLine
 10
4949.992621658137
 20
-25.00000000046566
 30
2.4561e-12
 11
4049.993963174987
 21
-25.00000000046566
 31
2.2533e-12
  0
LINE
  5
D5
330
B5
100
AcDbEntity
  8
0
100
AcDbLine
 10
4049.993963174987
 20
0.0
 30
2.2533e-12
 11
4949.992621658137
 21
0.0
 31
2.4561e-12
  0
ENDBLK
  5
B7
330
B5
100
AcDbEntity
  8
0
100
AcDbBlockEnd
  0
BLOCK
  5
D7
330
D6
100
AcDbEntity
  8
0
100
AcDbBlockBegin
  2
TENT-5X5
 70
0
 10
0.0
 20
0.0
 30
0.0
  3
TENT-5X5
  1

  0
MTEXT
  5
D9
330
D6
100
AcDbEntity
  8
15-TEXT
100
AcDbMText
 10
-600.0000040382147
 20
-1899.996484756441
 30
-7.276e-12
 40
300.0
 41
0.0
 46
1341.859936334699
 71
5
 72
5
  1
TENT\P\pxqc;5X5
  7
Dubai
210
-0.008014233823946
220
0.0001570613909503
230
0.999967873177901
 11
0.9999678855116451
 21
0.0
 31
0.0080142339227947
 90
2
  0
LWPOLYLINE
  5
DA
330
D6
100
AcDbEntity
  8
0
  6
HIDDEN2
100
AcDbPolyline
 90
4
 70
1
 10
-4999.992504075169
 20
-2500.010158300167
 10
-4999.992496028543
 20
2499.982810735935
 10
4.0382146835e-06
 20
2499.99648475647
 10
-4.0382146835e-06
 20
-2499.99648475647
  0
INSERT
  5
DB
330
D6
100
AcDbEntity
  8
14-BOH
100
AcDbBlockReference
  2
*U1241
 10
-4.0379818529e-06
 20
-2522.49648475647
 30
-4.547e-13
 50
180.0
  0
INSERT
  5
DD
330
D6
100
AcDbEntity
  8
14-BOH
100
AcDbBlockReference
  2
*U1241
 10
0.0136861363425851
 20
2522.496485032287
 30
-4.547e-13
  0
INSERT
  5
DF
330
D6
100
AcDbEntity
  8
14-BOH
100
AcDbBlockReference
  2
*U1241
 10
-4999.992504089838
 20
-2522.510158538586
 30
-4.547e-13
 50
180.0
  0
INSERT
  5
E1
330
D6
100
AcDbEntity
  8
14-BOH
100
AcDbBlockReference
  2
*U1241
 10
-4999.978813915514
 20
2522.482811250171
 30
-4.547e-13
  0
INSERT
  5
E3
330
D6
100
AcDbEntity
  8
14-BOH
100
AcDbBlockReference
  2
TENT-PANEL
 10
-4999.507442951202
 20
-2607.010158538527
 30
-4.547e-13
  0
INSERT
  5
E5
330
D6
100
AcDbEntity
  8
14-BOH
100
AcDbBlockReference
  2
TENT-PANEL
 10
57.01368613610975
 20
-2500.009688801598
 30
0.0
 50
90.0
  0
INSERT
  5
E7
330
D6
100
AcDbEntity
  8
14-BOH
100
AcDbBlockReference
  2
TENT-PANEL
 10
0.0137332137674093
 20
2606.982811250099
 30
0.0
 50
180.0
  0
INSERT
  5
E9
330
D6
100
AcDbEntity
  8
14-BOH
100
AcDbBlockReference
  2
TENT-PANEL
 10
-5056.978813915747
 20
2499.982811250259
 30
0.0
 50
270.0
  0
ENDBLK
  5
D8
330
D6
100
AcDbEntity
  8
0
100
AcDbBlockEnd
  0
BLOCK
  5
EC
330
EB
100
AcDbEntity
  8
0
100
AcDbBlockBegin
  2
TENT-15X10
 70
0
 10
0.0
 20
0.0
 30
0.0
  3
TENT-15X10
  1

  0
LWPOLYLINE
  5
EE
330
EB
100
AcDbEntity
  8
0
  6
HIDDEN2
100
AcDbPolyline
 90
4
 70
1
 10
0.0136901745572686
 20
-5000.007030211389
 10
0.0136901745572686
 20
4999.99296978861
 10
-14999.98630982544
 20
4999.99296978861
 10
-14999.98630982544
 20
-5000.007030211389
  0
INSERT
  5
EF
330
EB
100
AcDbEntity
  8
14-BOH
100
AcDbBlockReference
  2
*U1241
 10
-14999.98630982521
 20
-5022.507030211389
 30
-4.547e-13
 50
180.0
  0
INSERT
  5
F1
330
EB
100
AcDbEntity
  8
14-BOH
100
AcDbBlockReference
  2
*U1241
 10
-14999.97261965088
 20
22.48593957736739
 30
-4.547e-13
  0
INSERT
  5
F3
330
EB
100
AcDbEntity
  8
14-BOH
100
AcDbBlockReference
  2
TENT-PANEL
 10
-15056.97261965112
 20
-0.0140604225452989
 30
0.0
 50
270.0
  0
INSERT
  5
F5
330
EB
100
AcDbEntity
  8
14-BOH
100
AcDbBlockReference
  2
*U1241
 10
-14999.97261965088
 20
5022.485939577368
 30
-4.547e-13
  0
INSERT
  5
F7
330
EB
100
AcDbEntity
  8
14-BOH
100
AcDbBlockReference
  2
TENT-PANEL
 10
-15056.97261965112
 20
4999.985939577455
 30
0.0
 50
270.0
  0
INSERT
  5
F9
330
EB
100
AcDbEntity
  8
14-BOH
100
AcDbBlockReference
  2
*U1241
 10
0.013690174324438
 20
5022.492969788683
 30
-9.095e-13
  0
INSERT
  5
FB
330
EB
100
AcDbEntity
  8
14-BOH
100
AcDbBlockReference
  2
*U1241
 10
0.0
 20
-22.50000000007276
 30
-9.095e-13
 50
180.0
  0
INSERT
  5
FD
330
EB
100
AcDbEntity
  8
14-BOH
100
AcDbBlockReference
  2
TENT-PANEL
 10
57.00000000023283
 20
-1.600711e-10
 30
-4.547e-13
 50
90.0
  0
INSERT
  5
FF
330
EB
100
AcDbEntity
  8
14-BOH
100
AcDbBlockReference
  2
*U1241
 10
0.0
 20
-5022.500000000072
 30
-9.095e-13
 50
180.0
  0
INSERT
  5
101
330
EB
100
AcDbEntity
  8
14-BOH
100
AcDbBlockReference
  2
TENT-PANEL
 10
57.00000000023283
 20
-5000.000000000159
 30
-4.547e-13
 50
90.0
  0
INSERT
  5
103
330
EB
100
AcDbEntity
  8
14-BOH
100
AcDbBlockReference
  2
*U1241
 10
-4999.986309825676
 20
5022.492969788683
 30
-9.095e-13
  0
INSERT
  5
105
330
EB
100
AcDbEntity
  8
14-BOH
100
AcDbBlockReference
  2
*U1241
 10
-5000.0
 20
-5022.500000000072
 30
-9.095e-13
 50
180.0
  0
INSERT
  5
107
330
EB
100
AcDbEntity
  8
14-BOH
100
AcDbBlockReference
  2
*U1241
 10
-9999.986309825676
 20
5022.492969788683
 30
-9.095e-13
  0
INSERT
  5
109
330
EB
100
AcDbEntity
  8
14-BOH
100
AcDbBlockReference
  2
*U1241
 10
-10000.0
 20
-5022.500000000072
 30
-9.095e-13
 50
180.0
  0
INSERT
  5
10B
330
EB
100
AcDbEntity
  8
14-BOH
100
AcDbBlockReference
  2
TENT-PANEL
 10
-9999.501248686574
 20
-5107.007030211389
 30
-4.547e-13
  0
INSERT
  5
10D
330
EB
100
AcDbEntity
  8
14-BOH
100
AcDbBlockReference
  2
TENT-PANEL
 10
-14999.50124868657
 20
-5107.007030211389
 30
-4.547e-13
  0
INSERT
  5
10F
330
EB
100
AcDbEntity
  8
14-BOH
100
AcDbBlockReference
  2
TENT-PANEL
 10
-4999.501248686574
 20
-5107.007030211389
 30
-4.547e-13
  0
INSERT
  5
111
330
EB
100
AcDbEntity
  8
14-BOH
100
AcDbBlockReference
  2
TENT-PANEL
 10
-4999.986309825908
 20
5106.992969788699
 30
-4.547e-13
 50
180.0
  0
INSERT
  5
113
330
EB
100
AcDbEntity
  8
14-BOH
100
AcDbBlockReference
  2
TENT-PANEL
 10
0.0136901740916073
 20
5106.992969788699
 30
-4.547e-13
 50
180.0
  0
INSERT
  5
115
330
EB
100
AcDbEntity
  8
14-BOH
100
AcDbBlockReference
  2
TENT-PANEL
 10
-9999.986309825908
 20
5106.992969788699
 30
-4.547e-13
 50
180.0
  0
MTEXT
  5
117
330
EB
100
AcDbEntity
  8
15-TEXT
100
AcDbMText
 10
-750.0
 20
-4400.000000000058
 30
-7.7307e-12
 40
300.0
 41
0.0
 46
1341.859936334699
 71
5
 72
5
  1
TENT\P\pxqc;15X10
  7
Dubai
210
-0.008014233823946
220
0.0001570613909503
230
0.999967873177901
 11
0.9999678855116451
 21
0.0
 31
0.0080142339227947
 90
2
  0
ENDBLK
  5
ED
330
EB
100
AcDbEntity
  8
0
100
AcDbBlockEnd
  0
BLOCK
  5
119
330
118
100
AcDbEntity
  8
0
100
AcDbBlockBegin
  2
TENT-20X10
 70
0
 10
0.0
 20
0.0
 30
0.0
  3
TENT-20X10
  1

  0
LWPOLYLINE
  5
11B
330
118
100
AcDbEntity
  8
0
  6
HIDDEN2
100
AcDbPolyline
 90
4
 70
1
 10
0.0136901745572686
 20
-5000.007030211389
 10
0.0136901745572686
 20
4999.99296978861
 10
-19999.98630982544
 20
4999.99296978861
 10
-19999.98630982544
 20
-5000.007030211389
  0
INSERT
  5
11C
330
118
100
AcDbEntity
  8
14-BOH
100
AcDbBlockReference
  2
*U1241
 10
-19999.98630982521
 20
-5022.507030211389
 30
-4.547e-13
 50
180.0
  0
INSERT
  5
11E
330
118
100
AcDbEntity
  8
14-BOH
100
AcDbBlockReference
  2
*U1241
 10
-19999.97261965088
 20
22.48593957736739
 30
-4.547e-13
  0
INSERT
  5
120
330
118
100
AcDbEntity
  8
14-BOH
100
AcDbBlockReference
  2
TENT-PANEL
 10
-20056.97261965112
 20
-0.0140604225452989
 30
0.0
 50
270.0
  0
INSERT
  5
122
330
118
100
AcDbEntity
  8
14-BOH
100
AcDbBlockReference
  2
*U1241
 10
-19999.97261965088
 20
5022.485939577368
 30
-4.547e-13
  0
INSERT
  5
124
330
118
100
AcDbEntity
  8
14-BOH
100
AcDbBlockReference
  2
TENT-PANEL
 10
-20056.97261965112
 20
4999.985939577455
 30
0.0
 50
270.0
  0
INSERT
  5
126
330
118
100
AcDbEntity
  8
14-BOH
100
AcDbBlockReference
  2
*U1241
 10
0.013690174324438
 20
5022.492969788683
 30
-9.095e-13
  0
INSERT
  5
128
330
118
100
AcDbEntity
  8
14-BOH
100
AcDbBlockReference
  2
*U1241
 10
0.0
 20
-22.50000000007276
 30
-9.095e-13
 50
180.0
  0
INSERT
  5
12A
330
118
100
AcDbEntity
  8
14-BOH
100
AcDbBlockReference
  2
TENT-PANEL
 10
57.00000000023283
 20
-1.600711e-10
 30
-4.547e-13
 50
90.0
  0
INSERT
  5
12C
330
118
100
AcDbEntity
  8
14-BOH
100
AcDbBlockReference
  2
*U1241
 10
0.0
 20
-5022.500000000072
 30
-9.095e-13
 50
180.0
  0
INSERT
  5
12E
330
118
100
AcDbEntity
  8
14-BOH
100
AcDbBlockReference
  2
TENT-PANEL
 10
57.00000000023283
 20
-5000.000000000159
 30
-4.547e-13
 50
90.0
  0
INSERT
  5
130
330
118
100
AcDbEntity
  8
14-BOH
100
AcDbBlockReference
  2
*U1241
 10
-9999.986309825676
 20
5022.492969788683
 30
-9.095e-13
  0
INSERT
  5
132
330
118
100
AcDbEntity
  8
14-BOH
100
AcDbBlockReference
  2
*U1241
 10
-10000.0
 20
-5022.500000000072
 30
-9.095e-13
 50
180.0
  0
INSERT
  5
134
330
118
100
AcDbEntity
  8
14-BOH
100
AcDbBlockReference
  2
*U1241
 10
-14999.98630982567
 20
5022.492969788683
 30
-9.095e-13
  0
INSERT
  5
136
330
118
100
AcDbEntity
  8
14-BOH
100
AcDbBlockReference
  2
*U1241
 10
-15000.0
 20
-5022.500000000072
 30
-9.095e-13
 50
180.0
  0
INSERT
  5
138
330
118
100
AcDbEntity
  8
14-BOH
100
AcDbBlockReference
  2
TENT-PANEL
 10
-14999.50124868657
 20
-5107.007030211389
 30
-4.547e-13
  0
INSERT
  5
13A
330
118
100
AcDbEntity
  8
14-BOH
100
AcDbBlockReference
  2
TENT-PANEL
 10
-19999.50124868657
 20
-5107.007030211389
 30
-4.547e-13
  0
INSERT
  5
13C
330
118
100
AcDbEntity
  8
14-BOH
100
AcDbBlockReference
  2
TENT-PANEL
 10
-9999.501248686574
 20
-5107.007030211389
 30
-4.547e-13
  0
INSERT
  5
13E
330
118
100
AcDbEntity
  8
14-BOH
100
AcDbBlockReference
  2
TENT-PANEL
 10
-9999.986309825908
 20
5106.992969788699
 30
-4.547e-13
 50
180.0
  0
INSERT
  5
140
330
118
100
AcDbEntity
  8
14-BOH
100
AcDbBlockReference
  2
TENT-PANEL
 10
0.0136901740916073
 20
5106.992969788699
 30
-4.547e-13
 50
180.0
  0
INSERT
  5
142
330
118
100
AcDbEntity
  8
14-BOH
100
AcDbBlockReference
  2
TENT-PANEL
 10
-14999.98630982591
 20
5106.992969788699
 30
-4.547e-13
 50
180.0
  0
INSERT
  5
144
330
118
100
AcDbEntity
  8
14-BOH
100
AcDbBlockReference
  2
*U1241
 10
-4999.986309825676
 20
5022.492969788683
 30
-9.095e-13
  0
INSERT
  5
146
330
118
100
AcDbEntity
  8
14-BOH
100
AcDbBlockReference
  2
*U1241
 10
-5000.0
 20
-5022.500000000072
 30
-9.095e-13
 50
180.0
  0
INSERT
  5
148
330
118
100
AcDbEntity
  8
14-BOH
100
AcDbBlockReference
  2
TENT-PANEL
 10
-4999.501248686574
 20
-5107.007030211389
 30
-4.547e-13
  0
INSERT
  5
14A
330
118
100
AcDbEntity
  8
14-BOH
100
AcDbBlockReference
  2
TENT-PANEL
 10
-4999.986309825908
 20
5106.992969788699
 30
-4.547e-13
 50
180.0
  0
MTEXT
  5
14C
330
118
100
AcDbEntity
  8
15-TEXT
100
AcDbMText
 10
-750.0
 20
-4400.000000000058
 30
-7.7307e-12
 40
300.0
 41
0.0
 46
1341.859936334699
 71
5
 72
5
  1
TENT\P\pxqc;20X10
  7
Dubai
210
-0.008014233823946
220
0.0001570613909503
230
0.999967873177901
 11
0.9999678855116451
 21
0.0
 31
0.0080142339227947
 90
2
  0
ENDBLK
  5
11A
330
118
100
AcDbEntity
  8
0
100
AcDbBlockEnd
  0
BLOCK
  5
14E
330
14D
100
AcDbEntity
  8
0
100
AcDbBlockBegin
  2
20FT VIP RESTROOM-MDL
 70
0
 10
0.0
 20
0.0
 30
0.0
  3
20FT VIP RESTROOM-MDL
  1

  0
INSERT
  5
150
330
14D
100
AcDbEntity
  8
0
  6
10186-X-G00-XX-GEN-XX-1001_Iss21$0$10186-A-G00-XX-2DM-22-0001$0$HIDDEN
100
AcDbBlockReference
  2
*U1247
 10
0.5499999998137355
 20
-3.600000000093132
 30
0.0
 41
0.001
 42
0.001
 43
0.001
 50
180.0
  0
LWPOLYLINE
  5
152
330
14D
100
AcDbEntity
  8
0
 48
5.0
100
AcDbPolyline
 90
6
 70
0
 10
0.5499999998137355
 20
-3.600000000093132
 10
3.0
 20
-3.600000000093132
 10
3.0
 20
0.0
 10
-3.0
 20
0.0
 10
-3.0
 20
-3.600000000093132
 10
-0.5500000002793968
 20
-3.600000000093132
  0
LWPOLYLINE
  5
153
330
14D
100
AcDbEntity
  8
0
 48
5.0
100
AcDbPolyline
 90
12
 70
1
 10
-0.5570000004954636
 20
-3.592999999877065
 10
-0.5570000004954636
 20
-3.493000000249594
 10
-2.893000000156462
 20
-3.493000000249594
 10
-2.893000000156462
 20
-0.1069999998435378
 10
2.893000000156462
 20
-0.1069999998435378
 10
2.893000000156462
 20
-3.493000000249594
 10
0.5570000000298024
 20
-3.493000000249594
 10
0.5570000000298024
 20
-3.592999999877065
 10
2.992999999783933
 20
-3.592999999877065
 10
2.992999999783933
 20
-0.0070000002160668
 10
-2.992999999783933
 20
-0.0070000002160668
 10
-2.992999999783933
 20
-3.592999999877065
  0
LWPOLYLINE
  5
154
330
14D
100
AcDbEntity
  8
0
 48
5.0
100
AcDbPolyline
 90
6
 70
0
 10
0.5499999998137355
 20
-3.486000000033527
 10
2.885999999940395
 20
-3.486000000033527
 10
2.885999999940395
 20
-0.1140000000596046
 10
-2.885999999940395
 20
-0.1140000000596046
 10
-2.885999999940395
 20
-3.486000000033527
 10
-0.5500000002793968
 20
-3.486000000033527
  0
LINE
  5
155
330
14D
100
AcDbEntity
  8
0
 48
5.0
100
AcDbLine
 10
-2.885999999940395
 20
-0.3070000000298023
 30
0.0
 11
2.885999999940395
 21
-0.3070000000298023
 31
0.0
  0
LINE
  5
156
330
14D
100
AcDbEntity
  8
0
 48
5.0
100
AcDbLine
 10
-2.885999999940395
 20
-0.3140000002458692
 30
0.0
 11
2.885999999940395
 21
-0.3140000002458692
 31
0.0
  0
LWPOLYLINE
  5
157
330
14D
100
AcDbEntity
  8
0
 48
5.0
100
AcDbPolyline
 90
4
 70
1
 10
-2.885999999940395
 20
-1.684000000357627
 10
-2.635999999940395
 20
-1.684000000357627
 10
-2.635999999940395
 20
-1.664000000339001
 10
-2.885999999940395
 20
-1.664000000339001
  0
LWPOLYLINE
  5
158
330
14D
100
AcDbEntity
  8
0
 48
5.0
100
AcDbPolyline
 90
4
 70
1
 10
-2.615999999921768
 20
-1.664000000339001
 10
-2.635999999940395
 20
-1.664000000339001
 10
-2.635999999940395
 20
-1.014000000432133
 10
-2.615999999921768
 20
-1.014000000432133
  0
ARC
  5
159
330
14D
100
AcDbEntity
  8
0
 48
5.0
100
AcDbCircle
 10
-2.635999999940395
 20
-1.664000000339001
 30
0.0
 40
0.6499999999068679
100
AcDbArc
 50
0.0
 51
90.0
  0
ARC
  5
15A
330
14D
100
AcDbEntity
  8
0
 48
5.0
100
AcDbCircle
 10
-2.760999999940395
 20
-1.674000000115483
 30
0.0
 40
0.02
100
AcDbArc
 50
29.99999935975798
 51
150.000000640242
  0
ARC
  5
15B
330
14D
100
AcDbEntity
  8
0
 48
5.0
100
AcDbCircle
 10
-2.760999999940395
 20
-1.674000000115483
 30
0.0
 40
0.02
100
AcDbArc
 50
210.0000005179277
 51
329.9999994820723
  0
LWPOLYLINE
  5
15C
330
14D
100
AcDbEntity
  8
0
 48
5.0
100
AcDbPolyline
 90
4
 70
1
 10
-1.736000000033527
 20
-1.664000000339001
 10
-1.716000000014901
 20
-1.664000000339001
 10
-1.716000000014901
 20
-0.3140000002458692
 10
-1.736000000033527
 20
-0.3140000002458692
  0
ARC
  5
15D
330
14D
100
AcDbEntity
  8
0
 48
5.0
100
AcDbCircle
 10
-1.726000000257045
 20
-1.393999999854713
 30
0.0
 40
0.02
100
AcDbArc
 50
119.9999993828639
 51
240.0000006171361
  0
ARC
  5
15E
330
14D
100
AcDbEntity
  8
0
 48
5.0
100
AcDbCircle
 10
-1.726000000257045
 20
-1.393999999854713
 30
0.0
 40
0.02
100
AcDbArc
 50
300.0000004948217
 51
59.99999950517825
  0
ARC
  5
15F
330
14D
100
AcDbEntity
  8
0
 48
5.0
100
AcDbCircle
 10
-1.726000000257045
 20
-1.123999999836087
 30
0.0
 40
0.02
100
AcDbArc
 50
119.9999993828639
 51
240.0000006171361
  0
ARC
  5
160
330
14D
100
AcDbEntity
  8
0
 48
5.0
100
AcDbCircle
 10
-1.726000000257045
 20
-1.123999999836087
 30
0.0
 40
0.02
100
AcDbArc
 50
300.0000004948217
 51
59.99999950517825
  0
ARC
  5
161
330
14D
100
AcDbEntity
  8
0
 48
5.0
100
AcDbCircle
 10
-1.726000000257045
 20
-0.8539999998174607
 30
0.0
 40
0.02
100
AcDbArc
 50
119.9999993828639
 51
240.0000006171361
  0
ARC
  5
162
330
14D
100
AcDbEntity
  8
0
 48
5.0
100
AcDbCircle
 10
-1.726000000257045
 20
-0.8539999998174607
 30
0.0
 40
0.02
100
AcDbArc
 50
300.0000004948217
 51
59.99999950517825
  0
ARC
  5
163
330
14D
100
AcDbEntity
  8
0
 48
5.0
100
AcDbCircle
 10
-1.726000000257045
 20
-0.5839999997988344
 30
0.0
 40
0.02
100
AcDbArc
 50
119.9999993828639
 51
240.0000006171361
  0
ARC
  5
164
330
14D
100
AcDbEntity
  8
0
 48
5.0
100
AcDbCircle
 10
-1.726000000257045
 20
-0.5839999997988344
 30
0.0
 40
0.02
100
AcDbArc
 50
300.0000004948217
 51
59.99999950517825
  0
LWPOLYLINE
  5
165
330
14D
100
AcDbEntity
  8
0
 48
5.0
100
AcDbPolyline
 90
4
 70
1
 10
-1.455999999772757
 20
-1.664000000339001
 10
-1.475999999791383
 20
-1.664000000339001
 10
-1.475999999791383
 20
-1.014000000432133
 10
-1.455999999772757
 20
-1.014000000432133
  0
ARC
  5
166
330
14D
100
AcDbEntity
  8
0
 48
5.0
100
AcDbCircle
 10
-1.475999999791383
 20
-1.664000000339001
 30
0.0
 40
0.6499999999068679
100
AcDbArc
 50
0.0
 51
90.0
  0
LINE
  5
167
330
14D
100
AcDbEntity
  8
0
 48
5.0
100
AcDbLine
 10
-1.475999999791383
 20
-1.664000000339001
 30
0.0
 11
-0.825999999884516
 21
-1.664000000339001
 31
0.0
  0
LWPOLYLINE
  5
168
330
14D
100
AcDbEntity
  8
0
 48
5.0
100
AcDbPolyline
 90
4
 70
1
 10
-0.575999999884516
 20
-1.664000000339001
 10
-0.5559999998658895
 20
-1.664000000339001
 10
-0.5559999998658895
 20
-0.3140000002458692
 10
-0.575999999884516
 20
-0.3140000002458692
  0
ARC
  5
169
330
14D
100
AcDbEntity
  8
0
 48
5.0
100
AcDbCircle
 10
-0.5660000001080335
 20
-1.393999999854713
 30
0.0
 40
0.02
100
AcDbArc
 50
119.9999993828639
 51
240.0000006171361
  0
ARC
  5
16A
330
14D
100
AcDbEntity
  8
0
 48
5.0
100
AcDbCircle
 10
-0.5660000001080335
 20
-1.393999999854713
 30
0.0
 40
0.02
100
AcDbArc
 50
300.0000004948217
 51
59.99999950517825
  0
ARC
  5
16B
330
14D
100
AcDbEntity
  8
0
 48
5.0
100
AcDbCircle
 10
-0.5660000001080335
 20
-1.123999999836087
 30
0.0
 40
0.02
100
AcDbArc
 50
119.9999993828639
 51
240.0000006171361
  0
ARC
  5
16C
330
14D
100
AcDbEntity
  8
0
 48
5.0
100
AcDbCircle
 10
-0.5660000001080335
 20
-1.123999999836087
 30
0.0
 40
0.02
100
AcDbArc
 50
300.0000004948217
 51
59.99999950517825
  0
ARC
  5
16D
330
14D
100
AcDbEntity
  8
0
 48
5.0
100
AcDbCircle
 10
-0.5660000001080335
 20
-0.8539999998174607
 30
0.0
 40
0.02
100
AcDbArc
 50
119.9999993828639
 51
240.0000006171361
  0
ARC
  5
16E
330
14D
100
AcDbEntity
  8
0
 48
5.0
100
AcDbCircle
 10
-0.5660000001080335
 20
-0.8539999998174607
 30
0.0
 40
0.02
100
AcDbArc
 50
300.0000004948217
 51
59.99999950517825
  0
ARC
  5
16F
330
14D
100
AcDbEntity
  8
0
 48
5.0
100
AcDbCircle
 10
-0.5660000001080335
 20
-0.5839999997988344
 30
0.0
 40
0.02
100
AcDbArc
 50
119.9999993828639
 51
240.0000006171361
  0
ARC
  5
170
330
14D
100
AcDbEntity
  8
0
 48
5.0
100
AcDbCircle
 10
-0.5660000001080335
 20
-0.5839999997988344
 30
0.0
 40
0.02
100
AcDbArc
 50
300.0000004948217
 51
59.99999950517825
  0
LWPOLYLINE
  5
171
330
14D
100
AcDbEntity
  8
0
 48
5.0
100
AcDbPolyline
 90
4
 70
1
 10
-0.2959999996237457
 20
-1.664000000339001
 10
-0.3159999996423721
 20
-1.664000000339001
 10
-0.3159999996423721
 20
-1.014000000432133
 10
-0.2959999996237457
 20
-1.014000000432133
  0
ARC
  5
172
330
14D
100
AcDbEntity
  8
0
 48
5.0
100
AcDbCircle
 10
-0.3159999996423721
 20
-1.664000000339001
 30
0.0
 40
0.6499999999068679
100
AcDbArc
 50
0.0
 51
90.0
  0
LWPOLYLINE
  5
173
330
14D
100
AcDbEntity
  8
0
 48
5.0
100
AcDbPolyline
 90
4
 70
1
 10
0.5840000002644957
 20
-1.664000000339001
 10
0.6040000002831221
 20
-1.664000000339001
 10
0.6040000002831221
 20
-0.3140000002458692
 10
0.5840000002644957
 20
-0.3140000002458692
  0
ARC
  5
174
330
14D
100
AcDbEntity
  8
0
 48
5.0
100
AcDbCircle
 10
0.5940000000409782
 20
-1.393999999854713
 30
0.0
 40
0.02
100
AcDbArc
 50
119.9999993828639
 51
240.0000006171361
  0
ARC
  5
175
330
14D
100
AcDbEntity
  8
0
 48
5.0
100
AcDbCircle
 10
0.5940000000409782
 20
-1.393999999854713
 30
0.0
 40
0.02
100
AcDbArc
 50
300.0000004948217
 51
59.99999950517825
  0
ARC
  5
176
330
14D
100
AcDbEntity
  8
0
 48
5.0
100
AcDbCircle
 10
0.5940000000409782
 20
-1.123999999836087
 30
0.0
 40
0.02
100
AcDbArc
 50
119.9999993828639
 51
240.0000006171361
  0
ARC
  5
177
330
14D
100
AcDbEntity
  8
0
 48
5.0
100
AcDbCircle
 10
0.5940000000409782
 20
-1.123999999836087
 30
0.0
 40
0.02
100
AcDbArc
 50
300.0000004948217
 51
59.99999950517825
  0
ARC
  5
178
330
14D
100
AcDbEntity
  8
0
 48
5.0
100
AcDbCircle
 10
0.5940000000409782
 20
-0.8539999998174607
 30
0.0
 40
0.02
100
AcDbArc
 50
119.9999993828639
 51
240.0000006171361
  0
ARC
  5
179
330
14D
100
AcDbEntity
  8
0
 48
5.0
100
AcDbCircle
 10
0.5940000000409782
 20
-0.8539999998174607
 30
0.0
 40
0.02
100
AcDbArc
 50
300.0000004948217
 51
59.99999950517825
  0
ARC
  5
17A
330
14D
100
AcDbEntity
  8
0
 48
5.0
100
AcDbCircle
 10
0.5940000000409782
 20
-0.5839999997988344
 30
0.0
 40
0.02
100
AcDbArc
 50
119.9999993828639
 51
240.0000006171361
  0
ARC
  5
17B
330
14D
100
AcDbEntity
  8
0
 48
5.0
100
AcDbCircle
 10
0.5940000000409782
 20
-0.5839999997988344
 30
0.0
 40
0.02
100
AcDbArc
 50
300.0000004948217
 51
59.99999950517825
  0
LWPOLYLINE
  5
17C
330
14D
100
AcDbEntity
  8
0
 48
5.0
100
AcDbPolyline
 90
4
 70
1
 10
0.8640000005252659
 20
-1.664000000339001
 10
0.8440000005066394
 20
-1.664000000339001
 10
0.8440000005066394
 20
-1.014000000432133
 10
0.8640000005252659
 20
-1.014000000432133
  0
ARC
  5
17D
330
14D
100
AcDbEntity
  8
0
 48
5.0
100
AcDbCircle
 10
0.8440000005066394
 20
-1.664000000339001
 30
0.0
 40
0.6499999999068679
100
AcDbArc
 50
0.0
 51
90.0
  0
LWPOLYLINE
  5
17E
330
14D
100
AcDbEntity
  8
0
 48
5.0
100
AcDbPolyline
 90
4
 70
1
 10
1.744000000413507
 20
-1.664000000339001
 10
1.764000000432133
 20
-1.664000000339001
 10
1.764000000432133
 20
-0.3140000002458692
 10
1.744000000413507
 20
-0.3140000002458692
  0
ARC
  5
17F
330
14D
100
AcDbEntity
  8
0
 48
5.0
100
AcDbCircle
 10
1.754000000189989
 20
-1.393999999854713
 30
0.0
 40
0.02
100
AcDbArc
 50
119.9999993828639
 51
240.0000006171361
  0
ARC
  5
180
330
14D
100
AcDbEntity
  8
0
 48
5.0
100
AcDbCircle
 10
1.754000000189989
 20
-1.393999999854713
 30
0.0
 40
0.02
100
AcDbArc
 50
300.0000004948217
 51
59.99999950517825
  0
ARC
  5
181
330
14D
100
AcDbEntity
  8
0
 48
5.0
100
AcDbCircle
 10
1.754000000189989
 20
-1.123999999836087
 30
0.0
 40
0.02
100
AcDbArc
 50
119.9999993828639
 51
240.0000006171361
  0
ARC
  5
182
330
14D
100
AcDbEntity
  8
0
 48
5.0
100
AcDbCircle
 10
1.754000000189989
 20
-1.123999999836087
 30
0.0
 40
0.02
100
AcDbArc
 50
300.0000004948217
 51
59.99999950517825
  0
ARC
  5
183
330
14D
100
AcDbEntity
  8
0
 48
5.0
100
AcDbCircle
 10
1.754000000189989
 20
-0.8539999998174607
 30
0.0
 40
0.02
100
AcDbArc
 50
119.9999993828639
 51
240.0000006171361
  0
ARC
  5
184
330
14D
100
AcDbEntity
  8
0
 48
5.0
100
AcDbCircle
 10
1.754000000189989
 20
-0.8539999998174607
 30
0.0
 40
0.02
100
AcDbArc
 50
300.0000004948217
 51
59.99999950517825
  0
ARC
  5
185
330
14D
100
AcDbEntity
  8
0
 48
5.0
100
AcDbCircle
 10
1.754000000189989
 20
-0.5839999997988344
 30
0.0
 40
0.02
100
AcDbArc
 50
119.9999993828639
 51
240.0000006171361
  0
ARC
  5
186
330
14D
100
AcDbEntity
  8
0
 48
5.0
100
AcDbCircle
 10
1.754000000189989
 20
-0.5839999997988344
 30
0.0
 40
0.02
100
AcDbArc
 50
300.0000004948217
 51
59.99999950517825
  0
LWPOLYLINE
  5
187
330
14D
100
AcDbEntity
  8
0
 48
5.0
100
AcDbPolyline
 90
4
 70
1
 10
2.024000000674277
 20
-1.664000000339001
 10
2.004000000655651
 20
-1.664000000339001
 10
2.004000000655651
 20
-1.014000000432133
 10
2.024000000674277
 20
-1.014000000432133
  0
ARC
  5
188
330
14D
100
AcDbEntity
  8
0
 48
5.0
100
AcDbCircle
 10
2.004000000655651
 20
-1.664000000339001
 30
0.0
 40
0.6499999999068679
100
AcDbArc
 50
0.0
 51
90.0
  0
INSERT
  5
189
330
14D
100
AcDbEntity
  8
0
100
AcDbBlockReference
  2
WC_1
 10
-2.30600036913529
 20
-0.3340000002644956
 30
0.0
 41
-0.001
 42
0.001
 43
0.001
  0
INSERT
  5
18B
330
14D
100
AcDbEntity
  8
0
100
AcDbBlockReference
  2
WC_1
 10
-1.146000368986278
 20
-0.3340000002644956
 30
0.0
 41
-0.001
 42
0.001
 43
0.001
  0
INSERT
  5
18D
330
14D
100
AcDbEntity
  8
0
100
AcDbBlockReference
  2
WC_1
 10
0.0139996311627329
 20
-0.3340000002644956
 30
0.0
 41
-0.001
 42
0.001
 43
0.001
  0
INSERT
  5
18F
330
14D
100
AcDbEntity
  8
0
100
AcDbBlockReference
  2
WC_1
 10
1.173999631311744
 20
-0.3340000002644956
 30
0.0
 41
-0.001
 42
0.001
 43
0.001
  0
INSERT
  5
191
330
14D
100
AcDbEntity
  8
0
100
AcDbBlockReference
  2
WC_1
 10
2.333999631460756
 20
-0.3340000002644956
 30
0.0
 41
-0.001
 42
0.001
 43
0.001
  0
LWPOLYLINE
  5
193
330
14D
100
AcDbEntity
  8
0
 48
5.0
100
AcDbPolyline
 90
4
 70
1
 10
-1.725999999791383
 20
-1.684000000357627
 10
-1.985999999567866
 20
-1.684000000357627
 10
-1.985999999567866
 20
-1.664000000339001
 10
-1.725999999791383
 20
-1.664000000339001
  0
ARC
  5
194
330
14D
100
AcDbEntity
  8
0
 48
5.0
100
AcDbCircle
 10
-1.855999999679625
 20
-1.674000000115483
 30
0.0
 40
0.02
100
AcDbArc
 50
29.99999934641777
 51
150.0000006535822
  0
ARC
  5
195
330
14D
100
AcDbEntity
  8
0
 48
5.0
100
AcDbCircle
 10
-1.855999999679625
 20
-1.674000000115483
 30
0.0
 40
0.02
100
AcDbArc
 50
210.0000005179277
 51
329.9999994820723
  0
LWPOLYLINE
  5
196
330
14D
100
AcDbEntity
  8
0
 48
5.0
100
AcDbPolyline
 90
4
 70
1
 10
-1.725999999791383
 20
-1.684000000357627
 10
-1.475999999791383
 20
-1.684000000357627
 10
-1.475999999791383
 20
-1.664000000339001
 10
-1.725999999791383
 20
-1.664000000339001
  0
ARC
  5
197
330
14D
100
AcDbEntity
  8
0
 48
5.0
100
AcDbCircle
 10
-1.605999999679625
 20
-1.674000000115483
 30
0.0
 40
0.02
100
AcDbArc
 50
29.99999934641777
 51
150.0000006535822
  0
ARC
  5
198
330
14D
100
AcDbEntity
  8
0
 48
5.0
100
AcDbCircle
 10
-1.605999999679625
 20
-1.674000000115483
 30
0.0
 40
0.02
100
AcDbArc
 50
210.0000004948217
 51
329.9999995051783
  0
LWPOLYLINE
  5
199
330
14D
100
AcDbEntity
  8
0
 48
5.0
100
AcDbPolyline
 90
4
 70
1
 10
-0.5659999996423722
 20
-1.684000000357627
 10
-0.8259999994188547
 20
-1.684000000357627
 10
-0.8259999994188547
 20
-1.664000000339001
 10
-0.5659999996423722
 20
-1.664000000339001
  0
ARC
  5
19A
330
14D
100
AcDbEntity
  8
0
 48
5.0
100
AcDbCircle
 10
-0.6959999995306135
 20
-1.674000000115483
 30
0.0
 40
0.02
100
AcDbArc
 50
29.99999934641777
 51
150.0000006535822
  0
ARC
  5
19B
330
14D
100
AcDbEntity
  8
0
 48
5.0
100
AcDbCircle
 10
-0.6959999995306135
 20
-1.674000000115483
 30
0.0
 40
0.02
100
AcDbArc
 50
210.0000005179277
 51
329.9999994820723
  0
LWPOLYLINE
  5
19C
330
14D
100
AcDbEntity
  8
0
 48
5.0
100
AcDbPolyline
 90
4
 70
1
 10
-0.5659999996423722
 20
-1.684000000357627
 10
-0.3159999996423721
 20
-1.684000000357627
 10
-0.3159999996423721
 20
-1.664000000339001
 10
-0.5659999996423722
 20
-1.664000000339001
  0
ARC
  5
19D
330
14D
100
AcDbEntity
  8
0
 48
5.0
100
AcDbCircle
 10
-0.4459999995306135
 20
-1.674000000115483
 30
0.0
 40
0.02
100
AcDbArc
 50
29.99999934641777
 51
150.0000006535822
  0
ARC
  5
19E
330
14D
100
AcDbEntity
  8
0
 48
5.0
100
AcDbCircle
 10
-0.4459999995306135
 20
-1.674000000115483
 30
0.0
 40
0.02
100
AcDbArc
 50
210.0000004948217
 51
329.9999995051783
  0
LWPOLYLINE
  5
19F
330
14D
100
AcDbEntity
  8
0
 48
5.0
100
AcDbPolyline
 90
4
 70
1
 10
0.5940000005066395
 20
-1.684000000357627
 10
0.3340000007301569
 20
-1.684000000357627
 10
0.3340000007301569
 20
-1.664000000339001
 10
0.5940000005066395
 20
-1.664000000339001
  0
ARC
  5
1A0
330
14D
100
AcDbEntity
  8
0
 48
5.0
100
AcDbCircle
 10
0.4640000006183982
 20
-1.674000000115483
 30
0.0
 40
0.02
100
AcDbArc
 50
29.99999934641777
 51
150.0000006535822
  0
ARC
  5
1A1
330
14D
100
AcDbEntity
  8
0
 48
5.0
100
AcDbCircle
 10
0.4640000006183982
 20
-1.674000000115483
 30
0.0
 40
0.02
100
AcDbArc
 50
210.0000005179277
 51
329.9999994820723
  0
LWPOLYLINE
  5
1A2
330
14D
100
AcDbEntity
  8
0
 48
5.0
100
AcDbPolyline
 90
4
 70
1
 10
0.5940000005066395
 20
-1.684000000357627
 10
0.8440000005066394
 20
-1.684000000357627
 10
0.8440000005066394
 20
-1.664000000339001
 10
0.5940000005066395
 20
-1.664000000339001
  0
ARC
  5
1A3
330
14D
100
AcDbEntity
  8
0
 48
5.0
100
AcDbCircle
 10
0.7140000006183982
 20
-1.674000000115483
 30
0.0
 40
0.02
100
AcDbArc
 50
29.99999934641777
 51
150.0000006535822
  0
ARC
  5
1A4
330
14D
100
AcDbEntity
  8
0
 48
5.0
100
AcDbCircle
 10
0.7140000006183982
 20
-1.674000000115483
 30
0.0
 40
0.02
100
AcDbArc
 50
210.0000004948217
 51
329.9999995051783
  0
LWPOLYLINE
  5
1A5
330
14D
100
AcDbEntity
  8
0
 48
5.0
100
AcDbPolyline
 90
4
 70
1
 10
1.754000000655651
 20
-1.684000000357627
 10
1.494000000879168
 20
-1.684000000357627
 10
1.494000000879168
 20
-1.664000000339001
 10
1.754000000655651
 20
-1.664000000339001
  0
ARC
  5
1A6
330
14D
100
AcDbEntity
  8
0
 48
5.0
100
AcDbCircle
 10
1.624000000767409
 20
-1.674000000115483
 30
0.0
 40
0.02
100
AcDbArc
 50
29.99999934641777
 51
150.0000006535822
  0
ARC
  5
1A7
330
14D
100
AcDbEntity
  8
0
 48
5.0
100
AcDbCircle
 10
1.624000000767409
 20
-1.674000000115483
 30
0.0
 40
0.02
100
AcDbArc
 50
210.0000005179277
 51
329.9999994820723
  0
LWPOLYLINE
  5
1A8
330
14D
100
AcDbEntity
  8
0
 48
5.0
100
AcDbPolyline
 90
4
 70
1
 10
1.754000000655651
 20
-1.684000000357627
 10
2.004000000655651
 20
-1.684000000357627
 10
2.004000000655651
 20
-1.664000000339001
 10
1.754000000655651
 20
-1.664000000339001
  0
ARC
  5
1A9
330
14D
100
AcDbEntity
  8
0
 48
5.0
100
AcDbCircle
 10
1.874000000767409
 20
-1.674000000115483
 30
0.0
 40
0.02
100
AcDbArc
 50
29.99999934641777
 51
150.0000006535822
  0
ARC
  5
1AA
330
14D
100
AcDbEntity
  8
0
 48
5.0
100
AcDbCircle
 10
1.874000000767409
 20
-1.674000000115483
 30
0.0
 40
0.02
100
AcDbArc
 50
210.0000004948217
 51
329.9999995051783
  0
LWPOLYLINE
  5
1AB
330
14D
100
AcDbEntity
  8
0
 48
5.0
100
AcDbPolyline
 90
4
 70
1
 10
2.886420921888202
 20
-1.684000000357627
 10
2.65400000102818
 20
-1.684000000357627
 10
2.65400000102818
 20
-1.664000000339001
 10
2.886420921888202
 20
-1.664000000339001
  0
ARC
  5
1AC
330
14D
100
AcDbEntity
  8
0
 48
5.0
100
AcDbCircle
 10
2.784000000916421
 20
-1.674000000115483
 30
0.0
 40
0.02
100
AcDbArc
 50
29.99999934641777
 51
150.0000006535822
  0
ARC
  5
1AD
330
14D
100
AcDbEntity
  8
0
 48
5.0
100
AcDbCircle
 10
2.784000000916421
 20
-1.674000000115483
 30
0.0
 40
0.02
100
AcDbArc
 50
210.0000005179277
 51
329.9999994820723
  0
LINE
  5
1AE
330
14D
100
AcDbEntity
  8
0
 48
5.0
100
AcDbLine
 10
-0.5500000002793968
 20
-3.600000000093132
 30
0.0
 11
-0.5500000002793968
 21
-3.486000000033527
 31
0.0
  0
LINE
  5
1AF
330
14D
100
AcDbEntity
  8
0
 48
5.0
100
AcDbLine
 10
0.5499999998137355
 20
-3.600000000093132
 30
0.0
 11
0.5499999998137355
 21
-3.486000000033527
 31
0.0
  0
INSERT
  5
1B0
330
14D
100
AcDbEntity
  8
0
 48
5.0
100
AcDbBlockReference
  2
ROBE-HOOK
 10
1.764000000432133
 20
-1.063606856856495
 30
0.0
  0
INSERT
  5
1B2
330
14D
100
AcDbEntity
  8
0
 48
5.0
100
AcDbBlockReference
  2
HANDLE
 10
2.024000000674277
 20
-1.083442970179021
 30
0.0
  0
INSERT
  5
1B4
330
14D
100
AcDbEntity
  8
0
 48
5.0
100
AcDbBlockReference
  2
HANDLE
 10
2.004000001121312
 20
-1.083442970179021
 30
0.0
 41
-1.0
  0
LINE
  5
1B6
330
14D
100
AcDbEntity
  8
0
100
AcDbLine
 10
-2.885999999940395
 20
-2.865999999921768
 30
0.0
 11
-0.7859999998472631
 21
-2.865999999921768
 31
0.0
  0
LINE
  5
1B7
330
14D
100
AcDbEntity
  8
0
100
AcDbLine
 10
0.7859999998472631
 20
-2.865999999921768
 30
0.0
 11
2.885999999940395
 21
-2.865999999921768
 31
0.0
  0
LINE
  5
1B8
330
14D
100
AcDbEntity
  8
0
100
AcDbLine
 10
0.7859999998472631
 20
-2.865999999921768
 30
0.0
 11
0.7859999998472631
 21
-3.486000000033527
 31
0.0
  0
LINE
  5
1B9
330
14D
100
AcDbEntity
  8
0
100
AcDbLine
 10
-0.7859999998472631
 20
-2.865999999921768
 30
0.0
 11
-0.7859999998472631
 21
-3.486000000033527
 31
0.0
  0
INSERT
  5
1BA
330
14D
100
AcDbEntity
  8
0
100
AcDbBlockReference
  2
Vitra S20-UCB
 10
-2.28517346130684
 20
-3.345999999903142
 30
0.0
 41
0.001
 42
0.001
 43
0.001
 50
180.0
  0
INSERT
  5
1BC
330
14D
100
AcDbEntity
  8
0
100
AcDbBlockReference
  2
Vitra S20-UCB
 10
-1.386826538015156
 20
-3.345999999903142
 30
0.0
 41
-0.001
 42
0.001
 43
0.001
 50
180.0
  0
INSERT
  5
1BE
330
14D
100
AcDbEntity
  8
0
100
AcDbBlockReference
  2
Vitra S20-UCB
 10
1.386826538015156
 20
-3.345999999903142
 30
0.0
 41
0.001
 42
0.001
 43
0.001
 50
180.0
  0
INSERT
  5
1C0
330
14D
100
AcDbEntity
  8
0
100
AcDbBlockReference
  2
Vitra S20-UCB
 10
2.28517346130684
 20
-3.345999999903142
 30
0.0
 41
-0.001
 42
0.001
 43
0.001
 50
180.0
  0
INSERT
  5
1C2
330
14D
100
AcDbEntity
  8
0
 48
5.0
100
AcDbBlockReference
  2
GRATINGS
 10
-2.700202920939773
 20
-0.7212444399483502
 30
0.0
  0
INSERT
  5
1C4
330
14D
100
AcDbEntity
  8
0
 48
5.0
100
AcDbBlockReference
  2
HANDLE
 10
0.8640000005252659
 20
-1.083442970179021
 30
0.0
  0
INSERT
  5
1C6
330
14D
100
AcDbEntity
  8
0
 48
5.0
100
AcDbBlockReference
  2
HANDLE
 10
0.8440000009723007
 20
-1.083442970179021
 30
0.0
 41
-1.0
  0
INSERT
  5
1C8
330
14D
100
AcDbEntity
  8
0
 48
5.0
100
AcDbBlockReference
  2
HANDLE
 10
-0.2959999996237457
 20
-1.083442970179021
 30
0.0
  0
INSERT
  5
1CA
330
14D
100
AcDbEntity
  8
0
 48
5.0
100
AcDbBlockReference
  2
HANDLE
 10
-0.3159999991767108
 20
-1.083442970179021
 30
0.0
 41
-1.0
  0
INSERT
  5
1CC
330
14D
100
AcDbEntity
  8
0
 48
5.0
100
AcDbBlockReference
  2
HANDLE
 10
-1.455999999772757
 20
-1.083442970179021
 30
0.0
  0
INSERT
  5
1CE
330
14D
100
AcDbEntity
  8
0
 48
5.0
100
AcDbBlockReference
  2
HANDLE
 10
-1.475999999325722
 20
-1.083442970179021
 30
0.0
 41
-1.0
  0
INSERT
  5
1D0
330
14D
100
AcDbEntity
  8
0
 48
5.0
100
AcDbBlockReference
  2
HANDLE
 10
-2.615999999921768
 20
-1.083442970179021
 30
0.0
  0
INSERT
  5
1D2
330
14D
100
AcDbEntity
  8
0
 48
5.0
100
AcDbBlockReference
  2
HANDLE
 10
-2.635999999474734
 20
-1.083442970179021
 30
0.0
 41
-1.0
  0
INSERT
  5
1D4
330
14D
100
AcDbEntity
  8
0
 48
5.0
100
AcDbBlockReference
  2
ROBE-HOOK
 10
0.6040000002831221
 20
-1.063606856856495
 30
0.0
  0
INSERT
  5
1D6
330
14D
100
AcDbEntity
  8
0
 48
5.0
100
AcDbBlockReference
  2
ROBE-HOOK
 10
-0.5559999998658895
 20
-1.063606856856495
 30
0.0
  0
INSERT
  5
1D8
330
14D
100
AcDbEntity
  8
0
 48
5.0
100
AcDbBlockReference
  2
ROBE-HOOK
 10
-1.716000000014901
 20
-1.063606856856495
 30
0.0
  0
INSERT
  5
1DA
330
14D
100
AcDbEntity
  8
0
 48
5.0
100
AcDbBlockReference
  2
ROBE-HOOK
 10
-2.885999999940395
 20
-1.063606856856495
 30
0.0
  0
LWPOLYLINE
  5
1DC
330
14D
100
AcDbEntity
  8
0
 48
5.0
100
AcDbPolyline
 90
4
 70
1
 10
-0.6002038749866188
 20
-6.189058700110763
 10
-0.6409147656522692
 20
-6.189058700110763
 10
-0.6409147656522692
 20
-3.600000000093132
 10
-0.6002038749866188
 20
-3.600000000093132
  0
LWPOLYLINE
  5
1DD
330
14D
100
AcDbEntity
  8
0
 48
5.0
100
AcDbPolyline
 90
4
 70
1
 10
0.6002038749866188
 20
-3.600000000093132
 10
0.6396227926015854
 20
-3.600000000093132
 10
0.6396227926015854
 20
-6.19033692870289
 10
0.6002038749866188
 20
-6.19033692870289
  0
LINE
  5
1DE
330
14D
100
AcDbEntity
  8
0
 48
5.0
100
AcDbLine
 10
-0.6002038749866188
 20
-6.108942636288702
 30
0.0
 11
0.6002038749866188
 21
-6.108942636288702
 31
0.0
  0
LINE
  5
1DF
330
14D
100
AcDbEntity
  8
0
 48
5.0
100
AcDbLine
 10
-0.6002038749866188
 20
-5.808942636474967
 30
0.0
 11
0.6002038749866188
 21
-5.808942636474967
 31
0.0
  0
LINE
  5
1E0
330
14D
100
AcDbEntity
  8
0
 48
5.0
100
AcDbLine
 10
-0.6002038749866188
 20
-5.508942636661231
 30
0.0
 11
0.6002038749866188
 21
-5.508942636661231
 31
0.0
  0
LINE
  5
1E1
330
14D
100
AcDbEntity
  8
0
 48
5.0
100
AcDbLine
 10
-0.6002038749866188
 20
-5.208942636847496
 30
0.0
 11
0.6002038749866188
 21
-5.208942636847496
 31
0.0
  0
LINE
  5
1E2
330
14D
100
AcDbEntity
  8
0
 48
5.0
100
AcDbLine
 10
-0.6002038749866188
 20
-4.90894263703376
 30
0.0
 11
0.6002038749866188
 21
-4.90894263703376
 31
0.0
  0
INSERT
  5
1E3
330
14D
100
AcDbEntity
  8
0
 48
5.0
100
AcDbBlockReference
  2
GRATINGS
 10
-1.530202921014279
 20
-0.7212444399483502
 30
0.0
  0
INSERT
  5
1E5
330
14D
100
AcDbEntity
  8
0
 48
5.0
100
AcDbBlockReference
  2
GRATINGS
 10
-0.3702029208652675
 20
-0.7212444399483502
 30
0.0
  0
INSERT
  5
1E7
330
14D
100
AcDbEntity
  8
0
 48
5.0
100
AcDbBlockReference
  2
GRATINGS
 10
0.7897970792837441
 20
-0.7212444399483502
 30
0.0
  0
INSERT
  5
1E9
330
14D
100
AcDbEntity
  8
0
 48
5.0
100
AcDbBlockReference
  2
GRATINGS
 10
1.949797079432755
 20
-0.7212444399483502
 30
0.0
  0
LWPOLYLINE
  5
1EB
330
14D
100
AcDbEntity
  8
14-BOH
440
33554559
100
AcDbPolyline
 90
4
 70
1
 10
3.0
 20
-3.600000000093132
 10
-3.0
 20
-3.600000000093132
 10
-3.0
 20
0.0
 10
3.0
 20
0.0
  0
HATCH
  5
1EC
330
14D
100
AcDbEntity
  8
14-BOH
440
33554559
100
AcDbHatch
 10
0.0
 20
0.0
 30
0.0
210
0.0
220
0.0
230
1.0
  2
SOLID
 70
1
 71
0
 91
1
 92
1
 93
4
 72
1
 10
3.0
 20
-3.600000000093132
 11
-3.0
 21
-3.600000000093132
 72
1
 10
-3.0
 20
-3.600000000093132
 11
-3.0
 21
0.0
 72
1
 10
-3.0
 20
0.0
 11
3.0
 21
0.0
 72
1
 10
3.0
 20
0.0
 11
3.0
 21
-3.600000000093132
 97
0
 75
1
 76
1
 98
1
 10
0.0
 20
0.0
450
0
451
0
460
0.0
461
0.0
452
0
462
0.0
453
2
463
0
 63
5
421
255
463
1
 63
2
421
16776960
470
LINEAR
  0
ENDBLK
  5
14F
330
14D
100
AcDbEntity
  8
0
100
AcDbBlockEnd
  0
BLOCK
  5
1EE
330
1ED
100
AcDbEntity
  8
0
100
AcDbBlockBegin
  2
TOILET 20FTx12FT
 70
2
 10
0.0
 20
0.0
 30
0.0
  3
TOILET 20FTx12FT
  1

  0
LINE
  5
1F0
330
1ED
100
AcDbEntity
  8
0
100
AcDbLine
 10
2399.989799246425
 20
-3799.972263833421
 30
0.0
 11
2399.989798645955
 21
-5899.972263568983
 31
0.0
  0
LINE
  5
1F1
330
1ED
100
AcDbEntity
  8
0
100
AcDbLine
 10
3599.989799364936
 20
-4399.972264219337
 30
0.0
 11
2399.989799067145
 21
-4399.972263761301
 31
0.0
  0
LINE
  5
1F2
330
1ED
100
AcDbEntity
  8
0
100
AcDbLine
 10
3599.989799248521
 20
-4699.972264195239
 30
0.0
 11
2399.989799004281
 21
-4699.97226371328
 31
0.0
  0
LINE
  5
1F3
330
1ED
100
AcDbEntity
  8
0
100
AcDbLine
 10
3599.989799185889
 20
-4999.972264147218
 30
0.0
 11
2399.989798887866
 21
-4999.972263689182
 31
0.0
  0
LINE
  5
1F4
330
1ED
100
AcDbEntity
  8
0
100
AcDbLine
 10
2399.989798771916
 20
-5299.972263665084
 30
0.0
 11
3599.989799069474
 21
-5299.972264123091
 31
0.0
  0
LINE
  5
1F5
330
1ED
100
AcDbEntity
  8
0
100
AcDbLine
 10
2399.989798517432
 20
-5899.972263665084
 30
0.0
 11
3599.98979881499
 21
-5899.972264123062
 31
0.0
  0
LINE
  5
1F6
330
1ED
100
AcDbEntity
  8
0
100
AcDbLine
 10
3599.98979900661
 20
-5599.97226407507
 30
0.0
 11
2399.989798708819
 21
-5599.972263617004
 31
0.0
  0
LINE
  5
1F7
330
1ED
100
AcDbEntity
  8
0
100
AcDbLine
 10
2399.989798645955
 20
-5899.972263568983
 30
0.0
 11
3599.989798890194
 21
-5899.972264050972
 31
0.0
  0
LINE
  5
1F8
330
1ED
100
AcDbEntity
  8
0
100
AcDbLine
 10
3599.989798947471
 20
-5672.523718340351
 30
0.0
 11
3637.683143421077
 21
-5672.523718578974
 31
0.0
  0
LINE
  5
1F9
330
1ED
100
AcDbEntity
  8
0
100
AcDbLine
 10
3637.683143421077
 20
-5672.523718578974
 30
0.0
 11
3637.683143825969
 21
-3799.972264105571
 31
0.0
  0
LINE
  5
1FA
330
1ED
100
AcDbEntity
  8
0
100
AcDbLine
 10
3599.989798784256
 20
-5899.972264098847
 30
0.0
 11
3599.989799246192
 21
-3799.972263914795
 31
0.0
  0
LINE
  5
1FB
330
1ED
100
AcDbEntity
  8
0
100
AcDbLine
 10
2362.296454773052
 20
-3799.972263594769
 30
0.0
 11
2362.296454368392
 21
-5672.523718068202
 31
0.0
  0
LINE
  5
1FC
330
1ED
100
AcDbEntity
  8
0
100
AcDbLine
 10
2362.296454368392
 20
-5672.523718068202
 30
0.0
 11
2399.989798841533
 21
-5672.523718306823
 31
0.0
  0
INSERT
  5
1FD
330
1ED
100
AcDbEntity
  8
0
100
AcDbBlockReference
 66
1
  2
E_LIGHT
 10
2999.984172222204
 20
-3799.976587107813
 30
0.0
  0
ATTRIB
  5
1FE
330
1FD
100
AcDbEntity
  8
0
 62
0
100
AcDbText
 10
2899.412743650776
 20
-3879.976587107813
 30
-1.299e-13
 40
60.0
  1
LIGHT
  7
CEB- Romand
 41
0.8
 72
1
 11
2999.984172222204
 21
-3899.976587107813
 31
-1.299e-13
100
AcDbAttribute
  2
LIGHT
 70
0
 74
1
280
1
 71
1
 72
0
 11
2999.984172222204
 21
-3899.976587107813
 31
-1.299e-13
  0
SEQEND
  5
1FF
330
1FD
100
AcDbEntity
  8
0
  0
LINE
  5
200
330
1ED
100
AcDbEntity
  8
0
100
AcDbLine
 10
2599.98979925178
 20
-3799.999986262148
 30
0.0
 11
3399.989799241069
 21
-3799.999986262148
 31
0.0
  0
INSERT
  5
201
330
1ED
100
AcDbEntity
  8
0
100
AcDbBlockReference
  2
*U1049
 10
3399.989799241069
 20
-3799.999986262148
 30
0.0
 50
180.0
  0
LWPOLYLINE
  5
203
330
1ED
100
AcDbEntity
  8
0
 62
0
100
AcDbPolyline
 90
3
 70
0
 38
-0.0015855894937165
 10
930.2981753544148
 20
-99.99999999240912
 10
930.2981753544772
 20
-1282.211943887456
 10
855.8960490482693
 20
-1282.211943887398
210
-5.0188602927e-06
220
5.8181743517e-06
230
0.99999999997048
  0
LWPOLYLINE
  5
204
330
1ED
100
AcDbEntity
  8
0
100
AcDbPolyline
 90
2
 70
0
 38
-0.001083703464443
 10
267.6220941664478
 20
-1282.211943887379
 10
99.99999999810443
 20
-1282.211943890405
210
-5.0188602927e-06
220
5.8181743517e-06
230
0.99999999997048
  0
LWPOLYLINE
  5
205
330
1ED
100
AcDbEntity
  8
0
 62
0
100
AcDbPolyline
 90
2
 70
0
 38
-0.0015855894937176
 10
855.8960490485294
 20
-1299.098140756266
 10
1121.586498527419
 20
-1299.098140753413
210
-5.0188602927e-06
220
5.8181743517e-06
230
0.99999999997048
  0
LWPOLYLINE
  5
206
330
1ED
100
AcDbEntity
  8
0
 62
0
100
AcDbPolyline
 90
3
 70
0
 38
-0.0020874755229893
 10
1709.860453408309
 20
-1299.098140753433
 10
1801.234493318099
 20
-1299.098140752414
 10
1801.234493318474
 20
-99.99999998948905
210
-5.0188602927e-06
220
5.8181743517e-06
230
0.99999999997048
  0
LWPOLYLINE
  5
207
330
1ED
100
AcDbEntity
  8
0
 62
0
100
AcDbPolyline
 90
4
 70
0
 38
-0.0015855894937176
 10
947.1843722238203
 20
-99.99999999255463
 10
947.1843722236497
 20
-1282.211943887485
 10
1121.586498527159
 20
-1282.211943884546
 10
1121.586498527419
 20
-1299.098140753413
210
-5.0188602927e-06
220
5.8181743517e-06
230
0.99999999997048
  0
LWPOLYLINE
  5
208
330
1ED
100
AcDbEntity
  8
0
 62
0
100
AcDbPolyline
 90
3
 70
0
 38
-0.0020874755229911
 10
1709.860453408049
 20
-1282.211943884536
 10
1784.348296449597
 20
-1282.211943884449
 10
1784.348296450233
 20
-99.99999998963457
210
-5.0188602927e-06
220
5.8181743517e-06
230
0.99999999997048
  0
LWPOLYLINE
  5
209
330
1ED
100
AcDbEntity
  8
0
 62
0
100
AcDbPolyline
 90
2
 70
0
 38
-0.0015855894937194
 10
855.8960490485294
 20
-1299.098140756266
 10
855.8960490484997
 20
-1282.126227152029
210
-5.0188602927e-06
220
5.8181743517e-06
230
0.99999999997048
  0
LWPOLYLINE
  5
20A
330
1ED
100
AcDbEntity
  8
0
 62
0
100
AcDbPolyline
 90
2
 70
0
 38
-0.002087475522988
 10
1709.860453408309
 20
-1299.098140753433
 10
1709.860453408047
 20
-1282.126227149051
210
-5.0188602927e-06
220
5.8181743517e-06
230
0.99999999997048
  0
INSERT
  5
20B
330
1ED
100
AcDbEntity
  8
04-EXISTING BUILDING
100
AcDbBlockReference
  2
EXHAUST
 10
1305.599518680567
 20
-49.99999996105853
 30
-0.0068435303001441
 41
1000.0
 42
1000.0
 43
1000.0
210
-5.0188602927e-06
220
5.8181743517e-06
230
0.99999999997048
  0
LWPOLYLINE
  5
20D
330
1ED
100
AcDbEntity
  8
0
 62
0
100
AcDbPolyline
 90
4
 70
1
 38
0.0083367414128677
 10
1632.312972960255
 20
-1593.302108768088
 10
1121.586498527158
 20
-1299.061958078734
 10
1131.701073301291
 20
-1285.518713889533
 10
1642.427547735555
 20
-1579.844581314228
210
-5.0188602927e-06
220
5.8181743517e-06
230
0.99999999997048
  0
ARC
  5
20E
330
1ED
100
AcDbEntity
  8
0
  6
HIDDEN2
 62
0
100
AcDbCircle
 10
1121.586498527227
 20
-1299.061958078708
 30
-0.0020874755229906
 40
591.704554698364
210
-5.0188602927e-06
220
5.8181743517e-06
230
0.99999999997048
100
AcDbArc
 50
331.6711305067035
 51
0.0
  0
LWPOLYLINE
  5
20F
330
1ED
100
AcDbEntity
  8
0
 62
0
100
AcDbPolyline
 90
4
 70
1
 38
0.0083367414128671
 10
778.34856860075
 20
-1593.302108771028
 10
267.6220941669551
 20
-1299.061958081703
 10
277.7366689415539
 20
-1285.518713892356
 10
788.4631433751184
 20
-1579.84458131708
210
-5.0188602927e-06
220
5.8181743517e-06
230
0.99999999997048
  0
ARC
  5
210
330
1ED
100
AcDbEntity
  8
0
  6
HIDDEN2
 62
0
100
AcDbCircle
 10
267.6220941672148
 20
-1299.061958081715
 30
-0.0015855894937172
 40
591.704554698364
210
-5.0188602927e-06
220
5.8181743517e-06
230
0.99999999997048
100
AcDbArc
 50
331.6711305067035
 51
0.0
  0
INSERT
  5
211
330
1ED
100
AcDbEntity
  8
0
 62
0
440
33554687
100
AcDbBlockReference
  2
WC-BYRNE
 10
1365.765873943534
 20
-135.9211418530875
 30
-0.0018365325083507
 41
1000.0
 42
1000.0
 43
1000.0
210
-5.0188602927e-06
220
5.8181743517e-06
230
0.99999999997048
  0
INSERT
  5
213
330
1ED
100
AcDbEntity
  8
0
 62
0
440
33554687
100
AcDbBlockReference
  2
WC-BYRNE
 10
510.0706863030484
 20
-135.9211418560658
 30
-0.0013346464790812
 41
1000.0
 42
1000.0
 43
1000.0
210
-5.0188602927e-06
220
5.8181743517e-06
230
0.99999999997048
  0
LINE
  5
215
330
1ED
100
AcDbEntity
  8
0
100
AcDbLine
 10
267.6220941343345
 20
-1299.061958068894
 30
0.0073157373739637
 11
267.6220941345673
 21
-1282.211943874834
 31
0.0072177010535523
210
-5.0188602927e-06
220
5.8181743517e-06
230
0.99999999997048
  0
LWPOLYLINE
  5
216
330
1ED
100
AcDbEntity
  8
0
100
AcDbPolyline
 90
2
 70
0
 38
-0.0010837034644432
 10
267.6220941669398
 20
-1299.061958081695
 10
99.99999999836362
 20
-1299.061958084606
210
-5.0188602927e-06
220
5.8181743517e-06
230
0.99999999997048
  0
HATCH
  5
217
330
1ED
100
AcDbEntity
  8
0
 62
0
100
AcDbHatch
 10
0.0
 20
0.0
 30
-0.0045444302547991
210
0.0
220
0.0
230
1.0
  2
ANSI32
 70
0
 71
0
 91
1
 92
1
 93
8
 72
1
 10
4844.380080744391
 20
0.0
 11
5999.979599449085
 21
0.0
 72
1
 10
5999.979599449085
 20
0.0
 11
5999.979599449085
 21
-3799.999986262148
 72
1
 10
5999.979599449085
 20
-3799.999986262148
 11
3399.989799241069
 21
-3799.999986262148
 72
1
 10
3399.989799241069
 20
-3799.999986262148
 11
3399.989799241069
 21
-3699.999986262148
 72
1
 10
3399.989799241069
 20
-3699.999986262148
 11
5899.979599449318
 21
-3699.999986262148
 72
1
 10
5899.979599449318
 20
-3699.999986262148
 11
5899.979599449318
 21
-100.0
 72
1
 10
5899.979599449318
 20
-100.0
 11
4844.380080744391
 21
-100.0
 72
1
 10
4844.380080744391
 20
-100.0
 11
4844.380080744391
 21
0.0
 97
0
 75
1
 76
1
 52
0.0
 41
5.0
 77
0
 78
2
 53
45.0
 43
291343.5162371027
 44
-210713.2628355222
 45
-33.67596045400933
 46
33.67596045400933
 79
0
 53
45.0
 43
291365.9668871027
 44
-210713.2628355222
 45
-33.67596045400933
 46
33.67596045400933
 79
0
 98
1
 10
291343.5162371027
 20
-210713.2628355222
  0
LWPOLYLINE
  5
218
330
1ED
100
AcDbEntity
  8
0
100
AcDbPolyline
 90
8
 70
1
 10
4844.380080744391
 20
0.0
 10
5999.979599449085
 20
0.0
 10
5999.979599449085
 20
-3799.999986262148
 10
3399.989799241069
 20
-3799.999986262148
 10
3399.989799241069
 20
-3699.999986262148
 10
5899.979599449318
 20
-3699.999986262148
 10
5899.979599449318
 20
-100.0
 10
4844.380080744391
 20
-100.0
  0
HATCH
  5
219
330
1ED
100
AcDbEntity
  8
0
 62
0
100
AcDbHatch
 10
0.0
 20
0.0
 30
-0.0045444302547991
210
0.0
220
0.0
230
1.0
  2
ANSI32
 70
0
 71
0
 91
1
 92
1
 93
8
 72
1
 10
1155.599518682575
 20
-100.0
 11
100.0
 21
-100.0
 72
1
 10
100.0
 20
-100.0
 11
100.0
 21
-3699.999986262148
 72
1
 10
100.0
 20
-3699.999986262148
 11
2599.98979925178
 21
-3699.999986262148
 72
1
 10
2599.98979925178
 20
-3699.999986262148
 11
2599.98979925178
 21
-3799.999986262148
 72
1
 10
2599.98979925178
 20
-3799.999986262148
 11
0.0
 21
-3799.999986262148
 72
1
 10
0.0
 20
-3799.999986262148
 11
0.0
 21
0.0
 72
1
 10
0.0
 20
0.0
 11
1155.599518682575
 21
0.0
 72
1
 10
1155.599518682575
 20
0.0
 11
1155.599518682575
 21
-100.0
 97
0
 75
1
 76
1
 52
0.0
 41
5.0
 77
0
 78
2
 53
45.0
 43
291343.5162371027
 44
-210713.2628355222
 45
-33.67596045400933
 46
33.67596045400933
 79
0
 53
45.0
 43
291365.9668871027
 44
-210713.2628355222
 45
-33.67596045400933
 46
33.67596045400933
 79
0
 98
1
 10
291343.5162371027
 20
-210713.2628355222
  0
LWPOLYLINE
  5
21A
330
1ED
100
AcDbEntity
  8
0
100
AcDbPolyline
 90
8
 70
1
 10
1155.599518682575
 20
-100.0
 10
100.0
 20
-100.0
 10
100.0
 20
-3699.999986262148
 10
2599.98979925178
 20
-3699.999986262148
 10
2599.98979925178
 20
-3799.999986262148
 10
0.0
 20
-3799.999986262148
 10
0.0
 20
0.0
 10
1155.599518682575
 20
0.0
  0
LWPOLYLINE
  5
21B
330
1ED
100
AcDbEntity
  8
0
 62
0
100
AcDbPolyline
 90
3
 70
0
 38
0.0285274698750992
 10
5069.681424019103
 20
-100.0000001676121
 10
5069.681424019041
 20
-1282.211944062659
 10
5144.083550325714
 20
-1282.211944062601
210
5.0188602927e-06
220
5.8181743517e-06
230
0.99999999997048
  0
LWPOLYLINE
  5
21C
330
1ED
100
AcDbEntity
  8
0
100
AcDbPolyline
 90
2
 70
0
 38
0.0290293559043698
 10
5732.357505206838
 20
-1282.211944062611
 10
5899.97959937518
 20
-1282.211944065667
210
5.0188602927e-06
220
5.8181743517e-06
230
0.99999999997048
  0
LWPOLYLINE
  5
21D
330
1ED
100
AcDbEntity
  8
0
 62
0
100
AcDbPolyline
 90
2
 70
0
 38
0.028527469875097
 10
5144.083550325222
 20
-1299.098140931469
 10
4878.393100845633
 20
-1299.098140928617
210
5.0188602927e-06
220
5.8181743517e-06
230
0.99999999997048
  0
LWPOLYLINE
  5
21E
330
1ED
100
AcDbEntity
  8
0
 62
0
100
AcDbPolyline
 90
3
 70
0
 38
0.028025583845826
 10
4290.119145965208
 20
-1299.098140928665
 10
4198.745106055652
 20
-1299.098140927646
 10
4198.745106055044
 20
-100.0000001646629
210
5.0188602927e-06
220
5.8181743517e-06
230
0.99999999997048
  0
LWPOLYLINE
  5
21F
330
1ED
100
AcDbEntity
  8
0
 62
0
100
AcDbPolyline
 90
4
 70
0
 38
0.028527469875097
 10
5052.795227149697
 20
-100.0000001677576
 10
5052.795227149869
 20
-1282.211944062688
 10
4878.393100845894
 20
-1282.211944059749
 10
4878.393100845633
 20
-1299.098140928617
210
5.0188602927e-06
220
5.8181743517e-06
230
0.99999999997048
  0
LWPOLYLINE
  5
220
330
1ED
100
AcDbEntity
  8
0
 62
0
100
AcDbPolyline
 90
3
 70
0
 38
0.0280255838458269
 10
4290.119145965468
 20
-1282.211944059769
 10
4215.631302923922
 20
-1282.211944059623
 10
4215.631302923285
 20
-100.0000001648085
210
5.0188602927e-06
220
5.8181743517e-06
230
0.99999999997048
  0
LWPOLYLINE
  5
221
330
1ED
100
AcDbEntity
  8
0
 62
0
100
AcDbPolyline
 90
2
 70
0
 38
0.0285274698750964
 10
5144.083550325222
 20
-1299.098140931469
 10
5144.083550325484
 20
-1282.126227327232
210
5.0188602927e-06
220
5.8181743517e-06
230
0.99999999997048
  0
LWPOLYLINE
  5
222
330
1ED
100
AcDbEntity
  8
0
 62
0
100
AcDbPolyline
 90
2
 70
0
 38
0.0280255838458263
 10
4290.119145965208
 20
-1299.098140928665
 10
4290.119145965471
 20
-1282.126227324253
210
5.0188602927e-06
220
5.8181743517e-06
230
0.99999999997048
  0
LWPOLYLINE
  5
223
330
1ED
100
AcDbEntity
  8
0
 62
0
100
AcDbPolyline
 90
4
 70
1
 38
0.0384498149515231
 10
4367.666626413263
 20
-1593.302108943321
 10
4878.393100845894
 20
-1299.061958253966
 10
4868.278526072459
 20
-1285.518714064765
 10
4357.552051637964
 20
-1579.84458148946
210
5.0188602927e-06
220
5.8181743517e-06
230
0.99999999997048
  0
ARC
  5
224
330
1ED
100
AcDbEntity
  8
0
  6
HIDDEN2
 62
0
100
AcDbCircle
 10
4878.393100846057
 20
-1299.061958253911
 30
0.0280255838458225
 40
591.704554698364
210
5.0188602927e-06
220
5.8181743517e-06
230
0.99999999997048
100
AcDbArc
 50
180.0
 51
208.3288694932964
  0
LWPOLYLINE
  5
225
330
1ED
100
AcDbEntity
  8
0
 62
0
100
AcDbPolyline
 90
4
 70
1
 38
0.0384498149515195
 10
5221.631030772535
 20
-1593.302108946289
 10
5732.357505206098
 20
-1299.061958256906
 10
5722.242930432198
 20
-1285.518714067588
 10
5211.516455998167
 20
-1579.844581492312
210
5.0188602927e-06
220
5.8181743517e-06
230
0.99999999997048
  0
ARC
  5
226
330
1ED
100
AcDbEntity
  8
0
  6
HIDDEN2
 62
0
100
AcDbCircle
 10
5732.357505206072
 20
-1299.061958256918
 30
0.0285274698750959
 40
591.704554698364
210
5.0188602927e-06
220
5.8181743517e-06
230
0.99999999997048
100
AcDbArc
 50
180.0
 51
208.3288694932964
  0
INSERT
  5
227
330
1ED
100
AcDbEntity
  8
0
 62
0
440
33554687
100
AcDbBlockReference
  2
WC-BYRNE
 10
4634.213725430682
 20
-135.9211420283197
 30
0.0282765268604661
 41
-1000.0
 42
1000.0
 43
1000.0
210
5.0188602927e-06
220
5.8181743517e-06
230
0.99999999997048
  0
INSERT
  5
229
330
1ED
100
AcDbEntity
  8
0
 62
0
440
33554687
100
AcDbBlockReference
  2
WC-BYRNE
 10
5489.908913070237
 20
-135.9211420312979
 30
0.028778412889738
 41
-1000.0
 42
1000.0
 43
1000.0
210
5.0188602927e-06
220
5.8181743517e-06
230
0.99999999997048
  0
LINE
  5
22B
330
1ED
100
AcDbEntity
  8
0
100
AcDbLine
 10
5732.357505314751
 20
-1299.061958068894
 30
0.0073157373739637
 11
5732.357505314517
 21
-1282.211943874834
 31
0.0072177010535523
210
5.0188602927e-06
220
5.8181743517e-06
230
0.99999999997048
  0
LWPOLYLINE
  5
22C
330
1ED
100
AcDbEntity
  8
0
100
AcDbPolyline
 90
2
 70
0
 38
0.0290293559043696
 10
5732.357505206113
 20
-1299.061958256928
 10
5899.979599374922
 20
-1299.061958259867
210
5.0188602927e-06
220
5.8181743517e-06
230
0.99999999997048
  0
LWPOLYLINE
  5
22D
330
1ED
100
AcDbEntity
  8
0
 62
0
440
33554687
100
AcDbPolyline
 90
2
 70
0
 38
0.0159928130296512
 10
4198.745106115762
 20
-710.7371508448697
 10
1801.184442035284
 20
-710.737150844957
210
5.0188602927e-06
220
5.8181743517e-06
230
0.99999999997048
  0
INSERT
  5
22E
330
1ED
100
AcDbEntity
  8
0
 62
0
440
33554687
100
AcDbBlockReference
  2
WASH-03
 10
2259.932600539154
 20
-181.0238131503294
 30
0.0164061072852674
 41
-1000.000000000001
 42
1000.0
 43
1000.0
210
5.0188602927e-06
220
5.8181743517e-06
230
0.99999999997048
  0
INSERT
  5
230
330
1ED
100
AcDbEntity
  8
0
 62
0
440
33554687
100
AcDbBlockReference
  2
WASH-03
 10
2999.912647058937
 20
-181.0238166744249
 30
0.0164061072852614
 41
-1000.000000000001
 42
1000.0
 43
1000.0
210
5.0188602927e-06
220
5.8181743517e-06
230
0.99999999997048
  0
INSERT
  5
232
330
1ED
100
AcDbEntity
  8
0
 62
0
440
33554687
100
AcDbBlockReference
  2
WASH-03
 10
3739.912647058711
 20
-181.023816674454
 30
0.0164061072852638
 41
-1000.000000000001
 42
1000.0
 43
1000.0
210
5.0188602927e-06
220
5.8181743517e-06
230
0.99999999997048
  0
INSERT
  5
234
330
1ED
100
AcDbEntity
  8
04-EXISTING BUILDING
100
AcDbBlockReference
  2
EXHAUST
 10
4694.380080693184
 20
-50.00000013626156
 30
0.023269529068674
 41
-1000.0
 42
1000.0
 43
1000.0
210
5.0188602927e-06
220
5.8181743517e-06
230
0.99999999997048
  0
LINE
  5
236
330
1ED
100
AcDbEntity
  8
04-EXISTING BUILDING
100
AcDbLine
 10
1155.599518682575
 20
0.0
 30
-0.0007528290439564
 11
1155.599518682575
 21
-100.0
 31
-0.0007528290439564
  0
LINE
  5
237
330
1ED
100
AcDbEntity
  8
04-EXISTING BUILDING
100
AcDbLine
 10
4844.380080744391
 20
0.0
 30
0.0007528290283463
 11
4844.380080744391
 21
-100.0
 31
0.0007528290283463
  0
LWPOLYLINE
  5
238
330
1ED
100
AcDbEntity
  8
0
 62
0
100
AcDbPolyline
 90
3
 70
0
 38
0.050636532331787
 10
5069.681424019103
 20
-3699.999986030248
 10
5069.681424019274
 20
-2517.788042135172
 10
5144.083550325948
 20
-2517.788042135201
210
5.0188602927e-06
220
-5.8181743517e-06
230
0.99999999997048
  0
LWPOLYLINE
  5
239
330
1ED
100
AcDbEntity
  8
0
100
AcDbPolyline
 90
2
 70
0
 38
0.0511384183610578
 10
5732.357505207071
 20
-2517.78804213522
 10
5899.979599375413
 20
-2517.788042132164
210
5.0188602927e-06
220
-5.8181743517e-06
230
0.99999999997048
  0
LWPOLYLINE
  5
23A
330
1ED
100
AcDbEntity
  8
0
 62
0
100
AcDbPolyline
 90
2
 70
0
 38
0.0506365323317847
 10
5144.083550325454
 20
-2500.901845266362
 10
4878.393100845633
 20
-2500.901845269215
210
5.0188602927e-06
220
-5.8181743517e-06
230
0.99999999997048
  0
LWPOLYLINE
  5
23B
330
1ED
100
AcDbEntity
  8
0
 62
0
100
AcDbPolyline
 90
4
 70
0
 38
0.0506365323317847
 10
5052.795227149697
 20
-3699.999986030102
 10
5052.795227150102
 20
-2517.788042135143
 10
4878.393100845894
 20
-2517.788042138082
 10
4878.393100845633
 20
-2500.901845269215
210
5.0188602927e-06
220
-5.8181743517e-06
230
0.99999999997048
  0
LWPOLYLINE
  5
23C
330
1ED
100
AcDbEntity
  8
0
 62
0
100
AcDbPolyline
 90
3
 70
0
 38
0.0501346463025157
 10
4290.119145965702
 20
-2517.788042138063
 10
4215.631302924154
 20
-2517.788042138208
 10
4215.631302923285
 20
-3699.999986033051
210
5.0188602927e-06
220
-5.8181743517e-06
230
0.99999999997048
  0
LWPOLYLINE
  5
23D
330
1ED
100
AcDbEntity
  8
0
 62
0
100
AcDbPolyline
 90
3
 70
0
 38
0.0501346463025154
 10
4198.745106055276
 20
-3699.999986033198
 10
4198.745106055886
 20
-2500.901845270155
 10
4290.119145965441
 20
-2500.901845269166
210
5.0188602927e-06
220
-5.8181743517e-06
230
0.99999999997048
  0
LWPOLYLINE
  5
23E
330
1ED
100
AcDbEntity
  8
0
 62
0
100
AcDbPolyline
 90
2
 70
0
 38
0.050636532331786
 10
5144.083550325454
 20
-2500.901845266362
 10
5144.083550325717
 20
-2517.87375887057
210
5.0188602927e-06
220
-5.8181743517e-06
230
0.99999999997048
  0
LWPOLYLINE
  5
23F
330
1ED
100
AcDbEntity
  8
0
 62
0
100
AcDbPolyline
 90
2
 70
0
 38
0.0501346463025152
 10
4290.119145965441
 20
-2500.901845269166
 10
4290.119145965704
 20
-2517.873758873577
210
5.0188602927e-06
220
-5.8181743517e-06
230
0.99999999997048
  0
LWPOLYLINE
  5
240
330
1ED
100
AcDbEntity
  8
0
 62
0
100
AcDbPolyline
 90
4
 70
1
 38
0.0605588774082099
 10
4367.666626413496
 20
-2206.69787725451
 10
4878.393100845894
 20
-2500.938027943894
 10
4868.278526072693
 20
-2514.481272133066
 10
4357.552051637964
 20
-2220.15540470837
210
5.0188602927e-06
220
-5.8181743517e-06
230
0.99999999997048
  0
ARC
  5
241
330
1ED
100
AcDbEntity
  8
0
  6
HIDDEN2
 62
0
100
AcDbCircle
 10
4878.393100846291
 20
-2500.93802794395
 30
0.0501346463025115
 40
591.704554698364
210
5.0188602927e-06
220
-5.8181743517e-06
230
0.99999999997048
100
AcDbArc
 50
151.6711305081714
 51
180.0
  0
LWPOLYLINE
  5
242
330
1ED
100
AcDbEntity
  8
0
 62
0
100
AcDbPolyline
 90
4
 70
1
 38
0.0605588774082064
 10
5221.631030772303
 20
-2206.697877251571
 10
5732.357505206098
 20
-2500.938027940926
 10
5722.242930431964
 20
-2514.481272130243
 10
5211.516455998167
 20
-2220.155404705518
210
5.0188602927e-06
220
-5.8181743517e-06
230
0.99999999997048
  0
ARC
  5
243
330
1ED
100
AcDbEntity
  8
0
  6
HIDDEN2
 62
0
100
AcDbCircle
 10
5732.357505206072
 20
-2500.938027940913
 30
0.0506365323317837
 40
591.704554698364
210
5.0188602927e-06
220
-5.8181743517e-06
230
0.99999999997048
100
AcDbArc
 50
151.6711305081714
 51
180.0
  0
INSERT
  5
244
330
1ED
100
AcDbEntity
  8
0
 62
0
440
33554687
100
AcDbBlockReference
  2
WC-BYRNE
 10
4634.213725430682
 20
-3664.078844169541
 30
0.050385589317154
 41
1000.0
 42
1000.0
 43
1000.0
 50
180.0
210
5.0188602927e-06
220
-5.8181743517e-06
230
0.99999999997048
  0
INSERT
  5
246
330
1ED
100
AcDbEntity
  8
0
 62
0
440
33554687
100
AcDbBlockReference
  2
WC-BYRNE
 10
5489.908913070469
 20
-3664.078844166562
 30
0.0508874753464262
 41
1000.0
 42
1000.0
 43
1000.0
 50
180.0
210
5.0188602927e-06
220
-5.8181743517e-06
230
0.99999999997048
  0
LINE
  5
248
330
1ED
100
AcDbEntity
  8
0
100
AcDbLine
 10
5732.357505314751
 20
-2500.938028193283
 30
0.0073157373739637
 11
5732.357505314517
 21
-2517.788042387343
 31
0.0072177010535523
210
5.0188602927e-06
220
-5.8181743517e-06
230
0.99999999997048
  0
LWPOLYLINE
  5
249
330
1ED
100
AcDbEntity
  8
0
100
AcDbPolyline
 90
2
 70
0
 38
0.0511384183610569
 10
5732.357505206346
 20
-2500.938027940933
 10
5899.979599375154
 20
-2500.938027937993
210
5.0188602927e-06
220
-5.8181743517e-06
230
0.99999999997048
  0
LWPOLYLINE
  5
24A
330
1ED
100
AcDbEntity
  8
0
 62
0
100
AcDbPolyline
 90
3
 70
0
 38
0.0205234729629705
 10
930.2981753548804
 20
-3699.99998620548
 10
930.2981753544772
 20
-2517.788042310375
 10
855.8960490478037
 20
-2517.788042310375
210
-5.0188602927e-06
220
-5.8181743517e-06
230
0.99999999997048
  0
LWPOLYLINE
  5
24B
330
1ED
100
AcDbEntity
  8
0
100
AcDbPolyline
 90
2
 70
0
 38
0.0210253589922437
 10
267.6220941662149
 20
-2517.788042310394
 10
99.9999999978716
 20
-2517.788042307338
210
-5.0188602927e-06
220
-5.8181743517e-06
230
0.99999999997048
  0
LWPOLYLINE
  5
24C
330
1ED
100
AcDbEntity
  8
0
 62
0
100
AcDbPolyline
 90
2
 70
0
 38
0.0205234729629705
 10
855.8960490482967
 20
-2500.901845441565
 10
1121.586498527885
 20
-2500.901845444417
210
-5.0188602927e-06
220
-5.8181743517e-06
230
0.99999999997048
  0
LWPOLYLINE
  5
24D
330
1ED
100
AcDbEntity
  8
0
 62
0
100
AcDbPolyline
 90
3
 70
0
 38
0.0200215869336955
 10
1709.860453408077
 20
-2500.90184544434
 10
1801.234493317633
 20
-2500.901845445329
 10
1801.234493318241
 20
-3699.9999862084
210
-5.0188602927e-06
220
-5.8181743517e-06
230
0.99999999997048
  0
LWPOLYLINE
  5
24E
330
1ED
100
AcDbEntity
  8
0
 62
0
100
AcDbPolyline
 90
4
 70
0
 38
0.0205234729629705
 10
947.1843722242859
 20
-3699.999986205334
 10
947.1843722236497
 20
-2517.788042310345
 10
1121.586498527625
 20
-2517.788042313285
 10
1121.586498527885
 20
-2500.901845444417
210
-5.0188602927e-06
220
-5.8181743517e-06
230
0.99999999997048
  0
LWPOLYLINE
  5
24F
330
1ED
100
AcDbEntity
  8
0
 62
0
100
AcDbPolyline
 90
3
 70
0
 38
0.0200215869336976
 10
1709.860453407817
 20
-2517.788042313237
 10
1784.348296449364
 20
-2517.788042313382
 10
1784.348296450466
 20
-3699.999986208255
210
-5.0188602927e-06
220
-5.8181743517e-06
230
0.99999999997048
  0
LWPOLYLINE
  5
250
330
1ED
100
AcDbEntity
  8
0
 62
0
100
AcDbPolyline
 90
2
 70
0
 38
0.0205234729629695
 10
855.8960490482967
 20
-2500.901845441565
 10
855.8960490480339
 20
-2517.873759045743
210
-5.0188602927e-06
220
-5.8181743517e-06
230
0.99999999997048
  0
LWPOLYLINE
  5
251
330
1ED
100
AcDbEntity
  8
0
 62
0
100
AcDbPolyline
 90
2
 70
0
 38
0.020021586933699
 10
1709.860453408077
 20
-2500.90184544434
 10
1709.860453407814
 20
-2517.873759048751
210
-5.0188602927e-06
220
-5.8181743517e-06
230
0.99999999997048
  0
LWPOLYLINE
  5
252
330
1ED
100
AcDbEntity
  8
0
 62
0
100
AcDbPolyline
 90
4
 70
1
 38
0.0304458180393944
 10
1632.312972960255
 20
-2206.697877429684
 10
1121.586498527624
 20
-2500.938028119097
 10
1131.701073301059
 20
-2514.48127230824
 10
1642.427547735555
 20
-2220.155404883515
210
-5.0188602927e-06
220
-5.8181743517e-06
230
0.99999999997048
  0
ARC
  5
253
330
1ED
100
AcDbEntity
  8
0
  6
HIDDEN2
 62
0
100
AcDbCircle
 10
1121.586498527227
 20
-2500.938028119153
 30
0.0200215869336955
 40
591.704554698364
210
-5.0188602927e-06
220
-5.8181743517e-06
230
0.99999999997048
100
AcDbArc
 50
0.0
 51
28.32886949182861
  0
LWPOLYLINE
  5
254
330
1ED
100
AcDbEntity
  8
0
 62
0
100
AcDbPolyline
 90
4
 70
1
 38
0.0304458180393893
 10
778.3485686014484
 20
-2206.697877426745
 10
267.6220941674208
 20
-2500.938028116099
 10
277.7366689417868
 20
-2514.481272305416
 10
788.4631433753513
 20
-2220.155404880692
210
-5.0188602927e-06
220
-5.8181743517e-06
230
0.99999999997048
  0
ARC
  5
255
330
1ED
100
AcDbEntity
  8
0
  6
HIDDEN2
 62
0
100
AcDbCircle
 10
267.6220941674477
 20
-2500.938028116116
 30
0.0205234729629676
 40
591.704554698364
210
-5.0188602927e-06
220
-5.8181743517e-06
230
0.99999999997048
100
AcDbArc
 50
0.0
 51
28.32886949182861
  0
INSERT
  5
256
330
1ED
100
AcDbEntity
  8
0
 62
0
440
33554687
100
AcDbBlockReference
  2
WC-BYRNE
 10
1365.765873943068
 20
-3664.078844344773
 30
0.0202725299483369
 41
-1000.0
 42
1000.0
 43
1000.0
 50
180.0
210
-5.0188602927e-06
220
-5.8181743517e-06
230
0.99999999997048
  0
INSERT
  5
258
330
1ED
100
AcDbEntity
  8
0
 62
0
440
33554687
100
AcDbBlockReference
  2
WC-BYRNE
 10
510.0706863030484
 20
-3664.078844341765
 30
0.0207744159776075
 41
-1000.0
 42
1000.0
 43
1000.0
 50
180.0
210
-5.0188602927e-06
220
-5.8181743517e-06
230
0.99999999997048
  0
LINE
  5
25A
330
1ED
100
AcDbEntity
  8
0
100
AcDbLine
 10
267.6220941345673
 20
-2500.938028193283
 30
0.0073157373739637
 11
267.6220941348002
 21
-2517.788042387343
 31
0.0072177010535523
210
-5.0188602927e-06
220
-5.8181743517e-06
230
0.99999999997048
  0
LWPOLYLINE
  5
25B
330
1ED
100
AcDbEntity
  8
0
100
AcDbPolyline
 90
2
 70
0
 38
0.021025358992242
 10
267.6220941669398
 20
-2500.938028116136
 10
99.99999999813079
 20
-2500.938028113196
210
-5.0188602927e-06
220
-5.8181743517e-06
230
0.99999999997048
  0
HATCH
  5
25C
330
1ED
100
AcDbEntity
  8
0
 62
0
100
AcDbHatch
 10
0.0
 20
0.0
 30
-0.0045444302547991
210
0.0
220
0.0
230
1.0
  2
ANSI32
 70
0
 71
0
 91
1
 92
1
 93
4
 72
1
 10
1455.599518731702
 20
0.0
 11
4544.380080691539
 21
0.0
 72
1
 10
4544.380080691539
 20
0.0
 11
4544.380080691539
 21
-100.0
 72
1
 10
4544.380080691539
 20
-100.0
 11
1455.599518731702
 21
-100.0
 72
1
 10
1455.599518731702
 20
-100.0
 11
1455.599518731702
 21
0.0
 97
0
 75
1
 76
1
 52
0.0
 41
5.0
 77
0
 78
2
 53
45.0
 43
291343.5162371027
 44
-210713.2628355222
 45
-33.67596045400933
 46
33.67596045400933
 79
0
 53
45.0
 43
291365.9668871027
 44
-210713.2628355222
 45
-33.67596045400933
 46
33.67596045400933
 79
0
 98
1
 10
291343.5162371027
 20
-210713.2628355222
  0
LWPOLYLINE
  5
25D
330
1ED
100
AcDbEntity
  8
0
100
AcDbPolyline
 90
4
 70
1
 38
-0.0045444302547991
 10
1455.599518731702
 20
0.0
 10
4544.380080691539
 20
0.0
 10
4544.380080691539
 20
-100.0
 10
1455.599518731702
 20
-100.0
  0
ATTDEF
  5
25E
330
1ED
100
AcDbEntity
  8
14-BOH
100
AcDbText
 10
-30.04990866663866
 20
49.98493915321887
 30
0.0
 40
200.0
  1
20' TOILET UNIT
  7
isocp- Blocks
100
AcDbAttributeDefinition
  3
20FT VIP 
  2
ANNO
 70
4
280
1
 71
1
 72
0
  0
LWPOLYLINE
  5
25F
330
1ED
100
AcDbEntity
  8
0
370
25
100
AcDbPolyline
 90
4
 70
1
 10
5899.979599355953
 20
-2374.999986215582
 10
6649.979599355953
 20
-2374.999986215582
 10
6649.979599355953
 20
-1624.999986215582
 10
5899.979599355953
 20
-1624.999986215582
  0
MTEXT
  5
260
330
1ED
100
AcDbEntity
  8
0
370
25
100
AcDbMText
 10
6274.979599355953
 20
-1999.999986215582
 30
0.0
 40
128.3489182288099
 41
0.0
 46
0.0
 71
5
 72
5
  1
A/C
  7
CourierNewPSMT
  0
LWPOLYLINE
  5
261
330
1ED
100
AcDbEntity
  8
0
370
25
100
AcDbPolyline
 90
4
 70
1
 10
100.000000067288
 20
-2374.999986215582
 10
-649.999999932712
 20
-2374.999986215582
 10
-649.999999932712
 20
-1624.999986215582
 10
100.000000067288
 20
-1624.999986215582
  0
MTEXT
  5
262
330
1ED
100
AcDbEntity
  8
0
370
25
100
AcDbMText
 10
-274.999999932712
 20
-1999.999986215582
 30
0.0
 40
128.3489182288099
 41
0.0
 46
0.0
 71
5
 72
5
  1
A/C
  7
CourierNewPSMT
  0
LWPOLYLINE
  5
263
330
1ED
100
AcDbEntity
  8
14-BOH
440
33554559
100
AcDbPolyline
 90
4
 70
1
 10
0.0
 20
-3799.999986262148
 10
5999.979599449085
 20
-3799.999986262148
 10
5999.979599449085
 20
0.0
 10
0.0
 20
0.0
  0
HATCH
  5
264
330
1ED
100
AcDbEntity
  8
14-BOH
440
33554559
100
AcDbHatch
 10
0.0
 20
0.0
 30
0.0
210
0.0
220
0.0
230
1.0
  2
SOLID
 70
1
 71
0
 91
1
 92
1
 93
4
 72
1
 10
0.0
 20
-3799.999986262148
 11
5999.979599449085
 21
-3799.999986262148
 72
1
 10
5999.979599449085
 20
-3799.999986262148
 11
5999.979599449085
 21
0.0
 72
1
 10
5999.979599449085
 20
0.0
 11
0.0
 21
0.0
 72
1
 10
0.0
 20
0.0
 11
0.0
 21
-3799.999986262148
 97
0
 75
1
 76
1
 98
1
 10
0.0
 20
0.0
450
0
451
0
460
0.0
461
0.0
452
0
462
0.0
453
2
463
0
 63
5
421
255
463
1
 63
2
421
16776960
470
LINEAR
  0
ENDBLK
  5
1EF
330
1ED
100
AcDbEntity
  8
0
100
AcDbBlockEnd
  0
BLOCK
  5
266
330
265
100
AcDbEntity
  8
0
100
AcDbBlockBegin
  2
20FT-OFFICE
 70
2
 10
0.0
 20
0.0
 30
0.0
  3
20FT-OFFICE
  1

  0
INSERT
  5
268
330
265
100
AcDbEntity
  8
0
100
AcDbBlockReference
  2
*U1053
 10
1475.000000093132
 20
0.0
 30
0.0
 50
180.0
  0
LINE
  5
26A
330
265
100
AcDbEntity
  8
04-EXISTING BUILDING
100
AcDbLine
 10
479.9999999813735
 20
0.0
 30
0.0
 11
1419.999999925494
 21
0.0
 31
0.0
  0
INSERT
  5
26B
330
265
100
AcDbEntity
  8
0
100
AcDbBlockReference
  2
SYMB_1G1W-SWITCH
 10
1633.46648402512
 20
99.99999997671694
 30
0.0
  0
INSERT
  5
26D
330
265
100
AcDbEntity
  8
0
100
AcDbBlockReference
  2
SYMB_OUTLET
 10
4202.956258319318
 20
3900.000000023283
 30
0.0
  0
INSERT
  5
26F
330
265
100
AcDbEntity
  8
0
100
AcDbBlockReference
  2
SYMB_OUTLET
 10
4352.956254035234
 20
3900.025175011251
 30
0.0
  0
INSERT
  5
271
330
265
100
AcDbEntity
  8
0
100
AcDbBlockReference
  2
SYMB_OUTLET
 10
4202.956258319318
 20
99.99999997671694
 30
0.0
 41
-1.0
 50
180.0
  0
INSERT
  5
273
330
265
100
AcDbEntity
  8
0
100
AcDbBlockReference
  2
SYMB_OUTLET
 10
4352.956254035234
 20
99.97482498874886
 30
0.0
 41
-1.0
 50
180.0
  0
INSERT
  5
275
330
265
100
AcDbEntity
  8
0
100
AcDbBlockReference
 66
1
  2
E_LIGHT
 10
950.0000001862645
 20
0.0
 30
0.0
  0
ATTRIB
  5
276
330
275
100
AcDbEntity
  8
0
 62
0
100
AcDbText
 10
849.4285716148358
 20
-79.99999997671694
 30
-1.11e-13
 40
60.0
  1
LIGHT
  7
CEB- Romand
 41
0.8
 72
1
 11
950.0000001862645
 21
-99.99999997671694
 31
-1.11e-13
100
AcDbAttribute
  2
LIGHT
 70
0
 74
1
280
1
 71
1
 72
0
 11
950.0000001862645
 21
-99.99999997671694
 31
-1.11e-13
  0
SEQEND
  5
277
330
275
100
AcDbEntity
  8
0
  0
INSERT
  5
278
330
265
100
AcDbEntity
  8
0
100
AcDbBlockReference
  2
ELE-DP
 10
6000.0
 20
311.7647058679722
 30
0.0
 50
270.0
  0
HATCH
  5
27A
330
265
100
AcDbEntity
  8
0
 62
0
100
AcDbHatch
 10
0.0
 20
0.0
 30
0.0
210
0.0
220
0.0
230
1.0
  2
ANSI32
 70
0
 71
0
 91
1
 92
1
 93
4
 72
1
 10
2885.999999940395
 20
0.0
 11
1475.000000093132
 21
0.0
 72
1
 10
1475.000000093132
 20
0.0
 11
1475.000000093132
 21
99.99999997671694
 72
1
 10
1475.000000093132
 20
99.99999997671694
 11
2885.999999940395
 21
99.99999997671694
 72
1
 10
2885.999999940395
 20
99.99999997671694
 11
2885.999999940395
 21
0.0
 97
0
 75
1
 76
1
 52
0.0
 41
5.0
 77
0
 78
2
 53
45.0
 43
316765.0
 44
-197293.0
 45
-33.67596045400933
 46
33.67596045400933
 79
0
 53
45.0
 43
316787.45065
 44
-197293.0
 45
-33.67596045400933
 46
33.67596045400933
 79
0
 98
1
 10
316765.0
 20
-197293.0
  0
LWPOLYLINE
  5
27B
330
265
100
AcDbEntity
  8
0
100
AcDbPolyline
 90
4
 70
1
 10
2885.999999940395
 20
0.0
 10
1475.000000093132
 20
0.0
 10
1475.000000093132
 20
99.99999997671694
 10
2885.999999940395
 20
99.99999997671694
  0
LWPOLYLINE
  5
27C
330
265
100
AcDbEntity
  8
0
370
25
100
AcDbPolyline
 90
4
 70
1
 10
5899.999999906867
 20
1425.000000046566
 10
6649.999999906867
 20
1425.000000046566
 10
6649.999999906867
 20
2175.000000046566
 10
5899.999999906867
 20
2175.000000046566
  0
LINE
  5
27D
330
265
100
AcDbEntity
  8
04-EXISTING BUILDING
100
AcDbLine
 10
2885.999999940395
 20
0.0
 30
0.0
 11
3885.999999940395
 21
1.7462298274e-06
 31
0.0
  0
INSERT
  5
27E
330
265
100
AcDbEntity
  8
04-EXISTING BUILDING
100
AcDbBlockReference
  2
WIN 1000
 10
2885.999999940395
 20
62.99999816110357
 30
0.0
 41
1000.0
 42
1000.0
 43
1000.0
  0
MTEXT
  5
280
330
265
100
AcDbEntity
  8
0
370
25
100
AcDbMText
 10
6274.999999906867
 20
1800.000000046566
 30
0.0
 40
128.3489182288099
 41
0.0
 46
0.0
 71
5
 72
5
  1
A/C
  7
CourierNewPSMT
  0
LINE
  5
281
330
265
100
AcDbEntity
  8
04-EXISTING BUILDING
100
AcDbLine
 10
2885.999999940395
 20
99.9999982304871
 30
0.0
 11
3885.999999940395
 21
99.99999997671694
 31
0.0
  0
LWPOLYLINE
  5
282
330
265
100
AcDbEntity
  8
0
370
25
100
AcDbPolyline
 90
4
 70
1
 10
-649.9999999068677
 20
1425.000000046566
 10
100.0000000931322
 20
1425.000000046566
 10
100.0000000931322
 20
2175.000000046566
 10
-649.9999999068677
 20
2175.000000046566
  0
MTEXT
  5
283
330
265
100
AcDbEntity
  8
0
370
25
100
AcDbMText
 10
-274.9999999068677
 20
1800.000000046566
 30
0.0
 40
128.3489182288099
 41
0.0
 46
0.0
 71
5
 72
5
  1
A/C
  7
CourierNewPSMT
  0
HATCH
  5
284
330
265
100
AcDbEntity
  8
0
 62
0
100
AcDbHatch
 10
0.0
 20
0.0
 30
0.0
210
0.0
220
0.0
230
1.0
  2
ANSI32
 70
0
 71
0
 91
1
 92
1
 93
12
 72
1
 10
5899.999999906867
 20
99.99999997671694
 11
5899.999999906867
 21
3900.000000023283
 72
1
 10
5899.999999906867
 20
3900.000000023283
 11
100.0000000931322
 21
3900.000000023283
 72
1
 10
100.0000000931322
 20
3900.000000023283
 11
100.0000000931322
 21
99.99999997671694
 72
1
 10
100.0000000931322
 20
99.99999997671694
 11
424.9999998137354
 21
99.99999997671694
 72
1
 10
424.9999998137354
 20
99.99999997671694
 11
424.9999998137354
 21
0.0
 72
1
 10
424.9999998137354
 20
0.0
 11
0.0
 21
0.0
 72
1
 10
0.0
 20
0.0
 11
0.0
 21
4000.0
 72
1
 10
0.0
 20
4000.0
 11
6000.0
 21
4000.0
 72
1
 10
6000.0
 20
4000.0
 11
6000.0
 21
0.0
 72
1
 10
6000.0
 20
0.0
 11
3885.999999940395
 21
0.0
 72
1
 10
3885.999999940395
 20
0.0
 11
3885.999999940395
 21
99.99999997671694
 72
1
 10
3885.999999940395
 20
99.99999997671694
 11
5899.999999906867
 21
99.99999997671694
 97
0
 75
1
 76
1
 52
0.0
 41
5.0
 77
0
 78
2
 53
45.0
 43
316765.0
 44
-197293.0
 45
-33.67596045400933
 46
33.67596045400933
 79
0
 53
45.0
 43
316787.45065
 44
-197293.0
 45
-33.67596045400933
 46
33.67596045400933
 79
0
 98
1
 10
316765.0
 20
-197293.0
  0
LWPOLYLINE
  5
285
330
265
100
AcDbEntity
  8
0
100
AcDbPolyline
 90
12
 70
1
 10
5899.999999906867
 20
99.99999997671694
 10
5899.999999906867
 20
3900.000000023283
 10
100.0000000931322
 20
3900.000000023283
 10
100.0000000931322
 20
99.99999997671694
 10
424.9999998137354
 20
99.99999997671694
 10
424.9999998137354
 20
0.0
 10
0.0
 20
0.0
 10
0.0
 20
4000.0
 10
6000.0
 20
4000.0
 10
6000.0
 20
0.0
 10
3885.999999940395
 20
0.0
 10
3885.999999940395
 20
99.99999997671694
  0
HATCH
  5
286
330
265
100
AcDbEntity
  8
14-BOH
440
33554559
100
AcDbHatch
 10
0.0
 20
0.0
 30
0.0
210
0.0
220
0.0
230
1.0
  2
SOLID
 70
1
 71
0
 91
1
 92
1
 93
4
 72
1
 10
0.0
 20
0.0
 11
6000.0
 21
0.0
 72
1
 10
6000.0
 20
0.0
 11
6000.0
 21
4000.0
 72
1
 10
6000.0
 20
4000.0
 11
0.0
 21
4000.0
 72
1
 10
0.0
 20
4000.0
 11
0.0
 21
0.0
 97
0
 75
1
 76
1
 98
1
 10
316765.0
 20
-197293.0
450
0
451
0
460
0.0
461
0.0
452
0
462
0.0
453
2
463
0
 63
5
421
255
463
1
 63
2
421
16776960
470
LINEAR
  0
LWPOLYLINE
  5
287
330
265
100
AcDbEntity
  8
14-BOH
440
33554559
100
AcDbPolyline
 90
4
 70
1
 10
0.0
 20
0.0
 10
6000.0
 20
0.0
 10
6000.0
 20
4000.0
 10
0.0
 20
4000.0
  0
ATTDEF
  5
288
330
265
100
AcDbEntity
  8
14-BOH
100
AcDbText
 10
-20.00000001862645
 20
4039.999999979045
 30
0.0
 40
200.0
  1
20' CABIN-SPLIT
  7
isocp- Blocks
100
AcDbAttributeDefinition
  3
20FT
  2
ANNO
 70
4
280
1
 71
1
 72
0
  0
ENDBLK
  5
267
330
265
100
AcDbEntity
  8
0
100
AcDbBlockEnd
  0
BLOCK
  5
28A
330
289
100
AcDbEntity
  8
0
100
AcDbBlockBegin
  2
40x2 Office Open
 70
2
 10
0.0
 20
0.0
 30
0.0
  3
40x2 Office Open
  1

  0
INSERT
  5
28C
330
289
100
AcDbEntity
  8
0
100
AcDbBlockReference
  2
*U1053
 10
1.475000000093132
 20
0.0
 30
0.0
 41
0.001
 42
0.001
 43
0.001
 50
180.0
  0
LINE
  5
28E
330
289
100
AcDbEntity
  8
04-EXISTING BUILDING
100
AcDbLine
 10
0.4799999999813736
 20
0.0
 30
0.0
 11
1.419999999925494
 21
0.0
 31
0.0
  0
INSERT
  5
28F
330
289
100
AcDbEntity
  8
0
100
AcDbBlockReference
  2
SYMB_1G1W-SWITCH
 10
1.63346648402512
 20
0.099999999976717
 30
0.0
 41
0.001
 42
0.001
 43
0.001
  0
INSERT
  5
291
330
289
100
AcDbEntity
  8
0
100
AcDbBlockReference
  2
SYMB_OUTLET
 10
4.202956258319318
 20
3.900000000023283
 30
0.0
 41
0.001
 42
0.001
 43
0.001
  0
INSERT
  5
293
330
289
100
AcDbEntity
  8
0
100
AcDbBlockReference
  2
SYMB_OUTLET
 10
4.352956254035234
 20
3.900025175011251
 30
0.0
 41
0.001
 42
0.001
 43
0.001
  0
INSERT
  5
295
330
289
100
AcDbEntity
  8
0
100
AcDbBlockReference
  2
SYMB_OUTLET
 10
4.202956258319318
 20
0.099999999976717
 30
0.0
 41
-0.001
 42
0.001
 43
0.001
 50
180.0
  0
INSERT
  5
297
330
289
100
AcDbEntity
  8
0
100
AcDbBlockReference
  2
SYMB_OUTLET
 10
4.352956254035234
 20
0.0999748249887489
 30
0.0
 41
-0.001
 42
0.001
 43
0.001
 50
180.0
  0
INSERT
  5
299
330
289
100
AcDbEntity
  8
0
100
AcDbBlockReference
 66
1
  2
E_LIGHT
 10
0.9500000001862645
 20
0.0
 30
0.0
 41
0.001
 42
0.001
 43
0.001
  0
ATTRIB
  5
29A
330
299
100
AcDbEntity
  8
0
 62
0
100
AcDbText
 10
0.8494285716148359
 20
-0.0799999999767169
 30
-1e-16
 40
0.06
  1
LIGHT
  7
CEB- Romand
 41
0.8
 72
1
 11
0.9500000001862645
 21
-0.099999999976717
 31
-1e-16
100
AcDbAttribute
  2
LIGHT
 70
0
 74
1
280
1
 71
1
 72
0
 11
0.9500000001862645
 21
-0.099999999976717
 31
-1e-16
  0
SEQEND
  5
29B
330
299
100
AcDbEntity
  8
0
  0
LINE
  5
29C
330
289
100
AcDbEntity
  8
04-EXISTING BUILDING
100
AcDbLine
 10
11.52000000001862
 20
0.0
 30
0.0
 11
10.5800000000745
 21
0.0
 31
0.0
  0
INSERT
  5
29D
330
289
100
AcDbEntity
  8
0
100
AcDbBlockReference
  2
SYMB_1G1W-SWITCH
 10
10.36653351597488
 20
0.099999999976717
 30
0.0
 41
-0.001
 42
0.001
 43
0.001
  0
INSERT
  5
29F
330
289
100
AcDbEntity
  8
0
100
AcDbBlockReference
  2
SYMB_OUTLET
 10
7.797043741680681
 20
3.900000000023283
 30
0.0
 41
-0.001
 42
0.001
 43
0.001
  0
INSERT
  5
2A1
330
289
100
AcDbEntity
  8
0
100
AcDbBlockReference
  2
SYMB_OUTLET
 10
7.647043745964765
 20
3.900025175011251
 30
0.0
 41
-0.001
 42
0.001
 43
0.001
  0
INSERT
  5
2A3
330
289
100
AcDbEntity
  8
0
100
AcDbBlockReference
  2
SYMB_OUTLET
 10
7.797043741680681
 20
0.099999999976717
 30
0.0
 41
0.001
 42
0.001
 43
0.001
 50
180.0
  0
INSERT
  5
2A5
330
289
100
AcDbEntity
  8
0
100
AcDbBlockReference
  2
SYMB_OUTLET
 10
7.647043745964765
 20
0.0999748249887489
 30
0.0
 41
0.001
 42
0.001
 43
0.001
 50
180.0
  0
INSERT
  5
2A7
330
289
100
AcDbEntity
  8
0
100
AcDbBlockReference
 66
1
  2
E_LIGHT
 10
11.04999999981373
 20
0.0
 30
0.0
 41
-0.001
 42
0.001
 43
0.001
  0
ATTRIB
  5
2A8
330
2A7
100
AcDbEntity
  8
0
 62
0
100
AcDbText
 10
10.9494285712423
 20
-0.0799999999767169
 30
-1e-16
 40
0.06
  1
LIGHT
  7
CEB- Romand
 41
0.8
 72
1
 11
11.04999999981373
 21
-0.099999999976717
 31
-1e-16
100
AcDbAttribute
  2
LIGHT
 70
0
 74
1
280
1
 71
1
 72
0
 11
11.04999999981373
 21
-0.099999999976717
 31
-1e-16
  0
SEQEND
  5
2A9
330
2A7
100
AcDbEntity
  8
0
  0
LINE
  5
2AA
330
289
100
AcDbEntity
  8
04-EXISTING BUILDING
100
AcDbLine
 10
11.52000000001862
 20
0.0
 30
0.0
 11
10.5800000000745
 21
0.0
 31
0.0
  0
INSERT
  5
2AB
330
289
100
AcDbEntity
  8
0
100
AcDbBlockReference
  2
*U1043
 10
11.57500000018626
 20
0.0
 30
0.0
 41
0.001
 42
0.001
 43
0.001
 50
180.0
  0
INSERT
  5
2AD
330
289
100
AcDbEntity
  8
0
100
AcDbBlockReference
  2
ELE-DP
 10
12.0
 20
0.3117647058679722
 30
0.0
 41
0.001
 42
0.001
 43
0.001
 50
270.0
  0
HATCH
  5
2AF
330
289
100
AcDbEntity
  8
0
100
AcDbHatch
 10
0.0
 20
0.0
 30
0.0
210
0.0
220
0.0
230
1.0
  2
ANSI37
 70
0
 71
0
 91
3
 92
5
 93
4
 72
1
 10
2.885999999940395
 20
0.0
 11
2.885999999940395
 21
0.099999999976717
 72
1
 10
2.885999999940395
 20
0.099999999976717
 11
1.475000000093132
 21
0.099999999976717
 72
1
 10
1.475000000093132
 20
0.099999999976717
 11
1.475000000093132
 21
0.0
 72
1
 10
1.475000000093132
 20
0.0
 11
2.885999999940395
 21
0.0
 97
0
 92
1
 93
4
 72
1
 10
9.114000000059605
 20
0.099999999976717
 11
9.114000000059605
 21
0.0
 72
1
 10
9.114000000059605
 20
0.0
 11
10.52499999990686
 21
0.0
 72
1
 10
10.52499999990686
 20
0.0
 11
10.52499999990686
 21
0.099999999976717
 72
1
 10
10.52499999990686
 20
0.099999999976717
 11
9.114000000059605
 21
0.099999999976717
 97
0
 92
1
 93
4
 72
1
 10
8.114000000059605
 20
0.0
 11
8.114000000059605
 21
0.099999999976717
 72
1
 10
8.114000000059605
 20
0.099999999976717
 11
3.885999999940395
 21
0.099999999976717
 72
1
 10
3.885999999940395
 20
0.099999999976717
 11
3.885999999940395
 21
0.0
 72
1
 10
3.885999999940395
 20
0.0
 11
8.114000000059605
 21
0.0
 97
0
 75
1
 76
1
 52
0.0
 41
0.015
 77
0
 78
2
 53
45.0
 43
-128.4746378036216
 44
11.27582782477839
 45
-0.0336759604540093
 46
0.0336759604540093
 79
0
 53
135.0
 43
-128.4746378036216
 44
11.27582782477839
 45
-0.0336759604540093
 46
-0.0336759604540093
 79
0
 47
0.0
 98
2
 10
6.324720496777445
 20
0.0499999999883585
 10
6.324720496777445
 20
0.0499999999883585
  0
LWPOLYLINE
  5
2B0
330
289
100
AcDbEntity
  8
0
100
AcDbPolyline
 90
4
 70
1
 10
2.885999999940395
 20
0.0
 10
1.475000000093132
 20
0.0
 10
1.475000000093132
 20
0.099999999976717
 10
2.885999999940395
 20
0.099999999976717
  0
LWPOLYLINE
  5
2B1
330
289
100
AcDbEntity
  8
0
100
AcDbPolyline
 90
4
 70
1
 10
9.114000000059605
 20
0.099999999976717
 10
10.52499999990686
 20
0.099999999976717
 10
10.52499999990686
 20
0.0
 10
9.114000000059605
 20
0.0
  0
LWPOLYLINE
  5
2B2
330
289
100
AcDbEntity
  8
0
100
AcDbPolyline
 90
4
 70
1
 10
8.114000000059605
 20
0.0
 10
3.885999999940395
 20
0.0
 10
3.885999999940395
 20
0.099999999976717
 10
8.114000000059605
 20
0.099999999976717
  0
LWPOLYLINE
  5
2B3
330
289
100
AcDbEntity
  8
0
370
25
100
AcDbPolyline
 90
4
 70
1
 10
11.89999999990686
 20
1.425000000046566
 10
12.64999999990687
 20
1.425000000046566
 10
12.64999999990687
 20
2.175000000046566
 10
11.89999999990686
 20
2.175000000046566
  0
LINE
  5
2B4
330
289
100
AcDbEntity
  8
04-EXISTING BUILDING
100
AcDbLine
 10
2.885999999940395
 20
0.0
 30
0.0
 11
3.885999999940395
 21
1.7462298e-09
 31
0.0
  0
INSERT
  5
2B5
330
289
100
AcDbEntity
  8
04-EXISTING BUILDING
100
AcDbBlockReference
  2
WIN 1000
 10
2.885999999940395
 20
0.0629999981611036
 30
0.0
  0
MTEXT
  5
2B7
330
289
100
AcDbEntity
  8
0
370
25
100
AcDbMText
 10
12.27499999990687
 20
1.800000000046566
 30
0.0
 40
0.12834891822881
 41
0.0
 46
0.0
 71
5
 72
5
  1
A/C
  7
CourierNewPSMT
  0
LINE
  5
2B8
330
289
100
AcDbEntity
  8
04-EXISTING BUILDING
100
AcDbLine
 10
2.885999999940395
 20
0.0999999982304871
 30
0.0
 11
3.885999999940395
 21
0.099999999976717
 31
0.0
  0
LWPOLYLINE
  5
2B9
330
289
100
AcDbEntity
  8
0
370
25
100
AcDbPolyline
 90
4
 70
1
 10
-0.6499999999068679
 20
1.425000000046566
 10
0.1000000000931323
 20
1.425000000046566
 10
0.1000000000931323
 20
2.175000000046566
 10
-0.6499999999068679
 20
2.175000000046566
  0
MTEXT
  5
2BA
330
289
100
AcDbEntity
  8
0
370
25
100
AcDbMText
 10
-0.2749999999068677
 20
1.800000000046566
 30
0.0
 40
0.12834891822881
 41
0.0
 46
0.0
 71
5
 72
5
  1
A/C
  7
CourierNewPSMT
  0
HATCH
  5
2BB
330
289
100
AcDbEntity
  8
0
100
AcDbHatch
 10
0.0
 20
0.0
 30
0.643435976468
210
0.0
220
0.0
230
1.0
  2
ANSI37
 70
0
 71
0
 91
1
 92
1
 93
12
 72
1
 10
0.4249999998137355
 20
0.099999999976717
 11
0.4249999998137355
 21
0.0
 72
1
 10
0.4249999998137355
 20
0.0
 11
0.0
 21
0.0
 72
1
 10
0.0
 20
0.0
 11
0.0
 21
4.0
 72
1
 10
0.0
 20
4.0
 11
12.0
 21
4.0
 72
1
 10
12.0
 20
4.0
 11
12.0
 21
0.0
 72
1
 10
12.0
 20
0.0
 11
11.57500000018626
 21
0.0
 72
1
 10
11.57500000018626
 20
0.0
 11
11.57500000018626
 21
0.099999999976717
 72
1
 10
11.57500000018626
 20
0.099999999976717
 11
11.89999999990686
 21
0.099999999976717
 72
1
 10
11.89999999990686
 20
0.099999999976717
 11
11.89999999990686
 21
3.900000000023283
 72
1
 10
11.89999999990686
 20
3.900000000023283
 11
0.1000000000931323
 21
3.900000000023283
 72
1
 10
0.1000000000931323
 20
3.900000000023283
 11
0.1000000000931323
 21
0.099999999976717
 72
1
 10
0.1000000000931323
 20
0.099999999976717
 11
0.4249999998137355
 21
0.099999999976717
 97
1
330
C92CC1
 75
1
 76
1
 52
0.0
 41
0.015
 77
0
 78
2
 53
45.0
 43
-128.4746378036216
 44
11.27582782477839
 45
-0.0336759604540093
 46
0.0336759604540093
 79
0
 53
135.0
 43
-128.4746378036216
 44
11.27582782477839
 45
-0.0336759604540093
 46
-0.0336759604540093
 79
0
 98
1
 10
-128.4746378036216
 20
11.27582782477839
  0
LWPOLYLINE
  5
2BC
330
289
100
AcDbEntity
  8
0
100
AcDbPolyline
 90
12
 70
1
 10
0.4249999998137355
 20
0.099999999976717
 10
0.4249999998137355
 20
0.0
 10
0.0
 20
0.0
 10
0.0
 20
4.0
 10
12.0
 20
4.0
 10
12.0
 20
0.0
 10
11.57500000018626
 20
0.0
 10
11.57500000018626
 20
0.099999999976717
 10
11.89999999990686
 20
0.099999999976717
 10
11.89999999990686
 20
3.900000000023283
 10
0.1000000000931323
 20
3.900000000023283
 10
0.1000000000931323
 20
0.099999999976717
  0
LINE
  5
2BD
330
289
100
AcDbEntity
  8
04-EXISTING BUILDING
100
AcDbLine
 10
8.114000000059605
 20
0.0
 30
0.0
 11
9.114000000059605
 21
1.7462298e-09
 31
0.0
  0
INSERT
  5
2BE
330
289
100
AcDbEntity
  8
04-EXISTING BUILDING
100
AcDbBlockReference
  2
WIN 1000
 10
8.114000000059605
 20
0.0629999981611036
 30
0.0
  0
LINE
  5
2C0
330
289
100
AcDbEntity
  8
04-EXISTING BUILDING
100
AcDbLine
 10
8.114000000059605
 20
0.0999999982304871
 30
0.0
 11
9.114000000059605
 21
0.099999999976717
 31
0.0
  0
ATTDEF
  5
2C1
330
289
100
AcDbEntity
  8
14-BOH
100
AcDbText
 10
-0.0200000000186265
 20
4.039999999979045
 30
0.0
 40
0.2
  1
40' CABIN-SPLIT
  7
isocp- Blocks
100
AcDbAttributeDefinition
  3
40FT
  2
ANNO
 70
4
280
1
 71
1
 72
0
  0
LWPOLYLINE
  5
2C2
330
289
100
AcDbEntity
  8
14-BOH
440
33554559
100
AcDbPolyline
 90
4
 70
1
 10
0.0
 20
0.0
 10
12.0
 20
0.0
 10
12.0
 20
4.0
 10
0.0
 20
4.0
  0
HATCH
  5
2C3
330
289
100
AcDbEntity
  8
14-BOH
440
33554559
100
AcDbHatch
 10
0.0
 20
0.0
 30
0.0
210
0.0
220
0.0
230
1.0
  2
SOLID
 70
1
 71
0
 91
1
 92
1
 93
4
 72
1
 10
0.0
 20
0.0
 11
12.0
 21
0.0
 72
1
 10
12.0
 20
0.0
 11
12.0
 21
4.0
 72
1
 10
12.0
 20
4.0
 11
0.0
 21
4.0
 72
1
 10
0.0
 20
4.0
 11
0.0
 21
0.0
 97
1
330
C92CC6
 75
1
 76
1
 98
1
 10
0.0
 20
0.0
450
0
451
0
460
0.0
461
0.0
452
0
462
0.0
453
2
463
0
 63
5
421
255
463
1
 63
2
421
16776960
470
LINEAR
  0
ENDBLK
  5
28B
330
289
100
AcDbEntity
  8
0
100
AcDbBlockEnd
  0
BLOCK
  5
2C5
330
2C4
100
AcDbEntity
  8
0
100
AcDbBlockBegin
  2
FRIDGE
 70
0
 10
0.0
 20
0.0
 30
0.0
  3
FRIDGE
  1

  0
LINE
  5
2C7
330
2C4
100
AcDbEntity
  8
0
100
AcDbLine
 10
-0.2800000309944153
 20
-1.74623e-10
 30
0.0
 11
-0.2800000309944153
 21
-0.480000019131694
 31
-1.137e-13
  0
LINE
  5
2C8
330
2C4
100
AcDbEntity
  8
0
100
AcDbLine
 10
-0.2800000309944153
 20
-0.480000019131694
 30
-1.137e-13
 11
0.280000030528754
 21
-0.480000019306317
 31
-1.137e-13
  0
LINE
  5
2C9
330
2C4
100
AcDbEntity
  8
0
100
AcDbLine
 10
0.280000030528754
 20
-0.480000019306317
 30
-1.137e-13
 11
0.2800000309944153
 21
-5.82077e-11
 31
0.0
  0
LINE
  5
2CA
330
2C4
100
AcDbEntity
  8
0
100
AcDbLine
 10
0.2800000309944153
 20
-5.82077e-11
 30
0.0
 11
-0.2800000309944153
 21
-1.74623e-10
 31
0.0
  0
LINE
  5
2CB
330
2C4
100
AcDbEntity
  8
0
100
AcDbLine
 10
-0.2800000309944153
 20
-0.519999980868306
 30
0.0
 11
-0.2800000314600766
 21
-0.5599999428377487
 31
0.0
  0
LINE
  5
2CC
330
2C4
100
AcDbEntity
  8
0
100
AcDbLine
 10
-0.2800000314600766
 20
-0.5599999428377487
 30
0.0
 11
0.2800000309944153
 21
-0.5599999427795411
 31
0.0
  0
LINE
  5
2CD
330
2C4
100
AcDbEntity
  8
0
100
AcDbLine
 10
0.2800000309944153
 20
-0.5599999427795411
 30
0.0
 11
0.2800000309944153
 21
-0.5199999811011367
 31
0.0
  0
LINE
  5
2CE
330
2C4
100
AcDbEntity
  8
0
100
AcDbLine
 10
0.2800000309944153
 20
-0.5199999811011367
 30
0.0
 11
-0.2800000309944153
 21
-0.519999980868306
 31
0.0
  0
LINE
  5
2CF
330
2C4
100
AcDbEntity
  8
0
100
AcDbLine
 10
-0.2399999503977597
 20
-0.5199999811011367
 30
0.0
 11
-0.2399999503977597
 21
-0.4800000191899017
 31
-1.137e-13
  0
LINE
  5
2D0
330
2C4
100
AcDbEntity
  8
0
100
AcDbLine
 10
0.2399999494664371
 20
-0.519999981042929
 30
0.0
 11
0.2399999499320984
 21
-0.480000019131694
 31
-1.137e-13
  0
LINE
  5
2D1
330
2C4
100
AcDbEntity
  8
0
100
AcDbLine
 10
-0.1999999885447323
 20
-0.559999942954164
 30
0.0
 11
-0.1999999885447323
 21
-0.5999999048071915
 31
0.0
  0
LINE
  5
2D2
330
2C4
100
AcDbEntity
  8
0
100
AcDbLine
 10
-0.1999999885447323
 20
-0.5999999048071915
 30
0.0
 11
-0.1600000262260437
 21
-0.5999999046907761
 31
0.0
  0
LINE
  5
2D3
330
2C4
100
AcDbEntity
  8
0
100
AcDbLine
 10
-0.1600000262260437
 20
-0.5999999046907761
 30
0.0
 11
-0.1600000257603824
 21
-0.5599999427213334
 31
1.137e-13
  0
ENDBLK
  5
2C6
330
2C4
100
AcDbEntity
  8
0
100
AcDbBlockEnd
  0
BLOCK
  5
2D5
330
2D4
100
AcDbEntity
  8
0
100
AcDbBlockBegin
  2
PRINTER
 70
0
 10
0.0
 20
0.0
 30
0.0
  3
PRINTER
  1

  0
LINE
  5
2D7
330
2D4
100
AcDbEntity
  8
0
100
AcDbLine
 10
0.309999998308687
 20
-4.81183e-11
 30
0.0
 11
-0.309999998308687
 21
4.81183e-11
 31
0.0
  0
LINE
  5
2D8
330
2D4
100
AcDbEntity
  8
0
100
AcDbLine
 10
-0.3499999983134333
 20
-0.030578271888209
 30
0.0257869983043762
 11
-0.349999999149818
 21
-0.4636559178007892
 31
0.475337331857606
  0
LINE
  5
2D9
330
2D4
100
AcDbEntity
  8
0
100
AcDbLine
 10
-0.3499999991498182
 20
-0.4636559178007892
 30
0.4753373318576061
 11
0.349999999111713
 21
-0.4636559175834805
 31
0.4753373318576061
  0
LINE
  5
2DA
330
2D4
100
AcDbEntity
  8
0
100
AcDbLine
 10
0.349999999111713
 20
-0.4636559175834805
 30
0.4753373318576059
 11
0.3499999983039407
 21
-0.0305782719835117
 31
0.0257869983080293
  0
LINE
  5
2DB
330
2D4
100
AcDbEntity
  8
0
100
AcDbLine
 10
-0.2356164291517214
 20
-0.6377048493822263
 30
0.1962706660572967
 11
-0.3499999991498182
 21
-0.6377048496538621
 31
0.1962706660571906
  0
LINE
  5
2DC
330
2D4
100
AcDbEntity
  8
0
100
AcDbLine
 10
-0.3499999991498182
 20
-0.6377048496538621
 30
0.1962706660571906
 11
-0.3499999987152009
 21
-0.4636559176921348
 31
0.1962706660572967
  0
LINE
  5
2DD
330
2D4
100
AcDbEntity
  8
0
100
AcDbLine
 10
-0.3499999987152009
 20
-0.4636559176921348
 30
0.1962706660572967
 11
0.3499999978078614
 21
-0.4636559176921348
 31
0.1962706660572967
  0
LINE
  5
2DE
330
2D4
100
AcDbEntity
  8
0
100
AcDbLine
 10
0.3499999973732442
 20
-0.6377048494908806
 30
0.1962706660571906
 11
-0.1702831591971656
 21
-0.6377048494365535
 31
0.1962706660572967
  0
LINE
  5
2DF
330
2D4
100
AcDbEntity
  8
0
100
AcDbLine
 10
-0.1702831591971656
 20
-0.6377048494908806
 30
-5.28e-14
 11
0.3499999986770959
 21
-0.6377048494908806
 31
-1.59e-13
  0
LINE
  5
2E0
330
2D4
100
AcDbEntity
  8
0
100
AcDbLine
 10
0.3099999978030889
 20
-0.7000000000481182
 30
4.72e-14
 11
-0.3100000001808088
 21
-0.6999999999518816
 31
-4.69e-14
  0
LINE
  5
2E1
330
2D4
100
AcDbEntity
  8
0
100
AcDbLine
 10
-0.3500000001746
 20
-0.6599999996728118
 30
-1.21e-13
 11
-0.3500000000190525
 21
-0.6377048494908806
 31
-1.59e-13
  0
LINE
  5
2E2
330
2D4
100
AcDbEntity
  8
0
100
AcDbLine
 10
-0.3500000000190525
 20
-0.6377048494908806
 30
-1.59e-13
 11
-0.2356164287171042
 21
-0.6377048494908806
 31
-5.28e-14
  0
LINE
  5
2E3
330
2D4
100
AcDbEntity
  8
0
100
AcDbLine
 10
0.2012770803104641
 20
-0.6233645123635588
 30
0.3343863062104477
 11
0.1779437688673504
 21
-0.6233645125265401
 31
0.3343863062108721
210
0.0
220
-0.4359276665604713
230
0.8999817051069108
  0
LINE
  5
2E4
330
2D4
100
AcDbEntity
  8
0
100
AcDbLine
 10
0.1779437688673504
 20
-0.6233645125265401
 30
0.3343863062108721
 11
0.1779437688673504
 21
-0.6107794448709131
 31
0.3404822322279529
210
0.0
220
-0.4359276665604713
230
0.8999817051069108
  0
LINE
  5
2E5
330
2D4
100
AcDbEntity
  8
0
100
AcDbLine
 10
0.1779437688673504
 20
-0.6107794448709131
 30
0.3404822322279529
 11
0.2012770807450813
 21
-0.6107794446536045
 31
0.3404822322279529
210
0.0
220
-0.4359276665604713
230
0.8999817051069108
  0
LINE
  5
2E6
330
2D4
100
AcDbEntity
  8
0
100
AcDbLine
 10
0.2012770807450813
 20
-0.6107794446536045
 30
0.3404822322279529
 11
0.2012770803104641
 21
-0.6233645123635588
 31
0.3343863062104477
210
0.0
220
-0.4359276665604713
230
0.8999817051069108
  0
LINE
  5
2E7
330
2D4
100
AcDbEntity
  8
0
100
AcDbLine
 10
0.2012770790066125
 20
-0.6053000136269255
 30
0.3402491962857232
 11
0.1779437684327332
 21
-0.6053000136812525
 31
0.3402491962857232
  0
LINE
  5
2E8
330
2D4
100
AcDbEntity
  8
0
100
AcDbLine
 10
0.1779437684327332
 20
-0.6053000136812525
 30
0.3402491962857232
 11
0.1779437697365848
 21
-0.594683838163242
 31
0.3402491962861477
  0
LINE
  5
2E9
330
2D4
100
AcDbEntity
  8
0
100
AcDbLine
 10
0.1779437697365848
 20
-0.594683838163242
 30
0.3402491962861477
 11
0.2012770794412297
 21
-0.5946838382718963
 31
0.3402491962857232
  0
LINE
  5
2EA
330
2D4
100
AcDbEntity
  8
0
100
AcDbLine
 10
0.2012770794412297
 20
-0.5946838382718963
 30
0.3402491962857232
 11
0.2012770790066125
 21
-0.6053000136269255
 31
0.3402491962857232
  0
LINE
  5
2EB
330
2D4
100
AcDbEntity
  8
0
100
AcDbLine
 10
0.2012770807450813
 20
-0.5913330717281342
 30
0.3438781345171761
 11
0.1779437688673504
 21
-0.5913330720540971
 31
0.3438781345168577
  0
LINE
  5
2EC
330
2D4
100
AcDbEntity
  8
0
100
AcDbLine
 10
0.1779437688673504
 20
-0.5913330720540971
 30
0.3438781345168577
 11
0.1779437684327332
 21
-0.5766197845832761
 31
0.3438781345167516
  0
LINE
  5
2ED
330
2D4
100
AcDbEntity
  8
0
100
AcDbLine
 10
0.1779437684327332
 20
-0.5766197845832761
 30
0.3438781345167516
 11
0.2012770798758469
 21
-0.5766197846376031
 31
0.3438781345167516
  0
LINE
  5
2EE
330
2D4
100
AcDbEntity
  8
0
100
AcDbLine
 10
0.2012770798758469
 20
-0.5766197846376031
 30
0.3438781345167516
 11
0.2012770807450813
 21
-0.5913330717281342
 31
0.3438781345171761
  0
LINE
  5
2EF
330
2D4
100
AcDbEntity
  8
0
100
AcDbLine
 10
0.1732771075348855
 20
-0.6233645123635588
 30
0.3343863062105537
 11
0.1499437956571546
 21
-0.6233645123635588
 31
0.3343863062104477
210
0.0
220
-0.4359276665604713
230
0.8999817051069108
  0
LINE
  5
2F0
330
2D4
100
AcDbEntity
  8
0
100
AcDbLine
 10
0.1499437956571546
 20
-0.6233645123635588
 30
0.3343863062104477
 11
0.1499437969610062
 21
-0.6107794445449501
 31
0.3404822322282712
210
0.0
220
-0.4359276665604713
230
0.8999817051069108
  0
LINE
  5
2F1
330
2D4
100
AcDbEntity
  8
0
100
AcDbLine
 10
0.1499437969610062
 20
-0.6107794445449501
 30
0.3404822322282712
 11
0.1732771062310339
 21
-0.6107794447079316
 31
0.3404822322279529
210
0.0
220
-0.4359276665604713
230
0.8999817051069108
  0
LINE
  5
2F2
330
2D4
100
AcDbEntity
  8
0
100
AcDbLine
 10
0.1732771062310339
 20
-0.6107794447079316
 30
0.3404822322279529
 11
0.1732771075348855
 21
-0.6233645123635588
 31
0.3343863062105537
210
0.0
220
-0.4359276665604713
230
0.8999817051069108
  0
LINE
  5
2F3
330
2D4
100
AcDbEntity
  8
0
100
AcDbLine
 10
0.1732771075348855
 20
-0.6053000135182712
 30
0.3402491962861477
 11
0.149943796526389
 21
-0.6053000136269255
 31
0.3402491962858294
  0
LINE
  5
2F4
330
2D4
100
AcDbEntity
  8
0
100
AcDbLine
 10
0.149943796526389
 20
-0.6053000136269255
 30
0.3402491962858294
 11
0.149943796526389
 21
-0.594683838108915
 31
0.3402491962857232
  0
LINE
  5
2F5
330
2D4
100
AcDbEntity
  8
0
100
AcDbLine
 10
0.149943796526389
 20
-0.594683838108915
 30
0.3402491962857232
 11
0.1732771062310339
 21
-0.5946838384348779
 31
0.3402491962857232
  0
LINE
  5
2F6
330
2D4
100
AcDbEntity
  8
0
100
AcDbLine
 10
0.1732771062310339
 20
-0.5946838384348779
 30
0.3402491962857232
 11
0.1732771075348855
 21
-0.6053000135182712
 31
0.3402491962861477
  0
LINE
  5
2F7
330
2D4
100
AcDbEntity
  8
0
100
AcDbLine
 10
0.1732771075348855
 20
-0.5913330718911155
 30
0.3438781345167516
 11
0.1499437947879202
 21
-0.5913330718911155
 31
0.3438781345168577
  0
LINE
  5
2F8
330
2D4
100
AcDbEntity
  8
0
100
AcDbLine
 10
0.1499437947879202
 20
-0.5913330718911155
 30
0.3438781345168577
 11
0.1499437969610062
 21
-0.5766197844746217
 31
0.3438781345168577
  0
LINE
  5
2F9
330
2D4
100
AcDbEntity
  8
0
100
AcDbLine
 10
0.1499437969610062
 20
-0.5766197844746217
 30
0.3438781345168577
 11
0.1732771071002683
 21
-0.5766197844202945
 31
0.3438781345171761
  0
LINE
  5
2FA
330
2D4
100
AcDbEntity
  8
0
100
AcDbLine
 10
0.1732771071002683
 20
-0.5766197844202945
 30
0.3438781345171761
 11
0.1732771075348855
 21
-0.5913330718911155
 31
0.3438781345167516
  0
LINE
  5
2FB
330
2D4
100
AcDbEntity
  8
0
100
AcDbLine
 10
0.1452771334554553
 20
-0.6233645124178859
 30
0.3343863062108721
 11
0.1219438211431072
 21
-0.6233645124722131
 31
0.3343863062105537
210
0.0
220
-0.4359276665604713
230
0.8999817051069108
  0
LINE
  5
2FC
330
2D4
100
AcDbEntity
  8
0
100
AcDbLine
 10
0.1219438211431072
 20
-0.6233645124722131
 30
0.3343863062105537
 11
0.1219438233161932
 21
-0.6107794446536045
 31
0.3404822322279529
210
0.0
220
-0.4359276665604713
230
0.8999817051069108
  0
LINE
  5
2FD
330
2D4
100
AcDbEntity
  8
0
100
AcDbLine
 10
0.1219438233161932
 20
-0.6107794446536045
 30
0.3404822322279529
 11
0.1452771338900725
 21
-0.6107794445992774
 31
0.340482232228059
210
0.0
220
-0.4359276665604713
230
0.8999817051069108
  0
LINE
  5
2FE
330
2D4
100
AcDbEntity
  8
0
100
AcDbLine
 10
0.1452771338900725
 20
-0.6107794445992774
 30
0.340482232228059
 11
0.1452771334554553
 21
-0.6233645124178859
 31
0.3343863062108721
210
0.0
220
-0.4359276665604713
230
0.8999817051069108
  0
LINE
  5
2FF
330
2D4
100
AcDbEntity
  8
0
100
AcDbLine
 10
0.1452771347593069
 20
-0.6053000136269255
 30
0.3402491962857232
 11
0.1219438220123416
 21
-0.6053000137355796
 31
0.3402491962860416
  0
LINE
  5
300
330
2D4
100
AcDbEntity
  8
0
100
AcDbLine
 10
0.1219438220123416
 20
-0.6053000137355796
 30
0.3402491962860416
 11
0.1219438220123416
 21
-0.5946838382175692
 31
0.3402491962858294
  0
LINE
  5
301
330
2D4
100
AcDbEntity
  8
0
100
AcDbLine
 10
0.1219438220123416
 20
-0.5946838382175692
 30
0.3402491962858294
 11
0.1452771325862209
 21
-0.5946838384348779
 31
0.3402491962861477
  0
LINE
  5
302
330
2D4
100
AcDbEntity
  8
0
100
AcDbLine
 10
0.1452771325862209
 20
-0.5946838384348779
 30
0.3402491962861477
 11
0.1452771347593069
 21
-0.6053000136269255
 31
0.3402491962857232
  0
LINE
  5
303
330
2D4
100
AcDbEntity
  8
0
100
AcDbLine
 10
0.1452771334554553
 20
-0.5913330718367885
 30
0.3438781345171761
 11
0.1219438233161932
 21
-0.5913330719454427
 31
0.3438781345167516
  0
LINE
  5
304
330
2D4
100
AcDbEntity
  8
0
100
AcDbLine
 10
0.1219438233161932
 20
-0.5913330719454427
 30
0.3438781345167516
 11
0.1219438224469588
 21
-0.5766197845289489
 31
0.3438781345171761
  0
LINE
  5
305
330
2D4
100
AcDbEntity
  8
0
100
AcDbLine
 10
0.1219438224469588
 20
-0.5766197845289489
 30
0.3438781345171761
 11
0.1452771330208381
 21
-0.5766197844746217
 31
0.3438781345167516
  0
LINE
  5
306
330
2D4
100
AcDbEntity
  8
0
100
AcDbLine
 10
0.1452771330208381
 20
-0.5766197844746217
 30
0.3438781345167516
 11
0.1452771334554553
 21
-0.5913330718367885
 31
0.3438781345171761
  0
LINE
  5
307
330
2D4
100
AcDbEntity
  8
0
100
AcDbLine
 10
0.1172771602452595
 20
-0.6233645123635588
 30
0.3343863062104477
 11
0.0939437392786114
 21
-0.6233645123635588
 31
0.3343863062104477
210
0.0
220
-0.4359276665604713
230
0.8999817051069108
  0
LINE
  5
308
330
2D4
100
AcDbEntity
  8
0
100
AcDbLine
 10
0.0939437392786114
 20
-0.6233645123635588
 30
0.3343863062104477
 11
0.0939437388439942
 21
-0.6107794447622588
 31
0.3404822322279529
210
0.0
220
-0.4359276665604713
230
0.8999817051069108
  0
LINE
  5
309
330
2D4
100
AcDbEntity
  8
0
100
AcDbLine
 10
0.0939437388439942
 20
-0.6107794447622588
 30
0.3404822322279529
 11
0.1172771598106423
 21
-0.6107794449252402
 31
0.3404822322282712
210
0.0
220
-0.4359276665604713
230
0.8999817051069108
  0
LINE
  5
30A
330
2D4
100
AcDbEntity
  8
0
100
AcDbLine
 10
0.1172771598106423
 20
-0.6107794449252402
 30
0.3404822322282712
 11
0.1172771602452595
 21
-0.6233645123635588
 31
0.3343863062104477
210
0.0
220
-0.4359276665604713
230
0.8999817051069108
  0
LINE
  5
30B
330
2D4
100
AcDbEntity
  8
0
100
AcDbLine
 10
0.1172771611144939
 20
-0.6053000134096168
 30
0.3402491962861477
 11
0.093943738409377
 21
-0.6053000135182712
 31
0.3402491962857232
  0
LINE
  5
30C
330
2D4
100
AcDbEntity
  8
0
100
AcDbLine
 10
0.093943738409377
 20
-0.6053000135182712
 30
0.3402491962857232
 11
0.093943738409377
 21
-0.5946838383262235
 31
0.3402491962857232
  0
LINE
  5
30D
330
2D4
100
AcDbEntity
  8
0
100
AcDbLine
 10
0.093943738409377
 20
-0.5946838383262235
 30
0.3402491962857232
 11
0.1172771615491111
 21
-0.5946838383805507
 31
0.3402491962857232
  0
LINE
  5
30E
330
2D4
100
AcDbEntity
  8
0
100
AcDbLine
 10
0.1172771615491111
 20
-0.5946838383805507
 30
0.3402491962857232
 11
0.1172771611144939
 21
-0.6053000134096168
 31
0.3402491962861477
  0
LINE
  5
30F
330
2D4
100
AcDbEntity
  8
0
100
AcDbLine
 10
0.1172771602452595
 20
-0.5913330718367885
 30
0.3438781345167516
 11
0.0939437379747598
 21
-0.5913330716194798
 31
0.3438781345171761
  0
LINE
  5
310
330
2D4
100
AcDbEntity
  8
0
100
AcDbLine
 10
0.0939437379747598
 20
-0.5913330716194798
 30
0.3438781345171761
 11
0.0939437388439942
 21
-0.5766197845289489
 31
0.3438781345167516
  0
LINE
  5
311
330
2D4
100
AcDbEntity
  8
0
100
AcDbLine
 10
0.0939437388439942
 20
-0.5766197845289489
 30
0.3438781345167516
 11
0.1172771598106423
 21
-0.5766197844202945
 31
0.3438781345169638
  0
LINE
  5
312
330
2D4
100
AcDbEntity
  8
0
100
AcDbLine
 10
0.1172771598106423
 20
-0.5766197844202945
 30
0.3438781345169638
 11
0.1172771602452595
 21
-0.5913330718367885
 31
0.3438781345167516
  0
LINE
  5
313
330
2D4
100
AcDbEntity
  8
0
100
AcDbLine
 10
-0.0058818651681623
 20
-0.5070383076803188
 30
0.1766706661180761
 11
-0.3499999991498182
 21
-0.5070383077889731
 31
0.1766706661181822
  0
LINE
  5
314
330
2D4
100
AcDbEntity
  8
0
100
AcDbLine
 10
-0.3499999991498182
 20
-0.5070383077889731
 30
0.1766706661181822
 11
-0.3499999991498182
 21
-0.4697045653446744
 31
0.1766706661180761
  0
LINE
  5
315
330
2D4
100
AcDbEntity
  8
0
100
AcDbLine
 10
-0.3499999991498182
 20
-0.4697045653446744
 30
0.1766706661180761
 11
0.3499999982424786
 21
-0.4697045651273659
 31
0.1766706661180761
  0
LINE
  5
316
330
2D4
100
AcDbEntity
  8
0
100
AcDbLine
 10
0.3499999969386271
 20
-0.5070383077889731
 30
0.1766706661181822
 11
0.2191895952593322
 21
-0.5070383077889731
 31
0.1766706661180761
  0
LINE
  5
317
330
2D4
100
AcDbEntity
  8
0
100
AcDbLine
 10
-0.1287998992556624
 20
-0.5637983964327771
 30
0.4705885981566701
 11
-0.1287998992556624
 21
-0.5317010884741286
 31
0.5327968298457976
210
1e-16
220
-0.8886789566237026
230
0.4585299467365326
  0
LINE
  5
318
330
2D4
100
AcDbEntity
  8
0
100
AcDbLine
 10
-0.1287998992556624
 20
-0.5317010884741286
 30
0.5327968298457976
 11
-0.2641333256289485
 21
-0.5317010884198013
 31
0.5327968298460098
210
1e-16
220
-0.8886789566237026
230
0.4585299467365326
  0
LINE
  5
319
330
2D4
100
AcDbEntity
  8
0
100
AcDbLine
 10
-0.2641333256289485
 20
-0.5317010884198013
 30
0.5327968298460098
 11
-0.2641333256289485
 21
-0.5637983962697956
 31
0.4705885981569883
210
1e-16
220
-0.8886789566237026
230
0.4585299467365326
  0
LINE
  5
31A
330
2D4
100
AcDbEntity
  8
0
100
AcDbLine
 10
-0.2641333256289485
 20
-0.5637983962697956
 30
0.4705885981569883
 11
-0.1287998992556624
 21
-0.5637983964327771
 31
0.4705885981566701
210
1e-16
220
-0.8886789566237026
230
0.4585299467365326
  0
LINE
  5
31B
330
2D4
100
AcDbEntity
  8
0
100
AcDbLine
 10
-0.1702831591971656
 20
-0.6541765214978513
 30
-1.59e-13
 11
-0.2356164300209558
 21
-0.6541765216065056
 31
-5.28e-14
  0
LINE
  5
31C
330
2D4
100
AcDbEntity
  8
0
100
AcDbLine
 10
-0.2356164300209558
 20
-0.6541765216065056
 30
-5.28e-14
 11
-0.2356164287171042
 21
-0.5845643365536369
 31
-5.28e-14
  0
LINE
  5
31D
330
2D4
100
AcDbEntity
  8
0
100
AcDbLine
 10
-0.2356164287171042
 20
-0.5845643365536369
 30
-5.28e-14
 11
-0.1702831578933141
 21
-0.5845643367166184
 31
2.656e-13
  0
LINE
  5
31E
330
2D4
100
AcDbEntity
  8
0
100
AcDbLine
 10
-0.1702831578933141
 20
-0.5845643367166184
 30
2.656e-13
 11
-0.1702831591971656
 21
-0.6541765214978513
 31
-1.59e-13
  0
LINE
  5
31F
330
2D4
100
AcDbEntity
  8
0
100
AcDbLine
 10
0.2191895952593322
 20
-0.5401365285114181
 30
0.3146699764067019
 11
-0.0058818651681623
 21
-0.5401365282397823
 31
0.3146699764065958
210
0.0
220
-0.4359276665604713
230
0.8999817051069108
  0
LINE
  5
320
330
2D4
100
AcDbEntity
  8
0
100
AcDbLine
 10
-0.0058818651681623
 20
-0.5401365282397823
 30
0.3146699764065958
 11
-0.0058818673412483
 21
-0.4843528755882974
 31
0.3416900049189644
210
0.0
220
-0.4359276665604713
230
0.8999817051069108
  0
LINE
  5
321
330
2D4
100
AcDbEntity
  8
0
100
AcDbLine
 10
-0.0058818673412483
 20
-0.4843528755882974
 30
0.3416900049189644
 11
0.2191895952593322
 21
-0.4843528754253159
 31
0.3416900049189644
210
0.0
220
-0.4359276665604713
230
0.8999817051069108
  0
LINE
  5
322
330
2D4
100
AcDbEntity
  8
0
100
AcDbLine
 10
0.2191895952593322
 20
-0.4843528754253159
 30
0.3416900049189644
 11
0.2191895952593322
 21
-0.5401365285114181
 31
0.3146699764067019
210
0.0
220
-0.4359276665604713
230
0.8999817051069108
  0
LINE
  5
323
330
2D4
100
AcDbEntity
  8
0
100
AcDbLine
 10
-0.1724279555296814
 20
-0.5499124531093595
 30
-5.28e-14
 11
-0.2292550236821244
 21
-0.5499124531093595
 31
-1.59e-13
  0
LINE
  5
324
330
2D4
100
AcDbEntity
  8
0
100
AcDbLine
 10
-0.2292550236821244
 20
-0.5499124531093595
 30
-1.59e-13
 11
-0.229255024985976
 21
-0.5450360621945431
 31
-1.59e-13
  0
LINE
  5
325
330
2D4
100
AcDbEntity
  8
0
100
AcDbLine
 10
-0.229255024985976
 20
-0.5450360621945431
 30
-1.59e-13
 11
-0.1724279555296814
 21
-0.5450360622488704
 31
-5.28e-14
  0
LINE
  5
326
330
2D4
100
AcDbEntity
  8
0
100
AcDbLine
 10
-0.1724279555296814
 20
-0.5450360622488704
 30
-5.28e-14
 11
-0.1724279555296814
 21
-0.5499124531093595
 31
-5.28e-14
  0
LINE
  5
327
330
2D4
100
AcDbEntity
  8
0
100
AcDbLine
 10
0.3499999978078614
 20
-0.4636559176921349
 30
0.1962706660572966
 11
0.3499999978078614
 21
-0.6692274755052573
 31
0.0255548768977945
  0
ARC
  5
328
330
2D4
100
AcDbEntity
  8
0
100
AcDbCircle
 10
-0.3099999983086871
 20
0.04
 30
2e-16
 40
0.04
210
1.000667e-10
220
0.6446749585240084
230
0.76445679920586
100
AcDbArc
 50
180.000000073169
 51
270.0
  0
ARC
  5
329
330
2D4
100
AcDbEntity
  8
0
100
AcDbCircle
 10
0.309999998308687
 20
0.0400000000000001
 30
1e-16
 40
0.04
210
1.000667e-10
220
0.6446749583061367
230
0.7644567993895937
100
AcDbArc
 50
270.0
 51
359.9999999380774
  0
ARC
  5
32A
330
2D4
100
AcDbEntity
  8
0
100
AcDbCircle
 10
-0.3100000001746773
 20
-0.6599999999510137
 30
-1.2831e-12
 40
0.04
100
AcDbArc
 50
179.999999600262
 51
269.9999999911065
  0
ARC
  5
32B
330
2D4
100
AcDbEntity
  8
0
100
AcDbCircle
 10
0.3099999979118613
 20
-0.4985191812500708
 30
0.4472103436031798
 40
0.04
210
-9.92826e-11
220
-0.638871919433114
230
0.7693131160716349
100
AcDbArc
 50
270.0000000000136
 51
6.8499091e-09
  0
ENDBLK
  5
2D6
330
2D4
100
AcDbEntity
  8
0
100
AcDbBlockEnd
  0
BLOCK
  5
32D
330
32C
100
AcDbEntity
  8
0
100
AcDbBlockBegin
  2
BIN-L
 70
0
 10
0.0
 20
0.0
 30
0.0
  3
BIN-L
  1

  0
CIRCLE
  5
32F
330
32C
100
AcDbEntity
  8
0
100
AcDbCircle
 10
-4.656613e-10
 20
1.164153e-10
 30
-5.684e-13
 40
0.19
  0
CIRCLE
  5
330
330
32C
100
AcDbEntity
  8
0
100
AcDbCircle
 10
4.656613e-10
 20
-5.82077e-11
 30
-1.137e-13
 40
0.17
  0
ELLIPSE
  5
331
330
32C
100
AcDbEntity
  8
0
100
AcDbEllipse
 10
4.1909516e-09
 20
-2.26427801e-08
 30
2.274e-13
 11
-0.1631012075092123
 21
-6.1133749e-09
 31
0.0
 40
0.7282323789400204
 41
0.0
 42
6.283185307179586
  0
LINE
  5
332
330
32C
100
AcDbEntity
  8
0
100
AcDbLine
 10
-0.1699999989941716
 20
-0.0050000000628643
 30
-1.137e-13
 11
-0.1629566261544824
 21
-0.0050000001210719
 31
-1.137e-13
  0
LINE
  5
333
330
32C
100
AcDbEntity
  8
0
100
AcDbLine
 10
0.162956633605063
 20
-0.0050000003539026
 30
1.137e-13
 11
0.1700000017881393
 21
-0.0050000002956949
 31
1.137e-13
  0
LINE
  5
334
330
32C
100
AcDbEntity
  8
0
100
AcDbLine
 10
-0.1699999985285103
 20
0.0049999998300336
 30
-1.137e-13
 11
-0.1629566228948533
 21
0.0049999998882413
 31
-1.137e-13
  0
LINE
  5
335
330
32C
100
AcDbEntity
  8
0
100
AcDbLine
 10
0.1629566312767565
 20
0.0049999996554106
 30
0.0
 11
0.1700000017881393
 21
0.0049999997136183
 31
0.0
  0
ENDBLK
  5
32E
330
32C
100
AcDbEntity
  8
0
100
AcDbBlockEnd
  0
BLOCK
  5
337
330
336
100
AcDbEntity
  8
0
100
AcDbBlockBegin
  2
BIN-GROUP
 70
0
 10
0.0
 20
0.0
 30
0.0
  3
BIN-GROUP
  1

  0
CIRCLE
  5
339
330
336
100
AcDbEntity
  8
0
100
AcDbCircle
 10
-0.1700000055134296
 20
-0.179999997431878
 30
-6.821e-13
 40
0.11
  0
CIRCLE
  5
33A
330
336
100
AcDbEntity
  8
0
100
AcDbCircle
 10
-0.1700000050477683
 20
-0.1799999975482933
 30
-4.547e-13
 40
0.145
  0
LWPOLYLINE
  5
33B
330
336
100
AcDbEntity
  8
0
100
AcDbPolyline
 90
2
 70
0
 10
-0.5100254095159471
 20
-0.3599999972502701
 10
0.50999999884516
 20
-0.3599999971338548
  0
CIRCLE
  5
33C
330
336
100
AcDbEntity
  8
0
100
AcDbCircle
 10
0.1699999957345426
 20
-0.1799999975482933
 30
-1.137e-13
 40
0.11
  0
CIRCLE
  5
33D
330
336
100
AcDbEntity
  8
0
100
AcDbCircle
 10
0.1699999962002039
 20
-0.1799999975482933
 30
1.137e-13
 40
0.145
  0
CIRCLE
  5
33E
330
336
100
AcDbEntity
  8
0
100
AcDbCircle
 10
0.5099999974481761
 20
-0.1799999975482933
 30
6.821e-13
 40
0.11
  0
CIRCLE
  5
33F
330
336
100
AcDbEntity
  8
0
100
AcDbCircle
 10
0.5099999979138375
 20
-0.179999997606501
 30
9.095e-13
 40
0.145
  0
CIRCLE
  5
340
330
336
100
AcDbEntity
  8
0
100
AcDbCircle
 10
-0.5100000058300794
 20
-0.179999997431878
 30
-9.095e-13
 40
0.11
  0
CIRCLE
  5
341
330
336
100
AcDbEntity
  8
0
100
AcDbCircle
 10
-0.5100000053644181
 20
-0.1799999975482933
 30
-6.821e-13
 40
0.145
  0
LINE
  5
342
330
336
100
AcDbEntity
  8
0
100
AcDbLine
 10
-0.4322182596661151
 20
-0.1022182519664057
 30
-7.958e-13
 11
-0.5877817510627211
 21
-0.2577817437122576
 31
-7.958e-13
210
3.32815909e-08
220
3.8951e-12
230
0.9999999999999994
  0
LINE
  5
343
330
336
100
AcDbEntity
  8
0
100
AcDbLine
 10
-0.5877817510627211
 20
-0.1022182512679137
 30
-7.958e-13
 11
-0.4322182582691312
 21
-0.2577817421406507
 31
-6.821e-13
210
3.32815909e-08
220
3.8951e-12
230
0.9999999999999994
  0
LINE
  5
344
330
336
100
AcDbEntity
  8
0
100
AcDbLine
 10
-0.0922182584181428
 20
-0.1022182519664057
 30
-6.821e-13
 11
-0.2477817498147488
 21
-0.2577817437122576
 31
-6.821e-13
210
3.32815909e-08
220
3.8951e-12
230
0.9999999999999994
  0
LINE
  5
345
330
336
100
AcDbEntity
  8
0
100
AcDbLine
 10
-0.2477817498147488
 20
-0.1022182513261214
 30
-5.684e-13
 11
-0.092218257021159
 21
-0.2577817421988584
 31
-4.547e-13
210
3.32815909e-08
220
3.8951e-12
230
0.9999999999999994
  0
LINE
  5
346
330
336
100
AcDbEntity
  8
0
100
AcDbLine
 10
0.2477817423641682
 20
-0.1022182519664057
 30
0.0
 11
0.0922182505019009
 21
-0.2577817438286729
 31
0.0
210
3.32815909e-08
220
3.8951e-12
230
0.9999999999999994
  0
LINE
  5
347
330
336
100
AcDbEntity
  8
0
100
AcDbLine
 10
0.0922182509675622
 20
-0.102218251384329
 30
1.137e-13
 11
0.2477817432954907
 21
-0.2577817421988584
 31
1.137e-13
210
3.32815909e-08
220
3.8951e-12
230
0.9999999999999994
  0
LINE
  5
348
330
336
100
AcDbEntity
  8
0
100
AcDbLine
 10
0.5877817440778017
 20
-0.1022182519664057
 30
7.958e-13
 11
0.4322182522155345
 21
-0.2577817437122576
 31
7.958e-13
210
3.32815909e-08
220
3.8951e-12
230
0.9999999999999994
  0
LINE
  5
349
330
336
100
AcDbEntity
  8
0
100
AcDbLine
 10
0.4322182522155345
 20
-0.1022182514425367
 30
9.095e-13
 11
0.5877817450091243
 21
-0.2577817421988584
 31
9.095e-13
210
3.32815909e-08
220
3.8951e-12
230
0.9999999999999994
  0
ARC
  5
34A
330
336
100
AcDbEntity
  8
0
100
AcDbCircle
 10
0.5099999993108213
 20
-0.1799999981885776
 30
7.958e-13
 40
0.1799999990896338
100
AcDbArc
 50
270.0000003468455
 51
89.99999973319574
  0
ARC
  5
34B
330
336
100
AcDbEntity
  8
0
100
AcDbCircle
 10
-0.5100000048987569
 20
-0.1799999998183921
 30
-7.958e-13
 40
0.1799999990896338
100
AcDbArc
 50
89.99999951975231
 51
269.9999988794221
  0
LINE
  5
34C
330
336
100
AcDbEntity
  8
0
100
AcDbLine
 10
-0.5100000030361116
 20
-9.895302e-10
 30
-7.958e-13
 11
0.5100000016391278
 21
8.149073e-10
 31
7.958e-13
  0
ENDBLK
  5
338
330
336
100
AcDbEntity
  8
0
100
AcDbBlockEnd
  0
BLOCK
  5
34E
330
34D
100
AcDbEntity
  8
0
100
AcDbBlockBegin
  2
Garbage bin_blue_top_dwgmodels.com
 70
0
 10
0.0
 20
0.0
 30
0.0
  3
Garbage bin_blue_top_dwgmodels.com
  1

  0
LWPOLYLINE
  5
350
330
34D
100
AcDbEntity
  8
0
 62
0
100
AcDbPolyline
 90
8
 70
1
 10
-87.20998574593796
 20
368.0584749470504
 10
85.00009055489681
 20
368.0584749470504
 42
-0.4142135623730951
 10
115.5349153593533
 20
337.5236501425943
 10
115.5349153593533
 20
165.4224070518607
 42
-0.4142135623730951
 10
85.00009055489681
 20
134.8875822474047
 10
-87.20998574593796
 20
134.8875822474047
 42
-0.4142135623730951
 10
-117.7448105503936
 20
165.4224070518607
 10
-117.7448105503936
 20
337.5236501425943
 42
-0.4142135623730951
  0
LWPOLYLINE
  5
351
330
34D
100
AcDbEntity
  8
0
 62
0
100
AcDbPolyline
 90
8
 70
1
 10
-90.47933098966041
 20
380.0640362949544
 10
91.44046508130305
 20
380.0640362949544
 42
-0.4142135623730951
 10
129.9143443349185
 20
341.5901570413398
 10
129.9143443349185
 20
159.7911372560679
 42
-0.4142135623730951
 10
91.44046508130305
 20
121.3172580024534
 10
-90.47933098966041
 20
121.3172580024534
 42
-0.4142135623730951
 10
-128.9532102432749
 20
159.7911372560679
 10
-128.9532102432749
 20
341.5901570413398
 42
-0.4142135623730951
  0
LWPOLYLINE
  5
352
330
34D
100
AcDbEntity
  8
0
 62
0
100
AcDbPolyline
 90
8
 70
1
 10
-104.00749078637
 20
272.5185009472952
 10
100.8201608298877
 20
272.5185009472952
 42
-0.4142135623730951
 10
106.9271257907785
 20
266.4115359864041
 10
106.9271257907785
 20
235.987085543708
 42
-0.4142135623730951
 10
100.8201608298877
 20
229.8801205828167
 10
-104.00749078637
 20
229.8801205828167
 42
-0.4142135623730951
 10
-110.1144557472617
 20
235.987085543708
 10
-110.1144557472617
 20
266.4115359864041
 42
-0.4142135623730951
  0
LWPOLYLINE
  5
353
330
34D
100
AcDbEntity
  8
0
 62
0
100
AcDbPolyline
 90
3
 70
0
 10
-239.906786868296
 20
382.0709016918322
 10
-227.2610284365255
 20
461.9529655133678
 10
-227.2610284365255
 20
502.1620673791708
  0
LWPOLYLINE
  5
354
330
34D
100
AcDbEntity
  8
0
 62
0
100
AcDbPolyline
 90
4
 70
1
 10
-40.14723337297072
 20
556.3667940132264
 10
-32.02451676997953
 20
556.3667940132264
 10
-32.02451676997953
 20
501.2194301469421
 10
-40.14723337297072
 20
501.2194301469421
  0
LWPOLYLINE
  5
355
330
34D
100
AcDbEntity
  8
0
 62
0
100
AcDbPolyline
 90
5
 70
0
 10
-172.693495342598
 20
499.3476785028851
 10
-172.3228497823929
 20
553.5420587569478
 10
-165.807310695689
 20
553.5420587569478
 10
-159.2928889517752
 20
553.5420587569478
 10
-159.2928889517752
 20
501.2119759210363
  0
LWPOLYLINE
  5
356
330
34D
100
AcDbEntity
  8
0
 62
0
100
AcDbPolyline
 90
4
 70
0
 10
-40.14723337297072
 20
501.2119759210363
 10
-159.2928889517752
 20
501.2119759210363
 10
-165.807310695689
 20
501.2119759210363
 42
0.1698015298523196
 10
-227.2610284365255
 20
461.9529655133678
  0
LWPOLYLINE
  5
357
330
34D
100
AcDbEntity
  8
0
 62
0
100
AcDbPolyline
 90
2
 70
0
 10
-159.2928889517752
 20
523.2377897838282
 10
-40.14723337297072
 20
523.2377897838282
  0
LWPOLYLINE
  5
358
330
34D
100
AcDbEntity
  8
0
 62
0
100
AcDbPolyline
 90
2
 70
0
 10
-159.2928889517752
 20
542.6394139292951
 10
-40.14723337297072
 20
542.6394139292951
  0
LWPOLYLINE
  5
359
330
34D
100
AcDbEntity
  8
0
 62
0
100
AcDbPolyline
 90
2
 70
0
 10
-213.109140576953
 20
171.2665013770424
 10
-183.1147172798591
 20
182.487246857238
  0
LWPOLYLINE
  5
35A
330
34D
100
AcDbEntity
  8
0
 62
0
100
AcDbPolyline
 90
2
 70
0
 10
-203.4595463262012
 20
84.70770665138706
 10
-154.4692035033385
 20
103.6752638494577
  0
LWPOLYLINE
  5
35B
330
34D
100
AcDbEntity
  8
0
 62
0
100
AcDbPolyline
 90
3
 70
0
 10
-139.6307174135399
 20
109.4202702614093
 10
-139.2079213156321
 20
109.5839639346541
 42
0.3206796010873166
 10
-121.338266821901
 20
136.8136381727599
  0
LWPOLYLINE
  5
35C
330
34D
100
AcDbEntity
  8
0
 62
0
100
AcDbPolyline
 90
3
 70
0
 10
-169.6038081807173
 20
187.5414746348797
 42
-0.2698875135747396
 10
-140.2237425492876
 20
182.4353560868116
 10
-128.7745248954543
 20
156.0874217514151
  0
LWPOLYLINE
  5
35D
330
34D
100
AcDbEntity
  8
0
 62
0
100
AcDbPolyline
 90
5
 70
0
 10
-185.6105199843514
 20
187.741583000703
 10
-171.6301807917589
 20
192.8229676284982
 10
-138.1620780210078
 20
105.5924408584919
 10
-153.0849922401303
 20
99.86690365015284
 10
-185.0928770368955
 20
187.9297288589432
  0
LWPOLYLINE
  5
35E
330
34D
100
AcDbEntity
  8
0
 62
0
100
AcDbPolyline
 90
13
 70
0
 10
-165.807310695689
 20
480.7522814900957
 42
0.2979607711192544
 10
-215.2077400720636
 20
430.6309462298568
 42
0.0420513815109011
 10
-224.9967907045211
 20
345.8334317869985
 42
-0.0036979407494809
 10
-229.0014725761412
 20
241.2530666254824
 42
0.0605735950572527
 10
-216.728005027162
 20
78.63057962651828
 42
0.3674256589315062
 10
-149.5584836915059
 20
21.56733867644925
 10
0.0
 20
21.56733867644925
 10
149.5584836915041
 20
21.56733867644925
 42
0.3674256589315062
 10
216.7280050271602
 20
78.63057962651828
 42
0.0605735950572527
 10
229.0014725761393
 20
241.2530666254824
 42
-0.0036979407494809
 10
224.9967907045211
 20
345.8334317869985
 42
0.0420513815109011
 10
215.2077400720628
 20
430.6309462298568
 42
0.2979607711192544
 10
165.8073106956872
 20
480.7522814900957
  0
LWPOLYLINE
  5
35F
330
34D
100
AcDbEntity
  8
0
 62
0
100
AcDbPolyline
 90
3
 70
0
 10
239.9067868682942
 20
382.0709016918322
 10
227.2610284365237
 20
461.9529655133678
 10
227.2610284365237
 20
502.1620673791708
  0
LWPOLYLINE
  5
360
330
34D
100
AcDbEntity
  8
0
 62
0
100
AcDbPolyline
 90
13
 70
0
 10
-198.8619595265663
 20
487.4345898950264
 10
-198.7523926157955
 20
502.1620673791708
 10
-228.8638932184922
 20
502.1620673791708
 10
-239.8569799113429
 20
457.7324835380673
 10
-240.1431240903439
 20
23.05181754583145
 10
-220.0247092676654
 20
0.0
 10
0.0
 20
0.0
 10
220.0247092676645
 20
0.0
 10
240.1431240903421
 20
23.05181754583145
 10
239.856979911342
 20
457.7324835380673
 10
228.8638932184913
 20
502.1620673791708
 10
198.7523926157937
 20
502.1620673791708
 10
198.8619595265654
 20
487.4345898950264
  0
LWPOLYLINE
  5
361
330
34D
100
AcDbEntity
  8
0
 62
0
100
AcDbPolyline
 90
9
 70
0
 10
109.0339197266585
 20
358.8799473741819
 10
165.8073106956872
 20
414.4368150521532
 10
165.8073106956872
 20
553.5420587569478
 10
165.8073106956872
 20
480.7522814900962
 42
0.00218257589005
 10
0.0
 20
486.712311171148
 42
0.00218257589005
 10
-165.807310695689
 20
480.7522814900957
 10
-165.807310695689
 20
553.5420587569478
 10
-165.807310695689
 20
414.4368150521532
 10
-109.0339197266603
 20
358.8799473741819
  0
LWPOLYLINE
  5
362
330
34D
100
AcDbEntity
  8
0
 62
0
100
AcDbPolyline
 90
4
 70
1
 10
40.14723337297072
 20
556.3667940132264
 10
32.02451676997862
 20
556.3667940132264
 10
32.02451676997862
 20
501.2194301469421
 10
40.14723337297072
 20
501.2194301469421
  0
LWPOLYLINE
  5
363
330
34D
100
AcDbEntity
  8
0
 62
0
100
AcDbPolyline
 90
5
 70
0
 10
172.6934953425971
 20
499.3476785028851
 10
172.3228497823911
 20
553.5420587569478
 10
165.8073106956872
 20
553.5420587569478
 10
159.2928889517734
 20
553.5420587569478
 10
159.2928889517734
 20
501.2119759210363
  0
LWPOLYLINE
  5
364
330
34D
100
AcDbEntity
  8
0
 62
0
100
AcDbPolyline
 90
4
 70
0
 10
40.14723337297072
 20
501.2119759210363
 10
159.2928889517734
 20
501.2119759210363
 10
165.8073106956872
 20
501.2119759210363
 42
-0.1698015298523196
 10
227.2610284365237
 20
461.9529655133678
  0
LWPOLYLINE
  5
365
330
34D
100
AcDbEntity
  8
0
 62
0
100
AcDbPolyline
 90
2
 70
0
 10
159.2928889517734
 20
523.2377897838282
 10
40.14723337297072
 20
523.2377897838282
  0
LWPOLYLINE
  5
366
330
34D
100
AcDbEntity
  8
0
 62
0
100
AcDbPolyline
 90
2
 70
0
 10
159.2928889517734
 20
542.6394139292951
 10
40.14723337297072
 20
542.6394139292951
  0
LWPOLYLINE
  5
367
330
34D
100
AcDbEntity
  8
0
 62
0
100
AcDbPolyline
 90
3
 70
0
 10
32.02451676997862
 20
511.2247876410556
 10
0.0
 20
511.2247876410556
 10
-32.02451676997953
 20
511.2247876410556
  0
LWPOLYLINE
  5
368
330
34D
100
AcDbEntity
  8
0
 62
0
100
AcDbPolyline
 90
3
 70
0
 10
32.02451676997862
 20
523.2377897838282
 10
0.0
 20
523.2377897838282
 10
-32.02451676997953
 20
523.2377897838282
  0
LWPOLYLINE
  5
369
330
34D
100
AcDbEntity
  8
0
 62
0
100
AcDbPolyline
 90
3
 70
0
 10
32.02451676997862
 20
542.6394139292951
 10
0.0
 20
542.6394139292951
 10
-32.02451676997953
 20
542.6394139292951
  0
LWPOLYLINE
  5
36A
330
34D
100
AcDbEntity
  8
0
 62
0
100
AcDbPolyline
 90
14
 70
1
 10
0.0
 20
467.5696038543419
 10
165.8073106956872
 20
467.5696038543419
 42
-0.2180411569259928
 10
202.1210871478852
 20
417.5975478622717
 42
-0.0498029478121961
 10
213.0831701889083
 20
307.8159596393598
 10
213.0831701889083
 20
175.218053685101
 42
-0.0753779066294837
 10
199.3182379784484
 20
68.91143082960798
 42
-0.2435391384558685
 10
161.5874411335117
 20
41.03646050171983
 42
-0.0219432865354934
 10
0.0
 20
33.99545390045023
 42
-0.0219432865354934
 10
-161.5874411335125
 20
41.03646050171983
 42
-0.2435391384558685
 10
-199.3182379784493
 20
68.91143082960798
 42
-0.0753779066294837
 10
-213.0831701889092
 20
175.218053685101
 10
-213.0831701889092
 20
307.8159596393598
 42
-0.0498029478121961
 10
-202.121087147887
 20
417.5975478622717
 42
-0.2180411569259928
 10
-165.807310695689
 20
467.5696038543419
  0
LWPOLYLINE
  5
36B
330
34D
100
AcDbEntity
  8
0
 62
0
100
AcDbPolyline
 90
2
 70
0
 10
213.1091405769512
 20
171.2665013770424
 10
183.1147172798573
 20
182.487246857238
  0
LWPOLYLINE
  5
36C
330
34D
100
AcDbEntity
  8
0
 62
0
100
AcDbPolyline
 90
2
 70
0
 10
203.4595463261994
 20
84.70770665138706
 10
154.4692035033376
 20
103.6752638494577
  0
LWPOLYLINE
  5
36D
330
34D
100
AcDbEntity
  8
0
 62
0
100
AcDbPolyline
 90
3
 70
0
 10
139.6307174135381
 20
109.4202702614093
 10
139.2079213156303
 20
109.5839639346541
 42
-0.3206796010873166
 10
121.3382668219001
 20
136.8136381727599
  0
LWPOLYLINE
  5
36E
330
34D
100
AcDbEntity
  8
0
 62
0
100
AcDbPolyline
 90
3
 70
0
 10
169.6038081807164
 20
187.5414746348797
 42
0.2698875135747396
 10
140.2237425492858
 20
182.4353560868116
 10
128.7745248954525
 20
156.0874217514151
  0
LWPOLYLINE
  5
36F
330
34D
100
AcDbEntity
  8
0
 62
0
100
AcDbPolyline
 90
5
 70
0
 10
185.6105199843496
 20
187.741583000703
 10
171.6301807917571
 20
192.8229676284982
 10
138.1620780210069
 20
105.5924408584919
 10
153.0849922401303
 20
99.86690365015284
 10
185.0928770368946
 20
187.9297288589432
  0
ENDBLK
  5
34F
330
34D
100
AcDbEntity
  8
0
100
AcDbBlockEnd
  0
BLOCK
  5
371
330
370
100
AcDbEntity
  8
0
100
AcDbBlockBegin
  2
Male
 70
0
 10
0.0
 20
0.0
 30
0.0
  3
Male
  1

  0
HATCH
  5
373
330
370
100
AcDbEntity
  8
04-EXISTING BUILDING
  6
Continuous
 62
7
370
0
440
33554687
100
AcDbHatch
 10
0.0
 20
0.0
 30
0.0
210
0.0
220
0.0
230
1.0
  2
SOLID
 70
1
 71
0
 91
1
 92
1
 93
11
 72
2
 10
3.5485215e-09
 20
786.0210546747095
 40
168.7923666083297
 50
89.27597325775392
 51
252.7116846577627
 73
1
 72
1
 10
-50.16174218031938
 20
624.8544866578904
 11
-50.16174217863363
 21
576.4004916151733
 72
2
 10
-70.31838390727532
 20
384.8041385253556
 40
192.653711936975
 50
83.99436445821024
 51
150.6724981886088
 73
1
 72
1
 10
-238.2804921768415
 20
479.1661166136591
 11
-395.4429921674269
 21
-93.92138338695167
 72
1
 10
-395.4429921674269
 20
-93.92138338695167
 11
-244.6304921682281
 21
-93.92138338771564
 72
1
 10
-244.6304921682281
 20
-93.92138338771564
 11
-160.4929921724629
 21
221.9911166113552
 72
1
 10
-160.4929921724629
 20
221.9911166113552
 11
-136.6804921682992
 21
131.5036166161862
 72
1
 10
-136.6804921682992
 20
131.5036166161862
 11
-327.0058851803665
 21
-954.8055647027782
 72
1
 10
-327.0058851803665
 20
-954.8055647027782
 11
-132.7838982402504
 21
-954.8055647037337
 72
1
 10
-132.7838982402504
 20
-954.8055647037337
 11
1.742992185266757
 21
-217.7463833851316
 72
1
 10
1.742992185266756
 20
-217.7463833851316
 11
2.132913384864878
 21
954.7999446632047
 97
0
 75
0
 76
1
 98
1
 10
0.0
 20
0.0
450
0
451
0
460
0.0
461
0.0
452
1
462
0.0
453
0
470

  0
HATCH
  5
374
330
370
100
AcDbEntity
  8
04-EXISTING BUILDING
  6
Continuous
 62
7
370
0
440
33554687
100
AcDbHatch
 10
0.0
 20
0.0
 30
0.0
210
0.0
220
0.0
230
1.0
  2
SOLID
 70
1
 71
0
 91
1
 92
1
 93
11
 72
2
 10
7.1983379e-09
 20
786.0210546760037
 40
168.7923666090715
 50
269.2759732593067
 51
432.7116846583884
 73
0
 72
1
 10
50.16174218952664
 20
624.8544866579286
 11
50.16174218751483
 21
576.4004916147522
 72
2
 10
70.3183839142786
 20
384.8041385231256
 40
192.6537119385775
 50
263.994364458822
 51
330.6724981888406
 73
0
 72
1
 10
238.2804921856236
 20
479.1661166115344
 11
395.4429921674269
 21
-93.92138339114437
 72
1
 10
395.4429921674269
 20
-93.92138339114445
 11
244.6304921683427
 21
-93.92138339130086
 72
1
 10
244.6304921683427
 20
-93.92138339130086
 11
160.4929921771359
 21
221.9911166098727
 72
1
 10
160.4929921771359
 20
221.9911166098727
 11
136.6804921719235
 21
131.5036166161226
 72
1
 10
136.6804921719235
 20
131.5036166161226
 11
327.0058851695621
 21
-954.8055647071131
 72
1
 10
327.0058851695621
 20
-954.8055647071131
 11
132.7838982291018
 21
-954.8055647033915
 72
1
 10
132.7838982291018
 20
-954.8055647033915
 11
-1.742992185449111
 21
-217.7463833847077
 72
1
 10
-1.74299218544911
 20
-217.7463833847077
 11
-2.132913369553534
 21
954.7999446652983
 97
0
 75
0
 76
1
 98
1
 10
0.0
 20
0.0
450
0
451
0
460
0.0
461
0.0
452
1
462
0.0
453
0
470

  0
ENDBLK
  5
372
330
370
100
AcDbEntity
  8
0
100
AcDbBlockEnd
  0
BLOCK
  5
376
330
375
100
AcDbEntity
  8
0
100
AcDbBlockBegin
  2
Female
 70
0
 10
0.0
 20
0.0
 30
0.0
  3
Female
  1

  0
HATCH
  5
378
330
375
100
AcDbEntity
  8
04-EXISTING BUILDING
  6
Continuous
 62
7
370
0
440
33554687
100
AcDbHatch
 10
0.0
 20
0.0
 30
0.0
210
0.0
220
0.0
230
1.0
  2
SOLID
 70
1
 71
0
 91
1
 92
1
 93
12
 72
2
 10
-70.31838391008131
 20
384.8041385266001
 40
192.6537119354942
 50
209.3275018112588
 51
276.0056355427439
 73
0
 72
1
 10
-50.16174217840397
 20
576.4004916146095
 11
-50.16174217824119
 21
624.8544866575565
 72
2
 10
5.1883831e-09
 20
786.0210546741023
 40
168.7923666079385
 50
107.28831534212281
 51
270.7240267430628
 73
0
 72
1
 10
2.132913388905761
 20
954.799944662176
 11
2.132913383593403
 21
-954.8055647013695
 72
1
 10
2.132913383593403
 20
-954.8055647013695
 11
-61.45669895464834
 21
-954.8055647043527
 72
1
 10
-61.45669895464834
 20
-954.8055647043527
 11
-124.8405618061106
 21
-444.0642551406198
 72
1
 10
-124.8405618061106
 20
-444.0642551406198
 11
-335.6048093423368
 21
-444.0642551388463
 72
1
 10
-335.6048093423368
 20
-444.0642551388463
 11
-136.6804921753482
 21
131.5036166137824
 72
1
 10
-136.6804921753482
 20
131.5036166137824
 11
-160.4929921744269
 21
221.9911166133361
 72
1
 10
-160.4929921744269
 20
221.9911166133361
 11
-244.6304921757355
 21
-93.92138338642505
 72
1
 10
-244.6304921757355
 20
-93.92138338642508
 11
-395.4429921768988
 21
-93.9213833849626
 72
1
 10
-395.4429921768988
 20
-93.9213833849626
 11
-238.2804921785746
 21
479.1661166137901
 97
0
 75
0
 76
1
 98
1
 10
0.0
 20
0.0
450
0
451
0
460
0.0
461
0.0
452
1
462
0.0
453
0
470

  0
HATCH
  5
379
330
375
100
AcDbEntity
  8
04-EXISTING BUILDING
  6
Continuous
 62
7
370
0
440
33554687
100
AcDbHatch
 10
0.0
 20
0.0
 30
0.0
210
0.0
220
0.0
230
1.0
  2
SOLID
 70
1
 71
0
 91
1
 92
1
 93
12
 72
2
 10
70.31838391744168
 20
384.8041385282407
 40
192.6537119332385
 50
29.32750181011424
 51
96.00563554222231
 73
1
 72
1
 10
50.16174218774449
 20
576.4004916141901
 11
50.16174218975629
 21
624.8544866573657
 72
2
 10
8.9127781e-09
 20
786.0210546745186
 40
168.7923666077498
 50
287.2883153412234
 51
450.7240267423802
 73
1
 72
1
 10
-2.132913372791334
 20
954.799944662429
 11
-2.132913398781965
 21
-954.8055647008695
 72
1
 10
-2.132913398781965
 20
-954.8055647008695
 11
61.45669894026287
 21
-954.8055647043527
 72
1
 10
61.45669894026287
 20
-954.8055647043527
 11
124.8405618003971
 21
-444.0642551420733
 72
1
 10
124.8405618003971
 20
-444.0642551420733
 11
335.6048093347763
 21
-444.0642551440742
 72
1
 10
335.6048093347763
 20
-444.0642551440742
 11
136.6804921781568
 21
131.503616612551
 72
1
 10
136.6804921781568
 20
131.503616612551
 11
160.4929921789844
 21
221.991116611387
 72
1
 10
160.4929921789844
 20
221.991116611387
 11
244.6304921757364
 21
-93.92138338910262
 72
1
 10
244.6304921757364
 20
-93.92138338910262
 11
395.4429921768988
 21
-93.92138339056145
 72
1
 10
395.4429921768988
 20
-93.92138339056145
 11
238.2804921858533
 21
479.1661166109705
 97
0
 75
0
 76
1
 98
1
 10
0.0
 20
0.0
450
0
451
0
460
0.0
461
0.0
452
1
462
0.0
453
0
470

  0
ENDBLK
  5
377
330
375
100
AcDbEntity
  8
0
100
AcDbBlockEnd
  0
BLOCK
  5
37B
330
37A
100
AcDbEntity
  8
0
100
AcDbBlockBegin
  2
pole-flat-21
 70
0
 10
0.0
 20
0.0
 30
0.0
  3
pole-flat-21
  1

  0
HATCH
  5
37D
330
37A
100
AcDbEntity
  8
04-EXISTING BUILDING
440
33554687
100
AcDbHatch
 10
0.0
 20
0.0
 30
0.0
210
0.0
220
0.0
230
1.0
  2
SOLID
 70
1
 71
0
 91
1
 92
1
 93
1
 72
2
 10
0.0
 20
0.0
 40
80.0
 50
0.0
 51
360.0
 73
1
 97
1
330
C6ECA0
 75
1
 76
1
 98
1
 10
-20467.0
 20
-144469.0
450
0
451
0
460
0.0
461
0.0
452
0
462
0.0
453
2
463
0
 63
5
421
255
463
1
 63
2
421
16776960
470
LINEAR
  0
CIRCLE
  5
37E
330
37A
100
AcDbEntity
  8
04-EXISTING BUILDING
100
AcDbCircle
 10
0.0
 20
0.0
 30
0.0
 40
80.0
  0
CIRCLE
  5
37F
330
37A
100
AcDbEntity
  8
04-EXISTING BUILDING
100
AcDbCircle
 10
0.0
 20
0.0
 30
0.0
 40
120.0
  0
ENDBLK
  5
37C
330
37A
100
AcDbEntity
  8
0
100
AcDbBlockEnd
  0
BLOCK
  5
381
330
380
100
AcDbEntity
  8
0
100
AcDbBlockBegin
  2
Toilet Seat-flat-1
 70
0
 10
0.0
 20
0.0
 30
0.0
  3
Toilet Seat-flat-1
  1

  0
LWPOLYLINE
  5
383
330
380
100
AcDbEntity
  8
27-Mechanical Plumbing-M-NCA
100
AcDbPolyline
 90
17
 70
1
 10
-255.0
 20
140.0000002384186
 10
-285.7563424110413
 20
140.0000002384186
 42
-0.0705030602036322
 10
-362.3416018486023
 20
150.8357379436493
 42
0.002743669131254
 10
-364.6352562904358
 20
151.5885927677154
 42
0.078074712745445
 10
-450.0
 20
164.9999997615814
 42
0.0780747127454447
 10
-535.3647441864013
 20
151.5885927677154
 42
0.0875669367914108
 10
-602.9596195220947
 20
115.8501646518707
 42
0.105488158066647
 10
-650.0445713996887
 20
59.89833807945251
 42
0.1229528374611692
 10
-665.000000476837
 20
-2.384185791e-07
 42
0.1229528374611691
 10
-650.0445713996887
 20
-59.89833855628967
 42
0.1054881580666472
 10
-602.9596195220947
 20
-115.8501646518707
 42
0.0875669367914107
 10
-535.3647441864013
 20
-151.5885927677154
 42
0.0780747127454448
 10
-450.0
 20
-165.0000002384186
 42
0.0780747127454448
 10
-364.6352562904358
 20
-151.5885932445526
 42
0.0027436691312539
 10
-362.3416023254395
 20
-150.8357379436493
 42
-0.070503060258
 10
-285.7563424110413
 20
-140.0000002384186
 10
-255.0
 20
-140.0000002384186
  0
LWPOLYLINE
  5
384
330
380
100
AcDbEntity
  8
27-Mechanical Plumbing-M-NCA
100
AcDbPolyline
 90
17
 70
1
 10
-285.0
 20
109.9999997615814
 10
-285.7563424110413
 20
109.9999997615814
 42
-0.0716493606562683
 10
-371.85378074646
 20
122.38370013237
 42
0.002743669131254
 10
-373.8346176147461
 20
123.0338780879974
 42
0.078074712745445
 10
-450.0
 20
134.9999997615814
 42
0.0780747127454448
 10
-526.165382862091
 20
123.0338780879974
 42
0.0875669367914109
 10
-584.5414009094238
 20
92.16959834098814
 42
0.1054881580666471
 10
-623.5654888153076
 20
45.79663014411926
 42
0.1229528374611691
 10
-635.0
 20
-2.384185791e-07
 42
0.1229528374611692
 10
-623.5654888153076
 20
-45.79663014411926
 42
0.1054881580666472
 10
-584.5414009094238
 20
-92.16959834098814
 42
0.0875669367914107
 10
-526.165382862091
 20
-123.0338780879974
 42
0.0780747127454449
 10
-450.0
 20
-134.9999997615814
 42
0.0780747127454448
 10
-373.8346171379089
 20
-123.0338780879974
 42
0.0027436691312539
 10
-371.8537821769714
 20
-122.3837006092071
 42
-0.0716493608001443
 10
-285.7563424110413
 20
-109.9999997615814
 10
-285.0
 20
-109.9999997615814
  0
LWPOLYLINE
  5
385
330
380
100
AcDbEntity
  8
27-Mechanical Plumbing-M-NCA
100
AcDbPolyline
 90
17
 70
0
 10
-199.9999976158142
 20
149.9999997615814
 10
-285.7563424110413
 20
149.9999997615814
 42
-0.0700546439106151
 10
-359.1708750724793
 20
160.319750547409
 42
0.0027436691312539
 10
-361.56880235672
 20
161.1068313121795
 42
0.0780747127454449
 10
-450.0
 20
174.9999997615814
 42
0.0780747127454448
 10
-538.43119764328
 20
161.1068313121795
 42
0.0875669367914108
 10
-609.0990257263182
 20
123.7436869144439
 42
0.1054881580666472
 10
-658.8709325790405
 20
64.5989077091217
 42
0.1229528374611691
 10
-675.0
 20
-2.384185791e-07
 42
0.1229528374611691
 10
-658.8709325790405
 20
-64.5989077091217
 42
0.1054881580666472
 10
-609.0990257263182
 20
-123.7436869144439
 42
0.0875669367914108
 10
-538.43119764328
 20
-161.1068313121795
 42
0.0780747127454448
 10
-450.0
 20
-174.9999997615814
 42
0.0780747127454449
 10
-361.56880235672
 20
-161.1068313121795
 42
0.0027436691312539
 10
-359.1708750724793
 20
-160.319750547409
 42
-0.0700546439106152
 10
-285.7563424110413
 20
-149.9999997615814
 10
-199.9999976158142
 20
-149.9999997615814
  0
LWPOLYLINE
  5
386
330
380
100
AcDbEntity
  8
27-Mechanical Plumbing-M-NCA
100
AcDbPolyline
 90
8
 70
1
 10
0.0
 20
-230.0000002384186
 10
0.0
 20
229.9999997615814
 42
0.4142135623730951
 10
-20.00000047683716
 20
249.9999997615814
 10
-180.0
 20
249.9999997615814
 42
0.4142135623730951
 10
-200.0
 20
229.9999997615814
 10
-200.0
 20
-230.0000002384186
 42
0.4142135623730951
 10
-180.0
 20
-250.0000002384186
 10
-20.00000047683716
 20
-250.0000002384186
 42
0.4142135623730951
  0
LINE
  5
387
330
380
100
AcDbEntity
  8
27-Mechanical Plumbing-M-NCA
100
AcDbLine
 10
-160.0
 20
-2.384185791e-07
 30
0.0
 11
-460.0
 21
-2.384185791e-07
 31
0.0
  0
CIRCLE
  5
388
330
380
100
AcDbEntity
  8
27-Mechanical Plumbing-M-NCA
100
AcDbCircle
 10
-80.0
 20
-2.384185791e-07
 30
0.0
 40
30.0
  0
LINE
  5
389
330
380
100
AcDbEntity
  8
27-Mechanical Plumbing-M-NCA
100
AcDbLine
 10
-80.0
 20
-100.0000002384185
 30
0.0
 11
-80.0
 21
100.0000002384185
 31
0.0
  0
LINE
  5
38A
330
380
100
AcDbEntity
  8
27-Mechanical Plumbing-M-NCA
100
AcDbLine
 10
-40.00000047683715
 20
-2.384185791e-07
 30
0.0
 11
-120.0
 21
-2.384185791e-07
 31
0.0
  0
LWPOLYLINE
  5
38B
330
380
100
AcDbEntity
  8
27-Mechanical Plumbing-M-NCA
100
AcDbPolyline
 90
4
 70
0
 10
-285.0
 20
-85.00000023841858
 10
-275.0
 20
-85.00000023841858
 10
-275.0
 20
-35.00000023841858
 10
-285.0
 20
-35.00000023841858
  0
LWPOLYLINE
  5
38C
330
380
100
AcDbEntity
  8
27-Mechanical Plumbing-M-NCA
100
AcDbPolyline
 90
4
 70
0
 10
-285.0
 20
84.9999997615814
 10
-275.0
 20
84.9999997615814
 10
-275.0
 20
35.00000023841858
 10
-285.0
 20
35.00000023841858
  0
ENDBLK
  5
382
330
380
100
AcDbEntity
  8
0
100
AcDbBlockEnd
  0
BLOCK
  5
38E
330
38D
100
AcDbEntity
  8
0
100
AcDbBlockBegin
  2
*U1241
 70
1
 10
0.0
 20
0.0
 30
0.0
  3
*U1241
  1

  0
LWPOLYLINE
  5
390
330
38D
100
AcDbEntity
  8
0
  6
ByBlock
 62
0
370
-2
 60
1
100
AcDbPolyline
 90
4
 70
1
 10
-249.999999995809
 20
277.5000000035216
 10
-249.999999995809
 20
-322.4999999964784
 10
250.000000004191
 20
-322.4999999964784
 10
250.000000004191
 20
277.5000000035216
  0
LINE
  5
391
330
38D
100
AcDbEntity
  8
0
  6
ByBlock
 62
0
370
-2
 60
1
100
AcDbLine
 10
250.0000000001164
 20
162.5807926850102
 30
-2.2737e-12
 11
-249.9999999970896
 21
162.5807926904817
 31
-2.2737e-12
  0
LINE
  5
392
330
38D
100
AcDbEntity
  8
0
  6
ByBlock
 62
0
370
-2
 60
1
100
AcDbLine
 10
249.9999999998836
 20
152.5807926850102
 30
-3.1832e-12
 11
-249.9999999972061
 21
152.5807926904817
 31
-8.6402e-12
  0
LINE
  5
393
330
38D
100
AcDbEntity
  8
0
  6
ByBlock
 62
0
370
-2
 60
1
100
AcDbLine
 10
124.9999999998836
 20
227.4999999964202
 30
-4.0927e-12
 11
124.9999999998836
 21
177.4999999964202
 31
4.0927e-12
  0
LINE
  5
394
330
38D
100
AcDbEntity
  8
0
  6
ByBlock
 62
0
370
-2
 60
1
100
AcDbLine
 10
93.59106688667087
 20
227.499999996362
 30
2.2737e-12
 11
93.59106688667087
 21
177.4999999964202
 31
-4.547e-13
  0
LINE
  5
395
330
38D
100
AcDbEntity
  8
0
  6
ByBlock
 62
0
370
-2
 60
1
100
AcDbLine
 10
124.9999999998836
 20
214.7117032044625
 30
2.2737e-12
 11
93.59106688667087
 21
214.7117032044625
 31
-4.0927e-12
  0
LINE
  5
396
330
38D
100
AcDbEntity
  8
0
  6
ByBlock
 62
0
370
-2
 60
1
100
AcDbLine
 10
124.9999999998836
 20
190.4835279059189
 30
4.547e-13
 11
93.59106688667087
 21
190.4835279059189
 31
4.0927e-12
  0
LINE
  5
397
330
38D
100
AcDbEntity
  8
0
  6
ByBlock
 62
0
370
-2
 60
1
100
AcDbLine
 10
-124.9999999942956
 20
227.4999999964202
 30
-1.3642e-12
 11
-124.9999999942956
 21
177.4999999964202
 31
8.6402e-12
  0
LINE
  5
398
330
38D
100
AcDbEntity
  8
0
  6
ByBlock
 62
0
370
-2
 60
1
100
AcDbLine
 10
-93.59106688108297
 20
227.4999999964202
 30
3.1832e-12
 11
-93.59106688108297
 21
177.4999999964202
 31
7.7307e-12
  0
LINE
  5
399
330
38D
100
AcDbEntity
  8
0
  6
ByBlock
 62
0
370
-2
 60
1
100
AcDbLine
 10
-124.9999999942956
 20
214.7117032044625
 30
-4.547e-13
 11
-93.59106688108297
 21
214.7117032044625
 31
2.2737e-12
  0
LINE
  5
39A
330
38D
100
AcDbEntity
  8
0
  6
ByBlock
 62
0
370
-2
 60
1
100
AcDbLine
 10
-124.9999999942956
 20
190.4835279059189
 30
2.2737e-12
 11
-93.59106688108297
 21
190.4835279059189
 31
3.1832e-12
  0
LINE
  5
39B
330
38D
100
AcDbEntity
  8
0
  6
ByBlock
 62
0
370
-2
 60
1
100
AcDbLine
 10
-124.9999999942956
 20
227.4999999964202
 30
-1.3642e-12
 11
-93.59106688108297
 21
227.499999996362
 31
3.1832e-12
  0
LINE
  5
39C
330
38D
100
AcDbEntity
  8
0
  6
ByBlock
 62
0
370
-2
 60
1
100
AcDbLine
 10
-124.9999999942956
 20
177.4999999964202
 30
7.7307e-12
 11
-93.59106688108297
 21
177.4999999964202
 31
6.8212e-12
  0
LINE
  5
39D
330
38D
100
AcDbEntity
  8
0
  6
ByBlock
 62
0
370
-2
 60
1
100
AcDbLine
 10
93.59106688667087
 20
227.499999996362
 30
-2.2737e-12
 11
124.9999999998836
 21
227.499999996362
 31
-3.1832e-12
  0
LINE
  5
39E
330
38D
100
AcDbEntity
  8
0
  6
ByBlock
 62
0
370
-2
 60
1
100
AcDbLine
 10
93.59106688667087
 20
177.499999996362
 30
4.0927e-12
 11
124.9999999998836
 21
177.499999996362
 31
2.2737e-12
  0
CIRCLE
  5
39F
330
38D
100
AcDbEntity
  8
0
  6
ByBlock
 62
0
370
-2
 60
1
100
AcDbCircle
 10
210.0000000011641
 20
237.4999999982247
 30
2.2737e-12
 40
12.0
  0
CIRCLE
  5
3A0
330
38D
100
AcDbEntity
  8
0
  6
ByBlock
 62
0
370
-2
 60
1
100
AcDbCircle
 10
210.0000000011641
 20
-282.5000000020082
 30
2.2737e-12
 40
12.0
  0
CIRCLE
  5
3A1
330
38D
100
AcDbEntity
  8
0
  6
ByBlock
 62
0
370
-2
 60
1
100
AcDbCircle
 10
-210.0000000057043
 20
237.4999999982247
 30
2.2737e-12
 40
12.0
  0
CIRCLE
  5
3A2
330
38D
100
AcDbEntity
  8
0
  6
ByBlock
 62
0
370
-2
 60
1
100
AcDbCircle
 10
-210.0000000057043
 20
-282.5000000020082
 30
2.2737e-12
 40
12.0
  0
CIRCLE
  5
3A3
330
38D
100
AcDbEntity
  8
0
  6
ByBlock
 62
0
370
-2
 60
1
100
AcDbCircle
 10
-2.2118911e-09
 20
237.5000000007858
 30
1.819e-12
 40
12.0
  0
CIRCLE
  5
3A4
330
38D
100
AcDbEntity
  8
0
  6
ByBlock
 62
0
370
-2
 60
1
100
AcDbCircle
 10
-2.2118911e-09
 20
-282.499999999447
 30
1.819e-12
 40
12.0
  0
LINE
  5
3A5
330
38D
100
AcDbEntity
  8
0
  6
ByBlock
 62
0
370
-2
 60
1
100
AcDbLine
 10
124.9999999998836
 20
-272.5000000009022
 30
-4.0927e-12
 11
124.9999999998836
 21
-222.5000000009022
 31
4.0927e-12
  0
LINE
  5
3A6
330
38D
100
AcDbEntity
  8
0
  6
ByBlock
 62
0
370
-2
 60
1
100
AcDbLine
 10
93.59106688667087
 20
-272.500000000844
 30
2.2737e-12
 11
93.59106688667087
 21
-222.5000000009022
 31
-4.547e-13
  0
LINE
  5
3A7
330
38D
100
AcDbEntity
  8
0
  6
ByBlock
 62
0
370
-2
 60
1
100
AcDbLine
 10
124.9999999998836
 20
-259.7117032089445
 30
2.2737e-12
 11
93.59106688667087
 21
-259.7117032089445
 31
-4.0927e-12
  0
LINE
  5
3A8
330
38D
100
AcDbEntity
  8
0
  6
ByBlock
 62
0
370
-2
 60
1
100
AcDbLine
 10
124.9999999998836
 20
-235.4835279104009
 30
4.547e-13
 11
93.59106688667087
 21
-235.4835279104009
 31
4.0927e-12
  0
LINE
  5
3A9
330
38D
100
AcDbEntity
  8
0
  6
ByBlock
 62
0
370
-2
 60
1
100
AcDbLine
 10
-124.9999999942956
 20
-272.5000000009022
 30
-1.3642e-12
 11
-124.9999999942956
 21
-222.5000000009022
 31
8.6402e-12
  0
LINE
  5
3AA
330
38D
100
AcDbEntity
  8
0
  6
ByBlock
 62
0
370
-2
 60
1
100
AcDbLine
 10
-93.59106688108297
 20
-272.5000000009022
 30
3.1832e-12
 11
-93.59106688108297
 21
-222.5000000009022
 31
7.7307e-12
  0
LINE
  5
3AB
330
38D
100
AcDbEntity
  8
0
  6
ByBlock
 62
0
370
-2
 60
1
100
AcDbLine
 10
-124.9999999942956
 20
-259.7117032089445
 30
-4.547e-13
 11
-93.59106688108297
 21
-259.7117032089445
 31
2.2737e-12
  0
LINE
  5
3AC
330
38D
100
AcDbEntity
  8
0
  6
ByBlock
 62
0
370
-2
 60
1
100
AcDbLine
 10
-124.9999999942956
 20
-235.4835279104009
 30
2.2737e-12
 11
-93.59106688108297
 21
-235.4835279104009
 31
3.1832e-12
  0
LINE
  5
3AD
330
38D
100
AcDbEntity
  8
0
  6
ByBlock
 62
0
370
-2
 60
1
100
AcDbLine
 10
-124.9999999942956
 20
-272.5000000009022
 30
-1.3642e-12
 11
-93.59106688108297
 21
-272.500000000844
 31
3.1832e-12
  0
LINE
  5
3AE
330
38D
100
AcDbEntity
  8
0
  6
ByBlock
 62
0
370
-2
 60
1
100
AcDbLine
 10
-124.9999999942956
 20
-222.5000000009022
 30
7.7307e-12
 11
-93.59106688108297
 21
-222.5000000009022
 31
6.8212e-12
  0
LINE
  5
3AF
330
38D
100
AcDbEntity
  8
0
  6
ByBlock
 62
0
370
-2
 60
1
100
AcDbLine
 10
93.59106688667087
 20
-272.500000000844
 30
-2.2737e-12
 11
124.9999999998836
 21
-272.500000000844
 31
-3.1832e-12
  0
LINE
  5
3B0
330
38D
100
AcDbEntity
  8
0
  6
ByBlock
 62
0
370
-2
 60
1
100
AcDbLine
 10
93.59106688667087
 20
-222.500000000844
 30
4.0927e-12
 11
124.9999999998836
 21
-222.500000000844
 31
2.2737e-12
  0
CIRCLE
  5
3B1
330
38D
100
AcDbEntity
  8
0
  6
ByBlock
 62
0
370
-2
 60
1
100
AcDbCircle
 10
210.0000000011641
 20
-22.50000000200817
 30
2.2737e-12
 40
12.0
  0
CIRCLE
  5
3B2
330
38D
100
AcDbEntity
  8
0
  6
ByBlock
 62
0
370
-2
 60
1
100
AcDbCircle
 10
-210.0000000057043
 20
-22.50000000200817
 30
2.2737e-12
 40
12.0
  0
LINE
  5
3B3
330
38D
100
AcDbEntity
  8
0
  6
ByBlock
 62
0
370
-2
 48
0.1
 60
1
100
AcDbLine
 10
224.9194645881653
 20
237.4999999979918
 30
6.2962e-12
 11
195.0805354142794
 21
237.4999999984575
 31
-1.7487e-12
  0
LINE
  5
3B4
330
38D
100
AcDbEntity
  8
0
  6
ByBlock
 62
0
370
-2
 48
0.1
 60
1
100
AcDbLine
 10
210.0000000009313
 20
222.5805354112817
 30
1.7794e-12
 11
210.0000000015134
 21
252.4194645851676
 31
5.4965e-12
  0
LINE
  5
3B5
330
38D
100
AcDbEntity
  8
0
  6
ByBlock
 62
0
370
-2
 48
0.1
 60
1
100
AcDbLine
 10
224.9194645881653
 20
-22.50000000224099
 30
6.2962e-12
 11
195.0805354142794
 21
-22.50000000177533
 31
-1.7487e-12
  0
LINE
  5
3B6
330
38D
100
AcDbEntity
  8
0
  6
ByBlock
 62
0
370
-2
 48
0.1
 60
1
100
AcDbLine
 10
210.0000000009313
 20
-37.41946458895109
 30
1.7794e-12
 11
210.0000000015134
 21
-7.580535415065241
 31
5.4965e-12
  0
LINE
  5
3B7
330
38D
100
AcDbEntity
  8
0
  6
ByBlock
 62
0
370
-2
 48
0.1
 60
1
100
AcDbLine
 10
224.9194645881653
 20
-282.500000002241
 30
6.2962e-12
 11
195.0805354142794
 21
-282.5000000017753
 31
-1.7487e-12
  0
LINE
  5
3B8
330
38D
100
AcDbEntity
  8
0
  6
ByBlock
 62
0
370
-2
 48
0.1
 60
1
100
AcDbLine
 10
210.0000000009313
 20
-297.4194645889511
 30
1.7794e-12
 11
210.0000000015134
 21
-267.5805354150652
 31
5.4965e-12
  0
LINE
  5
3B9
330
38D
100
AcDbEntity
  8
0
  6
ByBlock
 62
0
370
-2
 48
0.1
 60
1
100
AcDbLine
 10
14.91946458467282
 20
-282.4999999996799
 30
5.8415e-12
 11
-14.91946458921302
 21
-282.4999999992142
 31
-2.2035e-12
  0
LINE
  5
3BA
330
38D
100
AcDbEntity
  8
0
  6
ByBlock
 62
0
370
-2
 48
0.1
 60
1
100
AcDbLine
 10
-2.4447218e-09
 20
-297.4194645863899
 30
1.3247e-12
 11
-1.9790605e-09
 21
-267.5805354125041
 31
5.0418e-12
  0
LINE
  5
3BB
330
38D
100
AcDbEntity
  8
0
  6
ByBlock
 62
0
370
-2
 48
0.1
 60
1
100
AcDbLine
 10
14.91946458467282
 20
237.500000000553
 30
5.8415e-12
 11
-14.91946458921302
 21
237.5000000010186
 31
-2.2035e-12
  0
LINE
  5
3BC
330
38D
100
AcDbEntity
  8
0
  6
ByBlock
 62
0
370
-2
 48
0.1
 60
1
100
AcDbLine
 10
-2.4447218e-09
 20
222.5805354138429
 30
1.3247e-12
 11
-1.9790605e-09
 21
252.4194645877287
 31
5.0418e-12
  0
LINE
  5
3BD
330
38D
100
AcDbEntity
  8
0
  6
ByBlock
 62
0
370
-2
 48
0.1
 60
1
100
AcDbLine
 10
-195.0805354188196
 20
237.4999999979918
 30
6.2962e-12
 11
-224.9194645927055
 21
237.4999999984575
 31
-1.7487e-12
  0
LINE
  5
3BE
330
38D
100
AcDbEntity
  8
0
  6
ByBlock
 62
0
370
-2
 48
0.1
 60
1
100
AcDbLine
 10
-210.0000000059372
 20
222.5805354112817
 30
1.7794e-12
 11
-210.0000000053551
 21
252.4194645851676
 31
5.4965e-12
  0
LINE
  5
3BF
330
38D
100
AcDbEntity
  8
0
  6
ByBlock
 62
0
370
-2
 48
0.1
 60
1
100
AcDbLine
 10
-195.0805354188196
 20
-22.50000000224099
 30
6.2962e-12
 11
-224.9194645927055
 21
-22.50000000177533
 31
-1.7487e-12
  0
LINE
  5
3C0
330
38D
100
AcDbEntity
  8
0
  6
ByBlock
 62
0
370
-2
 48
0.1
 60
1
100
AcDbLine
 10
-210.0000000059372
 20
-37.41946458895109
 30
1.7794e-12
 11
-210.0000000053551
 21
-7.580535415065241
 31
5.4965e-12
  0
LINE
  5
3C1
330
38D
100
AcDbEntity
  8
0
  6
ByBlock
 62
0
370
-2
 48
0.1
 60
1
100
AcDbLine
 10
-195.0805354188196
 20
-282.500000002241
 30
6.2962e-12
 11
-224.9194645927055
 21
-282.5000000017753
 31
-1.7487e-12
  0
LINE
  5
3C2
330
38D
100
AcDbEntity
  8
0
  6
ByBlock
 62
0
370
-2
 48
0.1
 60
1
100
AcDbLine
 10
-210.0000000059372
 20
-297.4194645889511
 30
1.7794e-12
 11
-210.0000000053551
 21
-267.5805354150652
 31
5.4965e-12
  0
LWPOLYLINE
  5
3C3
330
38D
100
AcDbEntity
  8
0
  6
ByBlock
 62
0
370
-2
 60
1
100
AcDbPolyline
 90
16
 70
1
 10
-26.99218940641731
 20
-175.9999999520369
 42
-0.487892829936431
 10
-28.93253008439206
 20
-173.5151514671743
 42
0.6202045365401219
 10
-48.71212121215648
 20
-156.6725218988722
 42
-0.538443640861249
 10
-51.5
 20
-154.8342490638606
 10
-51.5
 20
109.8342491599032
 42
-0.5384436408612499
 10
-48.71212121215648
 20
111.6725219947984
 42
0.6202045365401134
 10
-28.93253008439206
 20
128.5151515631005
 42
-0.4878928299364763
 10
-26.99218940641731
 20
131.0000000479631
 10
26.99218940641731
 20
131.0000000479631
 42
-0.4878928299364655
 10
28.93253008439206
 20
128.5151515631005
 42
0.6202045365401223
 10
48.71212121215648
 20
111.6725219947984
 42
-0.5384436408612494
 10
51.5
 20
109.8342491599032
 10
51.5
 20
-154.8342490638606
 42
-0.5384436408612573
 10
48.71212121215648
 20
-156.6725218988722
 42
0.6202045365401165
 10
28.93253008439206
 20
-173.5151514671743
 42
-0.4878928299364775
 10
26.99218940641731
 20
-175.9999999520369
  0
LWPOLYLINE
  5
3C4
330
38D
100
AcDbEntity
  8
0
  6
ByBlock
 62
0
370
-2
 60
1
100
AcDbPolyline
 90
20
 70
1
 10
-43.0
 20
-184.4999999520369
 10
43.0
 20
-184.4999999520369
 42
0.2287874586849711
 10
54.35522775747813
 20
-179.0171393308555
 42
1.0
 10
50.04807240120135
 20
-175.5968450836371
 42
-3.332614608394066
 10
50.91999999992549
 20
-165.7252368006157
 42
0.7787756699388375
 10
57.5
 20
-164.0628289084416
 10
57.5
 20
119.0628290044842
 42
0.7787756699388242
 10
50.91999999992549
 20
120.7252368966583
 42
-3.332614608394174
 10
50.04807240120135
 20
130.5968451796798
 42
1.0
 10
54.35522775747813
 20
134.0171394267818
 42
0.2287874586849738
 10
43.0
 20
139.5000000479631
 10
-43.0
 20
139.5000000479631
 42
0.2287874586849696
 10
-54.35522775747813
 20
134.0171394267818
 42
1.0
 10
-50.04807240120135
 20
130.5968451796798
 42
-3.332614608394095
 10
-50.91999999992549
 20
120.7252368966583
 42
0.7787756699388354
 10
-57.5
 20
119.0628290044842
 10
-57.5
 20
-164.0628289084416
 42
0.7787756699388404
 10
-50.91999999992549
 20
-165.7252368006157
 42
-3.332614608394179
 10
-50.04807240120135
 20
-175.5968450836371
 42
1.0
 10
-54.35522775747813
 20
-179.0171393308555
 42
0.2287874586849711
  0
LINE
  5
3C5
330
38D
100
AcDbEntity
  8
0
  6
ByBlock
 62
0
370
-2
 60
1
100
AcDbLine
 10
-13.49999999932333
 20
42.49999999991266
 30
-6.8212e-12
 11
-13.4999999996653
 21
15.49999999985442
 31
2.2737e-12
  0
LINE
  5
3C6
330
38D
100
AcDbEntity
  8
0
  6
ByBlock
 62
0
370
-2
 60
1
100
AcDbLine
 10
-13.4999999996653
 20
15.49999999985442
 30
2.2737e-12
 11
13.50000000032742
 21
15.49999999944697
 31
-5.0022e-12
  0
LINE
  5
3C7
330
38D
100
AcDbEntity
  8
0
  6
ByBlock
 62
0
370
-2
 60
1
100
AcDbLine
 10
13.50000000032742
 20
15.49999999944697
 30
-5.0022e-12
 11
13.50000000067666
 21
42.4999999996798
 31
5.0022e-12
  0
LINE
  5
3C8
330
38D
100
AcDbEntity
  8
0
  6
ByBlock
 62
0
370
-2
 60
1
100
AcDbLine
 10
13.50000000067666
 20
42.4999999996798
 30
5.0022e-12
 11
-13.49999999932333
 21
42.49999999991266
 31
-6.8212e-12
  0
LINE
  5
3C9
330
38D
100
AcDbEntity
  8
0
  6
ByBlock
 62
0
370
-2
 60
1
100
AcDbLine
 10
4.000000000320142
 20
15.4999999996798
 30
5.0022e-12
 11
3.999999999527062
 21
-60.50000000032014
 31
2.2737e-12
  0
LINE
  5
3CA
330
38D
100
AcDbEntity
  8
0
  6
ByBlock
 62
0
370
-2
 60
1
100
AcDbLine
 10
-3.999999999665305
 20
15.4999999996798
 30
-5.0022e-12
 11
-4.00000000023283
 21
-60.49999999985448
 31
3.1832e-12
  0
LINE
  5
3CB
330
38D
100
AcDbEntity
  8
0
  6
ByBlock
 62
0
370
-2
 48
0.5
 60
1
100
AcDbLine
 10
9.022187e-10
 20
52.49999999985445
 30
-3.1832e-12
 11
1.018634e-10
 21
5.499999999854424
 31
-1.3642e-12
  0
LINE
  5
3CC
330
38D
100
AcDbEntity
  8
0
  6
ByBlock
 62
0
370
-2
 60
1
100
AcDbLine
 10
5.602487e-10
 20
42.49999999967982
 30
-1.3642e-12
 11
3.346941e-10
 21
15.4999999996798
 31
-3.1832e-12
  0
LINE
  5
3CD
330
38D
100
AcDbEntity
  8
0
  6
ByBlock
 62
0
370
-2
 60
1
100
AcDbLine
 10
-3.999999999898136
 20
-22.49999999985454
 30
-3.1832e-12
 11
3.999999999869032
 21
-22.50000000014558
 31
4.0927e-12
  0
LINE
  5
3CE
330
38D
100
AcDbEntity
  8
0
  6
ByBlock
 62
0
370
-2
 60
1
100
AcDbLine
 10
-13.50000000360887
 20
-87.49999999938882
 30
1.3642e-12
 11
-13.50000000222644
 21
-60.49999999915598
 31
-1.3642e-12
  0
LINE
  5
3CF
330
38D
100
AcDbEntity
  8
0
  6
ByBlock
 62
0
370
-2
 60
1
100
AcDbLine
 10
-13.50000000222644
 20
-60.49999999915598
 30
-1.3642e-12
 11
13.49999999754073
 21
-60.5000000007858
 31
-2.2737e-12
  0
LINE
  5
3D0
330
38D
100
AcDbEntity
  8
0
  6
ByBlock
 62
0
370
-2
 60
1
100
AcDbLine
 10
13.49999999754073
 20
-60.5000000007858
 30
-2.2737e-12
 11
13.49999999615829
 21
-87.5000000007858
 31
-4.0927e-12
  0
LINE
  5
3D1
330
38D
100
AcDbEntity
  8
0
  6
ByBlock
 62
0
370
-2
 60
1
100
AcDbLine
 10
13.49999999615829
 20
-87.5000000007858
 30
-4.0927e-12
 11
-13.50000000360887
 21
-87.49999999938882
 31
1.3642e-12
  0
LINE
  5
3D2
330
38D
100
AcDbEntity
  8
0
  6
ByBlock
 62
0
370
-2
 48
0.5
 60
1
100
AcDbLine
 10
-4.5401976e-09
 20
-96.89065303732059
 30
-2.2737e-12
 11
-1.7462298e-09
 21
-50.50000000008731
 31
-2.2737e-12
  0
LINE
  5
3D3
330
38D
100
AcDbEntity
  8
0
  6
ByBlock
 62
0
370
-2
 60
1
100
AcDbLine
 10
-3.8417056e-09
 20
-87.49999999985448
 30
-4.0927e-12
 11
-2.4592737e-09
 21
-60.49999999985448
 31
5.0022e-12
  0
INSERT
  5
3D4
330
38D
100
AcDbEntity
  8
0
  6
ByBlock
 62
0
370
-2
100
AcDbBlockReference
  2
214
 10
-975973.578547963
 20
-74108.91771975646
 30
4.547e-13
  0
LWPOLYLINE
  5
3D6
330
38D
100
AcDbEntity
  8
0
  6
ByBlock
 62
0
370
-2
 60
1
100
AcDbPolyline
 90
4
 70
1
 10
-176.7354173670755
 20
-172.4999999982319
 10
123.2645826329244
 20
-172.4999999982319
 10
123.2645826329244
 20
127.500000001768
 10
-176.7354173670755
 20
127.500000001768
  0
LINE
  5
3D7
330
38D
100
AcDbEntity
  8
0
  6
ByBlock
 62
0
370
-2
 60
1
100
AcDbLine
 10
-41.89800881006521
 20
-32.5000188954873
 30
-4.0254e-12
 11
-21.89800881012343
 21
-32.50001889574196
 31
2.7116e-12
  0
LINE
  5
3D8
330
38D
100
AcDbEntity
  8
0
  6
ByBlock
 62
0
370
-2
 60
1
100
AcDbLine
 10
-21.89800881012343
 20
-32.50001889574196
 30
2.7116e-12
 11
-21.89800880977418
 21
-12.50001889582927
 31
-2.678e-12
  0
LINE
  5
3D9
330
38D
100
AcDbEntity
  8
0
  6
ByBlock
 62
0
370
-2
 60
1
100
AcDbLine
 10
-21.89800880977418
 20
-12.50001889582927
 30
-2.678e-12
 11
-41.8980088098906
 21
-12.50001889557461
 31
4.7327e-12
  0
LINE
  5
3DA
330
38D
100
AcDbEntity
  8
0
  6
ByBlock
 62
0
370
-2
 60
1
100
AcDbLine
 10
-41.8980088098906
 20
-12.50001889557461
 30
4.7327e-12
 11
-41.89800881006521
 21
-32.5000188954873
 31
-4.0254e-12
  0
LINE
  5
3DB
330
38D
100
AcDbEntity
  8
0
  6
ByBlock
 62
0
370
-2
 60
1
100
AcDbLine
 10
-21.89800880994881
 20
-19.53705593284394
 30
4.7327e-12
 11
34.39828748611035
 21
-19.53705593342602
 31
2.7116e-12
  0
LINE
  5
3DC
330
38D
100
AcDbEntity
  8
0
  6
ByBlock
 62
0
370
-2
 60
1
100
AcDbLine
 10
-21.89800880994881
 20
-25.46298185873457
 30
-2.678e-12
 11
34.3982874857611
 21
-25.4629818591493
 31
3.3853e-12
  0
LINE
  5
3DD
330
38D
100
AcDbEntity
  8
0
  6
ByBlock
 62
0
370
-2
 48
0.5
 60
1
100
AcDbLine
 10
-49.30541621736484
 20
-22.50001889536361
 30
-1.3306e-12
 11
61.35432677261997
 21
-22.50001889723689
 31
2.9522e-12
  0
LINE
  5
3DE
330
38D
100
AcDbEntity
  8
0
  6
ByBlock
 62
0
370
-2
 60
1
100
AcDbLine
 10
54.39828748529544
 20
-32.50001889865962
 30
2.0379e-12
 11
34.39828748523723
 21
-32.50001889763371
 31
1.68e-14
  0
LINE
  5
3DF
330
38D
100
AcDbEntity
  8
0
  6
ByBlock
 62
0
370
-2
 60
1
100
AcDbLine
 10
34.39828748523723
 20
-32.50001889763371
 30
1.68e-14
 11
34.39828748640139
 21
-12.50001889789564
 31
-6.569e-13
  0
LINE
  5
3E0
330
38D
100
AcDbEntity
  8
0
  6
ByBlock
 62
0
370
-2
 60
1
100
AcDbLine
 10
34.39828748640139
 20
-12.50001889789564
 30
-6.569e-13
 11
54.39828748634318
 21
-12.50001889892155
 31
-2.0043e-12
  0
LINE
  5
3E1
330
38D
100
AcDbEntity
  8
0
  6
ByBlock
 62
0
370
-2
 60
1
100
AcDbLine
 10
54.39828748634318
 20
-12.50001889892155
 30
-2.0043e-12
 11
54.39828748529544
 21
-32.50001889865962
 31
2.0379e-12
  0
LINE
  5
3E2
330
38D
100
AcDbEntity
  8
0
  6
ByBlock
 62
0
370
-2
 48
5.0
 60
1
100
AcDbLine
 10
-76.8162100543268
 20
127.5000000005238
 30
1.00044e-11
 11
-76.81621005979832
 21
-172.4999999965876
 31
1.00044e-11
  0
LINE
  5
3E3
330
38D
100
AcDbEntity
  8
0
  6
ByBlock
 62
0
370
-2
 48
5.0
 60
1
100
AcDbLine
 10
-66.8162100543268
 20
127.5000000003856
 30
9.0949e-12
 11
-66.81621005979832
 21
-172.4999999967331
 31
3.638e-12
  0
LINE
  5
3E4
330
38D
100
AcDbEntity
  8
0
  6
ByBlock
 62
0
370
-2
 48
5.0
 60
1
100
AcDbLine
 10
-141.7354173657368
 20
62.50000000031286
 30
8.1855e-12
 11
-91.7354173657368
 21
62.50000000032014
 31
1.63709e-11
  0
LINE
  5
3E5
330
38D
100
AcDbEntity
  8
0
  6
ByBlock
 62
0
370
-2
 48
5.0
 60
1
100
AcDbLine
 10
-141.7354173656786
 20
31.09106688710745
 30
1.45519e-11
 11
-91.7354173657368
 21
31.09106688711472
 31
1.18234e-11
  0
LINE
  5
3E6
330
38D
100
AcDbEntity
  8
0
  6
ByBlock
 62
0
370
-2
 48
0.25
 60
1
100
AcDbLine
 10
-128.9471205737791
 20
62.50000000032741
 30
1.45519e-11
 11
-128.9471205737791
 21
31.091066887122
 31
8.1855e-12
  0
LINE
  5
3E7
330
38D
100
AcDbEntity
  8
0
  6
ByBlock
 62
0
370
-2
 48
0.25
 60
1
100
AcDbLine
 10
-104.7189452752354
 20
62.5000000003347
 30
1.27329e-11
 11
-104.7189452752354
 21
31.09106688712927
 31
1.63709e-11
  0
LINE
  5
3E8
330
38D
100
AcDbEntity
  8
0
  6
ByBlock
 62
0
370
-2
 48
5.0
 60
1
100
AcDbLine
 10
88.26458263146922
 20
62.50000000013824
 30
1.63709e-11
 11
38.26458263146924
 21
62.50000000021827
 31
2.00089e-11
  0
LINE
  5
3E9
330
38D
100
AcDbEntity
  8
0
  6
ByBlock
 62
0
370
-2
 48
5.0
 60
1
100
AcDbLine
 10
88.26458263141105
 20
31.09106688693282
 30
1.72804e-11
 11
38.26458263141103
 21
31.09106688702741
 31
2.18279e-11
  0
LINE
  5
3EA
330
38D
100
AcDbEntity
  8
0
  6
ByBlock
 62
0
370
-2
 48
0.25
 60
1
100
AcDbLine
 10
75.47628583951155
 20
62.50000000017462
 30
1.63709e-11
 11
75.47628583945334
 21
31.09106688696193
 31
2.18279e-11
  0
LINE
  5
3EB
330
38D
100
AcDbEntity
  8
0
  6
ByBlock
 62
0
370
-2
 48
0.25
 60
1
100
AcDbLine
 10
51.2481105409679
 20
62.50000000021827
 30
2.54659e-11
 11
51.24811054090969
 21
31.09106688701286
 31
2.18279e-11
  0
LINE
  5
3EC
330
38D
100
AcDbEntity
  8
0
  6
ByBlock
 62
0
370
-2
 48
5.0
 60
1
100
AcDbLine
 10
-141.7354173657368
 20
-107.4999999938445
 30
1.09139e-11
 11
-91.7354173657368
 21
-107.4999999938663
 31
2.09184e-11
  0
LINE
  5
3ED
330
38D
100
AcDbEntity
  8
0
  6
ByBlock
 62
0
370
-2
 48
5.0
 60
1
100
AcDbLine
 10
-141.7354173657368
 20
-76.0910668806464
 30
1.54614e-11
 11
-91.7354173657368
 21
-76.09106688066095
 31
2.00089e-11
  0
LINE
  5
3EE
330
38D
100
AcDbEntity
  8
0
  6
ByBlock
 62
0
370
-2
 48
0.25
 60
1
100
AcDbLine
 10
-128.9471205737791
 20
-107.4999999938591
 30
1.18234e-11
 11
-128.9471205737791
 21
-76.09106688066095
 31
1.45519e-11
  0
LINE
  5
3EF
330
38D
100
AcDbEntity
  8
0
  6
ByBlock
 62
0
370
-2
 48
0.25
 60
1
100
AcDbLine
 10
-104.7189452752354
 20
-107.4999999938736
 30
1.45519e-11
 11
-104.7189452752354
 21
-76.09106688068277
 31
1.54614e-11
  0
LINE
  5
3F0
330
38D
100
AcDbEntity
  8
0
  6
ByBlock
 62
0
370
-2
 48
5.0
 60
1
100
AcDbLine
 10
88.26458263141105
 20
-107.4999999937208
 30
1.90994e-11
 11
38.26458263146924
 21
-107.4999999938009
 31
2.27374e-11
  0
LINE
  5
3F1
330
38D
100
AcDbEntity
  8
0
  6
ByBlock
 62
0
370
-2
 48
5.0
 60
1
100
AcDbLine
 10
88.26458263141105
 20
-76.09106688051543
 30
1.36424e-11
 11
38.26458263141103
 21
-76.09106688058819
 31
2.00089e-11
  0
LINE
  5
3F2
330
38D
100
AcDbEntity
  8
0
  6
ByBlock
 62
0
370
-2
 48
0.25
 60
1
100
AcDbLine
 10
75.47628583951155
 20
-107.4999999937572
 30
2.81943e-11
 11
75.47628583945334
 21
-76.09106688054453
 31
2.00089e-11
  0
LINE
  5
3F3
330
38D
100
AcDbEntity
  8
0
  6
ByBlock
 62
0
370
-2
 48
0.25
 60
1
100
AcDbLine
 10
51.2481105409679
 20
-107.4999999937863
 30
2.09184e-11
 11
51.24811054090969
 21
-76.09106688058819
 31
1.45519e-11
  0
LINE
  5
3F4
330
38D
100
AcDbEntity
  8
0
  6
ByBlock
 62
0
370
-2
 48
5.0
 60
1
100
AcDbLine
 10
-141.7354173657368
 20
-107.4999999938372
 30
1.09139e-11
 11
-141.7354173656786
 21
-76.09106688063184
 31
1.54614e-11
  0
LINE
  5
3F5
330
38D
100
AcDbEntity
  8
0
  6
ByBlock
 62
0
370
-2
 48
5.0
 60
1
100
AcDbLine
 10
-91.7354173657368
 20
-107.4999999938591
 30
2.00089e-11
 11
-91.7354173657368
 21
-76.0910668806464
 31
1.90994e-11
  0
LINE
  5
3F6
330
38D
100
AcDbEntity
  8
0
  6
ByBlock
 62
0
370
-2
 48
5.0
 60
1
100
AcDbLine
 10
38.26458263146924
 20
-107.4999999937863
 30
1.90994e-11
 11
38.26458263141103
 21
-76.09106688057363
 31
2.00089e-11
  0
LINE
  5
3F7
330
38D
100
AcDbEntity
  8
0
  6
ByBlock
 62
0
370
-2
 48
5.0
 60
1
100
AcDbLine
 10
88.26458263146922
 20
-107.4999999937063
 30
1.45519e-11
 11
88.26458263141105
 21
-76.09106688050088
 31
1.45519e-11
  0
LINE
  5
3F8
330
38D
100
AcDbEntity
  8
0
  6
ByBlock
 62
0
370
-2
 48
5.0
 60
1
100
AcDbLine
 10
-141.7354173656786
 20
31.091066887122
 30
1.00044e-11
 11
-141.7354173656786
 21
62.50000000032741
 31
9.0949e-12
  0
LINE
  5
3F9
330
38D
100
AcDbEntity
  8
0
  6
ByBlock
 62
0
370
-2
 48
5.0
 60
1
100
AcDbLine
 10
-91.73541736567859
 20
31.09106688712927
 30
1.63709e-11
 11
-91.73541736567859
 21
62.5000000003347
 31
1.45519e-11
  0
LINE
  5
3FA
330
38D
100
AcDbEntity
  8
0
  6
ByBlock
 62
0
370
-2
 48
5.0
 60
1
100
AcDbLine
 10
38.26458263141103
 20
31.09106688704196
 30
1.72804e-11
 11
38.26458263152744
 21
62.50000000024738
 31
2.00089e-11
  0
LINE
  5
3FB
330
38D
100
AcDbEntity
  8
0
  6
ByBlock
 62
0
370
-2
 48
5.0
 60
1
100
AcDbLine
 10
88.26458263141105
 20
31.09106688694737
 30
1.63709e-11
 11
88.26458263146922
 21
62.5000000001528
 31
1.54614e-11
  0
CIRCLE
  5
3FC
330
38D
100
AcDbEntity
  8
0
  6
ByBlock
 62
0
370
-2
 60
1
100
AcDbCircle
 10
-136.7354173675412
 20
87.50000000165163
 30
1.45519e-11
 40
12.0
  0
LINE
  5
3FD
330
38D
100
AcDbEntity
  8
0
  6
ByBlock
 62
0
370
-2
 48
0.1
 60
1
100
AcDbLine
 10
-136.7354173673084
 20
102.4194645885945
 30
1.85744e-11
 11
-136.735417367774
 21
72.58053541470872
 31
1.05295e-11
  0
LINE
  5
3FE
330
38D
100
AcDbEntity
  8
0
  6
ByBlock
 62
0
370
-2
 48
0.1
 60
1
100
AcDbLine
 10
-121.8159527805983
 20
87.50000000142609
 30
1.40576e-11
 11
-151.6548819544841
 21
87.50000000197905
 31
1.77747e-11
  0
LWPOLYLINE
  5
3FF
330
38D
100
AcDbEntity
  8
0
  6
ByBlock
 62
0
370
-2
 60
1
100
AcDbPolyline
 90
16
 70
1
 10
-53.50000000023283
 20
-35.30157490086276
 10
-53.50000000023283
 20
-9.698425099253654
 42
-0.5707700874031375
 10
-50.53448275895789
 20
-7.946918189059942
 42
0.7517185501195572
 10
-33.55308181117289
 20
9.034482758608647
 42
-0.5707700874031272
 10
-31.80157490097918
 20
12.0
 10
44.30157490051351
 20
12.0
 42
-0.5707700874031266
 10
46.05308181070722
 20
9.034482758608647
 42
0.7517185501195558
 10
63.03448275849223
 20
-7.946918189059942
 42
-0.5707700874031277
 10
65.99999999976716
 20
-9.698425099253654
 10
65.99999999976716
 20
-35.30157490086276
 42
-0.5707700874031176
 10
63.03448275849223
 20
-37.05308181105647
 42
0.7517185501195606
 10
46.05308181070722
 20
-54.03448275872506
 42
-0.570770087403127
 10
44.30157490051351
 20
-57.0
 10
-31.80157490097918
 20
-57.0
 42
-0.5707700874031266
 10
-33.55308181117289
 20
-54.03448275872506
 42
0.7517185501195588
 10
-50.53448275895789
 20
-37.05308181105647
 42
-0.5707700874031228
  0
LWPOLYLINE
  5
400
330
38D
100
AcDbEntity
  8
0
  6
ByBlock
 62
0
370
-2
 60
1
100
AcDbPolyline
 90
20
 70
1
 10
-57.00000000023283
 20
3.0
 10
-57.00000000023283
 20
-48.0
 42
0.3484522018198958
 10
-47.34496906748972
 20
-60.17187231360003
 42
0.9956172849711592
 10
-46.6493549994193
 20
-57.25366268504877
 42
-4.44760131396541
 10
-38.70225148019381
 20
-55.52569678495638
 42
0.659083545623685
 10
-36.53867541835643
 20
-60.5
 10
49.06784068420529
 20
-60.5
 42
0.6555456413779407
 10
51.20225147972814
 20
-55.52569678495638
 42
-4.447601313963239
 10
59.14935499895364
 20
-57.25366268504877
 42
1.000012692092863
 10
59.84498431975953
 20
-60.17193757055792
 42
0.3484533940689629
 10
69.49999999976717
 20
-48.0
 10
69.49999999976717
 20
3.0
 42
0.3484522018198965
 10
59.84496906702407
 20
15.17187231348362
 42
0.9956172849692354
 10
59.14935499895364
 20
12.25366268493235
 42
-4.447601313959061
 10
51.20225147972814
 20
10.52569678483996
 42
0.6590835456224416
 10
49.03867541789077
 20
15.5
 10
-36.56784068467096
 20
15.5
 42
0.6555456413779622
 10
-38.70225148019381
 20
10.52569678483996
 42
-4.447601313963304
 10
-46.6493549994193
 20
12.25366268493235
 42
1.000012692092859
 10
-47.34498432022519
 20
15.17193757044151
 42
0.3484533940689684
  0
CIRCLE
  5
401
330
38D
100
AcDbEntity
  8
0
  6
ByBlock
 62
0
370
-2
 60
1
100
AcDbCircle
 10
83.26458263339009
 20
87.50000000165163
 30
1.45519e-11
 40
12.0
  0
LINE
  5
402
330
38D
100
AcDbEntity
  8
0
  6
ByBlock
 62
0
370
-2
 48
0.1
 60
1
100
AcDbLine
 10
83.26458263315727
 20
102.4194645885945
 30
1.85744e-11
 11
83.26458263362292
 21
72.58053541470872
 31
1.05295e-11
  0
LINE
  5
403
330
38D
100
AcDbEntity
  8
0
  6
ByBlock
 62
0
370
-2
 48
0.1
 60
1
100
AcDbLine
 10
68.34511804644717
 20
87.50000000142609
 30
1.40576e-11
 11
98.18404722033301
 21
87.50000000197905
 31
1.77747e-11
  0
CIRCLE
  5
404
330
38D
100
AcDbEntity
  8
0
  6
ByBlock
 62
0
370
-2
 60
1
100
AcDbCircle
 10
-136.7354173675412
 20
-132.5000000061627
 30
1.45519e-11
 40
12.0
  0
LINE
  5
405
330
38D
100
AcDbEntity
  8
0
  6
ByBlock
 62
0
370
-2
 48
0.1
 60
1
100
AcDbLine
 10
-136.7354173673084
 20
-147.4194645931056
 30
1.85744e-11
 11
-136.735417367774
 21
-117.5805354192198
 31
1.05295e-11
  0
LINE
  5
406
330
38D
100
AcDbEntity
  8
0
  6
ByBlock
 62
0
370
-2
 48
0.1
 60
1
100
AcDbLine
 10
-121.8159527805983
 20
-132.5000000059372
 30
1.40576e-11
 11
-151.6548819544841
 21
-132.5000000064901
 31
1.77747e-11
  0
CIRCLE
  5
407
330
38D
100
AcDbEntity
  8
0
  6
ByBlock
 62
0
370
-2
 60
1
100
AcDbCircle
 10
83.26458263339009
 20
-132.5000000061627
 30
1.45519e-11
 40
12.0
  0
LINE
  5
408
330
38D
100
AcDbEntity
  8
0
  6
ByBlock
 62
0
370
-2
 48
0.1
 60
1
100
AcDbLine
 10
83.26458263315727
 20
-147.4194645931056
 30
1.85744e-11
 11
83.26458263362292
 21
-117.5805354192198
 31
1.05295e-11
  0
LINE
  5
409
330
38D
100
AcDbEntity
  8
0
  6
ByBlock
 62
0
370
-2
 48
0.1
 60
1
100
AcDbLine
 10
68.34511804644717
 20
-132.5000000059372
 30
1.40576e-11
 11
98.18404722033301
 21
-132.5000000064901
 31
1.77747e-11
  0
LINE
  5
40A
330
38D
100
AcDbEntity
  8
0
  6
ByBlock
 62
0
370
-2
 48
0.5
 60
1
100
AcDbLine
 10
-26.73541736707557
 20
-12.50001889576767
 30
1.3642e-12
 11
-26.73541736707557
 21
-32.50001889568037
 31
1.3642e-12
  0
INSERT
  5
40B
330
38D
100
AcDbEntity
  8
0
  6
ByBlock
 62
0
370
-2
 60
1
100
AcDbBlockReference
  2
*U1060
 10
4.4237822e-09
 20
-22.49999999648571
 30
0.0
 50
179.9999999999982
  0
INSERT
  5
40D
330
38D
100
AcDbEntity
  8
0
  6
ByBlock
 62
0
370
-2
 60
1
100
AcDbBlockReference
  2
GD
 10
4.1909516e-09
 20
-22.49999999647844
 30
0.0
  0
LWPOLYLINE
  5
40F
330
38D
100
AcDbEntity
  8
0
  6
ByBlock
 62
0
370
-2
 60
1
100
AcDbPolyline
 90
4
 70
1
 10
-249.999999995809
 20
277.5000000035216
 10
-249.999999995809
 20
-322.4999999964784
 10
250.000000004191
 20
-322.4999999964784
 10
250.000000004191
 20
277.5000000035216
  0
LINE
  5
410
330
38D
100
AcDbEntity
  8
0
  6
ByBlock
 62
0
370
-2
 60
1
100
AcDbLine
 10
124.9999999998836
 20
227.4999999964202
 30
-4.0927e-12
 11
124.9999999998836
 21
177.4999999964202
 31
4.0927e-12
  0
LINE
  5
411
330
38D
100
AcDbEntity
  8
0
  6
ByBlock
 62
0
370
-2
 60
1
100
AcDbLine
 10
93.59106688667087
 20
227.499999996362
 30
2.2737e-12
 11
93.59106688667087
 21
177.4999999964202
 31
-4.547e-13
  0
LINE
  5
412
330
38D
100
AcDbEntity
  8
0
  6
ByBlock
 62
0
370
-2
 60
1
100
AcDbLine
 10
124.9999999998836
 20
214.7117032044625
 30
2.2737e-12
 11
93.59106688667087
 21
214.7117032044625
 31
-4.0927e-12
  0
LINE
  5
413
330
38D
100
AcDbEntity
  8
0
  6
ByBlock
 62
0
370
-2
 60
1
100
AcDbLine
 10
124.9999999998836
 20
190.4835279059189
 30
4.547e-13
 11
93.59106688667087
 21
190.4835279059189
 31
4.0927e-12
  0
LINE
  5
414
330
38D
100
AcDbEntity
  8
0
  6
ByBlock
 62
0
370
-2
 60
1
100
AcDbLine
 10
-124.9999999942956
 20
227.4999999964202
 30
-1.3642e-12
 11
-124.9999999942956
 21
177.4999999964202
 31
8.6402e-12
  0
LINE
  5
415
330
38D
100
AcDbEntity
  8
0
  6
ByBlock
 62
0
370
-2
 60
1
100
AcDbLine
 10
-93.59106688108297
 20
227.4999999964202
 30
3.1832e-12
 11
-93.59106688108297
 21
177.4999999964202
 31
7.7307e-12
  0
LINE
  5
416
330
38D
100
AcDbEntity
  8
0
  6
ByBlock
 62
0
370
-2
 60
1
100
AcDbLine
 10
-124.9999999942956
 20
214.7117032044625
 30
-4.547e-13
 11
-93.59106688108297
 21
214.7117032044625
 31
2.2737e-12
  0
LINE
  5
417
330
38D
100
AcDbEntity
  8
0
  6
ByBlock
 62
0
370
-2
 60
1
100
AcDbLine
 10
-124.9999999942956
 20
190.4835279059189
 30
2.2737e-12
 11
-93.59106688108297
 21
190.4835279059189
 31
3.1832e-12
  0
LINE
  5
418
330
38D
100
AcDbEntity
  8
0
  6
ByBlock
 62
0
370
-2
 60
1
100
AcDbLine
 10
-124.9999999942956
 20
227.4999999964202
 30
-1.3642e-12
 11
-93.59106688108297
 21
227.499999996362
 31
3.1832e-12
  0
LINE
  5
419
330
38D
100
AcDbEntity
  8
0
  6
ByBlock
 62
0
370
-2
 60
1
100
AcDbLine
 10
-124.9999999942956
 20
177.4999999964202
 30
7.7307e-12
 11
-93.59106688108297
 21
177.4999999964202
 31
6.8212e-12
  0
LINE
  5
41A
330
38D
100
AcDbEntity
  8
0
  6
ByBlock
 62
0
370
-2
 60
1
100
AcDbLine
 10
93.59106688667087
 20
227.499999996362
 30
-2.2737e-12
 11
124.9999999998836
 21
227.499999996362
 31
-3.1832e-12
  0
LINE
  5
41B
330
38D
100
AcDbEntity
  8
0
  6
ByBlock
 62
0
370
-2
 60
1
100
AcDbLine
 10
93.59106688667087
 20
177.499999996362
 30
4.0927e-12
 11
124.9999999998836
 21
177.499999996362
 31
2.2737e-12
  0
CIRCLE
  5
41C
330
38D
100
AcDbEntity
  8
0
  6
ByBlock
 62
0
370
-2
 60
1
100
AcDbCircle
 10
210.0000000011641
 20
237.4999999982247
 30
2.2737e-12
 40
12.0
  0
CIRCLE
  5
41D
330
38D
100
AcDbEntity
  8
0
  6
ByBlock
 62
0
370
-2
 60
1
100
AcDbCircle
 10
210.0000000011641
 20
-282.5000000020082
 30
2.2737e-12
 40
12.0
  0
CIRCLE
  5
41E
330
38D
100
AcDbEntity
  8
0
  6
ByBlock
 62
0
370
-2
 60
1
100
AcDbCircle
 10
-210.0000000057043
 20
237.4999999982247
 30
2.2737e-12
 40
12.0
  0
CIRCLE
  5
41F
330
38D
100
AcDbEntity
  8
0
  6
ByBlock
 62
0
370
-2
 60
1
100
AcDbCircle
 10
-210.0000000057043
 20
-282.5000000020082
 30
2.2737e-12
 40
12.0
  0
CIRCLE
  5
420
330
38D
100
AcDbEntity
  8
0
  6
ByBlock
 62
0
370
-2
 60
1
100
AcDbCircle
 10
-2.2118911e-09
 20
237.5000000007858
 30
1.819e-12
 40
12.0
  0
CIRCLE
  5
421
330
38D
100
AcDbEntity
  8
0
  6
ByBlock
 62
0
370
-2
 60
1
100
AcDbCircle
 10
-2.2118911e-09
 20
-282.499999999447
 30
1.819e-12
 40
12.0
  0
LINE
  5
422
330
38D
100
AcDbEntity
  8
0
  6
ByBlock
 62
0
370
-2
 60
1
100
AcDbLine
 10
124.9999999998836
 20
-272.5000000009022
 30
-4.0927e-12
 11
124.9999999998836
 21
-222.5000000009022
 31
4.0927e-12
  0
LINE
  5
423
330
38D
100
AcDbEntity
  8
0
  6
ByBlock
 62
0
370
-2
 60
1
100
AcDbLine
 10
93.59106688667087
 20
-272.500000000844
 30
2.2737e-12
 11
93.59106688667087
 21
-222.5000000009022
 31
-4.547e-13
  0
LINE
  5
424
330
38D
100
AcDbEntity
  8
0
  6
ByBlock
 62
0
370
-2
 60
1
100
AcDbLine
 10
124.9999999998836
 20
-259.7117032089445
 30
2.2737e-12
 11
93.59106688667087
 21
-259.7117032089445
 31
-4.0927e-12
  0
LINE
  5
425
330
38D
100
AcDbEntity
  8
0
  6
ByBlock
 62
0
370
-2
 60
1
100
AcDbLine
 10
124.9999999998836
 20
-235.4835279104009
 30
4.547e-13
 11
93.59106688667087
 21
-235.4835279104009
 31
4.0927e-12
  0
LINE
  5
426
330
38D
100
AcDbEntity
  8
0
  6
ByBlock
 62
0
370
-2
 60
1
100
AcDbLine
 10
-124.9999999942956
 20
-272.5000000009022
 30
-1.3642e-12
 11
-124.9999999942956
 21
-222.5000000009022
 31
8.6402e-12
  0
LINE
  5
427
330
38D
100
AcDbEntity
  8
0
  6
ByBlock
 62
0
370
-2
 60
1
100
AcDbLine
 10
-93.59106688108297
 20
-272.5000000009022
 30
3.1832e-12
 11
-93.59106688108297
 21
-222.5000000009022
 31
7.7307e-12
  0
LINE
  5
428
330
38D
100
AcDbEntity
  8
0
  6
ByBlock
 62
0
370
-2
 60
1
100
AcDbLine
 10
-124.9999999942956
 20
-259.7117032089445
 30
-4.547e-13
 11
-93.59106688108297
 21
-259.7117032089445
 31
2.2737e-12
  0
LINE
  5
429
330
38D
100
AcDbEntity
  8
0
  6
ByBlock
 62
0
370
-2
 60
1
100
AcDbLine
 10
-124.9999999942956
 20
-235.4835279104009
 30
2.2737e-12
 11
-93.59106688108297
 21
-235.4835279104009
 31
3.1832e-12
  0
LINE
  5
42A
330
38D
100
AcDbEntity
  8
0
  6
ByBlock
 62
0
370
-2
 60
1
100
AcDbLine
 10
-124.9999999942956
 20
-272.5000000009022
 30
-1.3642e-12
 11
-93.59106688108297
 21
-272.500000000844
 31
3.1832e-12
  0
LINE
  5
42B
330
38D
100
AcDbEntity
  8
0
  6
ByBlock
 62
0
370
-2
 60
1
100
AcDbLine
 10
-124.9999999942956
 20
-222.5000000009022
 30
7.7307e-12
 11
-93.59106688108297
 21
-222.5000000009022
 31
6.8212e-12
  0
LINE
  5
42C
330
38D
100
AcDbEntity
  8
0
  6
ByBlock
 62
0
370
-2
 60
1
100
AcDbLine
 10
93.59106688667087
 20
-272.500000000844
 30
-2.2737e-12
 11
124.9999999998836
 21
-272.500000000844
 31
-3.1832e-12
  0
LINE
  5
42D
330
38D
100
AcDbEntity
  8
0
  6
ByBlock
 62
0
370
-2
 60
1
100
AcDbLine
 10
93.59106688667087
 20
-222.500000000844
 30
4.0927e-12
 11
124.9999999998836
 21
-222.500000000844
 31
2.2737e-12
  0
CIRCLE
  5
42E
330
38D
100
AcDbEntity
  8
0
  6
ByBlock
 62
0
370
-2
 60
1
100
AcDbCircle
 10
210.0000000011641
 20
-22.50000000200817
 30
2.2737e-12
 40
12.0
  0
CIRCLE
  5
42F
330
38D
100
AcDbEntity
  8
0
  6
ByBlock
 62
0
370
-2
 60
1
100
AcDbCircle
 10
-210.0000000057043
 20
-22.50000000200817
 30
2.2737e-12
 40
12.0
  0
LINE
  5
430
330
38D
100
AcDbEntity
  8
0
  6
ByBlock
 62
0
370
-2
 48
0.1
 60
1
100
AcDbLine
 10
224.9194645881653
 20
237.4999999979918
 30
6.2962e-12
 11
195.0805354142794
 21
237.4999999984575
 31
-1.7487e-12
  0
LINE
  5
431
330
38D
100
AcDbEntity
  8
0
  6
ByBlock
 62
0
370
-2
 48
0.1
 60
1
100
AcDbLine
 10
210.0000000009313
 20
222.5805354112817
 30
1.7794e-12
 11
210.0000000015134
 21
252.4194645851676
 31
5.4965e-12
  0
LINE
  5
432
330
38D
100
AcDbEntity
  8
0
  6
ByBlock
 62
0
370
-2
 48
0.1
 60
1
100
AcDbLine
 10
224.9194645881653
 20
-22.50000000224099
 30
6.2962e-12
 11
195.0805354142794
 21
-22.50000000177533
 31
-1.7487e-12
  0
LINE
  5
433
330
38D
100
AcDbEntity
  8
0
  6
ByBlock
 62
0
370
-2
 48
0.1
 60
1
100
AcDbLine
 10
210.0000000009313
 20
-37.41946458895109
 30
1.7794e-12
 11
210.0000000015134
 21
-7.580535415065241
 31
5.4965e-12
  0
LINE
  5
434
330
38D
100
AcDbEntity
  8
0
  6
ByBlock
 62
0
370
-2
 48
0.1
 60
1
100
AcDbLine
 10
224.9194645881653
 20
-282.500000002241
 30
6.2962e-12
 11
195.0805354142794
 21
-282.5000000017753
 31
-1.7487e-12
  0
LINE
  5
435
330
38D
100
AcDbEntity
  8
0
  6
ByBlock
 62
0
370
-2
 48
0.1
 60
1
100
AcDbLine
 10
210.0000000009313
 20
-297.4194645889511
 30
1.7794e-12
 11
210.0000000015134
 21
-267.5805354150652
 31
5.4965e-12
  0
LINE
  5
436
330
38D
100
AcDbEntity
  8
0
  6
ByBlock
 62
0
370
-2
 48
0.1
 60
1
100
AcDbLine
 10
14.91946458467282
 20
-282.4999999996799
 30
5.8415e-12
 11
-14.91946458921302
 21
-282.4999999992142
 31
-2.2035e-12
  0
LINE
  5
437
330
38D
100
AcDbEntity
  8
0
  6
ByBlock
 62
0
370
-2
 48
0.1
 60
1
100
AcDbLine
 10
-2.4447218e-09
 20
-297.4194645863899
 30
1.3247e-12
 11
-1.9790605e-09
 21
-267.5805354125041
 31
5.0418e-12
  0
LINE
  5
438
330
38D
100
AcDbEntity
  8
0
  6
ByBlock
 62
0
370
-2
 48
0.1
 60
1
100
AcDbLine
 10
14.91946458467282
 20
237.500000000553
 30
5.8415e-12
 11
-14.91946458921302
 21
237.5000000010186
 31
-2.2035e-12
  0
LINE
  5
439
330
38D
100
AcDbEntity
  8
0
  6
ByBlock
 62
0
370
-2
 48
0.1
 60
1
100
AcDbLine
 10
-2.4447218e-09
 20
222.5805354138429
 30
1.3247e-12
 11
-1.9790605e-09
 21
252.4194645877287
 31
5.0418e-12
  0
LINE
  5
43A
330
38D
100
AcDbEntity
  8
0
  6
ByBlock
 62
0
370
-2
 48
0.1
 60
1
100
AcDbLine
 10
-195.0805354188196
 20
237.4999999979918
 30
6.2962e-12
 11
-224.9194645927055
 21
237.4999999984575
 31
-1.7487e-12
  0
LINE
  5
43B
330
38D
100
AcDbEntity
  8
0
  6
ByBlock
 62
0
370
-2
 48
0.1
 60
1
100
AcDbLine
 10
-210.0000000059372
 20
222.5805354112817
 30
1.7794e-12
 11
-210.0000000053551
 21
252.4194645851676
 31
5.4965e-12
  0
LINE
  5
43C
330
38D
100
AcDbEntity
  8
0
  6
ByBlock
 62
0
370
-2
 48
0.1
 60
1
100
AcDbLine
 10
-195.0805354188196
 20
-22.50000000224099
 30
6.2962e-12
 11
-224.9194645927055
 21
-22.50000000177533
 31
-1.7487e-12
  0
LINE
  5
43D
330
38D
100
AcDbEntity
  8
0
  6
ByBlock
 62
0
370
-2
 48
0.1
 60
1
100
AcDbLine
 10
-210.0000000059372
 20
-37.41946458895109
 30
1.7794e-12
 11
-210.0000000053551
 21
-7.580535415065241
 31
5.4965e-12
  0
LINE
  5
43E
330
38D
100
AcDbEntity
  8
0
  6
ByBlock
 62
0
370
-2
 48
0.1
 60
1
100
AcDbLine
 10
-195.0805354188196
 20
-282.500000002241
 30
6.2962e-12
 11
-224.9194645927055
 21
-282.5000000017753
 31
-1.7487e-12
  0
LINE
  5
43F
330
38D
100
AcDbEntity
  8
0
  6
ByBlock
 62
0
370
-2
 48
0.1
 60
1
100
AcDbLine
 10
-210.0000000059372
 20
-297.4194645889511
 30
1.7794e-12
 11
-210.0000000053551
 21
-267.5805354150652
 31
5.4965e-12
  0
LWPOLYLINE
  5
440
330
38D
100
AcDbEntity
  8
0
  6
ByBlock
 62
0
370
-2
 60
1
100
AcDbPolyline
 90
16
 70
1
 10
-26.99218941229629
 20
-214.0
 42
-0.487892829936431
 10
-28.93253009027103
 20
-211.5151515151374
 42
0.6202045365401219
 10
-48.71212121803546
 20
-194.6725219468353
 42
-0.538443640861249
 10
-51.50000000587898
 20
-192.8342491118237
 10
-51.5
 20
147.8342491119401
 42
-0.5384436408612499
 10
-48.71212121215648
 20
149.6725219468353
 42
0.6202045365401134
 10
-28.93253008439206
 20
166.5151515151374
 42
-0.4878928299364763
 10
-26.99218940641731
 20
169.0
 10
26.99218940641731
 20
169.0
 42
-0.4878928299364655
 10
28.93253008439206
 20
166.5151515151374
 42
0.6202045365401223
 10
48.71212121215648
 20
149.6725219468353
 42
-0.5384436408612494
 10
51.5
 20
147.8342491119401
 10
51.49999999412102
 20
-192.8342491118237
 42
-0.5384436408612573
 10
48.71212120627752
 20
-194.6725219468353
 42
0.6202045365401165
 10
28.93253007851308
 20
-211.5151515151374
 42
-0.4878928299364775
 10
26.99218940053834
 20
-214.0
  0
LWPOLYLINE
  5
441
330
38D
100
AcDbEntity
  8
0
  6
ByBlock
 62
0
370
-2
 60
1
100
AcDbPolyline
 90
20
 70
1
 10
-43.00000000587897
 20
-222.5
 10
42.99999999412102
 20
-222.5
 42
0.2287874586849711
 10
54.35522775159916
 20
-217.0171393788187
 42
1.0
 10
50.04807239532238
 20
-213.5968451316003
 42
-3.332614608394066
 10
50.91999999404652
 20
-203.7252368485788
 42
0.7787756699388375
 10
57.49999999412103
 20
-202.0628289564047
 10
57.5
 20
157.0628289565211
 42
0.7787756699388242
 10
50.91999999992549
 20
158.7252368486952
 42
-3.332614608394174
 10
50.04807240120135
 20
168.5968451317167
 42
1.0
 10
54.35522775747813
 20
172.0171393788187
 42
0.2287874586849738
 10
43.0
 20
177.5
 10
-43.0
 20
177.5
 42
0.2287874586849696
 10
-54.35522775747813
 20
172.0171393788187
 42
1.0
 10
-50.04807240120135
 20
168.5968451317167
 42
-3.332614608394095
 10
-50.91999999992549
 20
158.7252368486952
 42
0.7787756699388354
 10
-57.5
 20
157.0628289565211
 10
-57.50000000587897
 20
-202.0628289564047
 42
0.7787756699388404
 10
-50.92000000580447
 20
-203.7252368485788
 42
-3.332614608394179
 10
-50.04807240708032
 20
-213.5968451316003
 42
1.0
 10
-54.35522776335711
 20
-217.0171393788187
 42
0.2287874586849711
  0
LINE
  5
442
330
38D
100
AcDbEntity
  8
0
  6
ByBlock
 62
0
370
-2
 60
1
100
AcDbLine
 10
-13.49999999932333
 20
42.49999999991266
 30
-6.8212e-12
 11
-13.4999999996653
 21
15.49999999985442
 31
2.2737e-12
  0
LINE
  5
443
330
38D
100
AcDbEntity
  8
0
  6
ByBlock
 62
0
370
-2
 60
1
100
AcDbLine
 10
-13.4999999996653
 20
15.49999999985442
 30
2.2737e-12
 11
13.50000000032742
 21
15.49999999944697
 31
-5.0022e-12
  0
LINE
  5
444
330
38D
100
AcDbEntity
  8
0
  6
ByBlock
 62
0
370
-2
 60
1
100
AcDbLine
 10
13.50000000032742
 20
15.49999999944697
 30
-5.0022e-12
 11
13.50000000067666
 21
42.4999999996798
 31
5.0022e-12
  0
LINE
  5
445
330
38D
100
AcDbEntity
  8
0
  6
ByBlock
 62
0
370
-2
 60
1
100
AcDbLine
 10
13.50000000067666
 20
42.4999999996798
 30
5.0022e-12
 11
-13.49999999932333
 21
42.49999999991266
 31
-6.8212e-12
  0
LINE
  5
446
330
38D
100
AcDbEntity
  8
0
  6
ByBlock
 62
0
370
-2
 60
1
100
AcDbLine
 10
4.000000000320142
 20
15.4999999996798
 30
5.0022e-12
 11
3.999999999527062
 21
-60.50000000032014
 31
2.2737e-12
  0
LINE
  5
447
330
38D
100
AcDbEntity
  8
0
  6
ByBlock
 62
0
370
-2
 60
1
100
AcDbLine
 10
-3.999999999665305
 20
15.4999999996798
 30
-5.0022e-12
 11
-4.00000000023283
 21
-60.49999999985448
 31
3.1832e-12
  0
LINE
  5
448
330
38D
100
AcDbEntity
  8
0
  6
ByBlock
 62
0
370
-2
 48
0.5
 60
1
100
AcDbLine
 10
9.022187e-10
 20
52.49999999985445
 30
-3.1832e-12
 11
1.018634e-10
 21
5.499999999854424
 31
-1.3642e-12
  0
LINE
  5
449
330
38D
100
AcDbEntity
  8
0
  6
ByBlock
 62
0
370
-2
 60
1
100
AcDbLine
 10
5.602487e-10
 20
42.49999999967982
 30
-1.3642e-12
 11
3.346941e-10
 21
15.4999999996798
 31
-3.1832e-12
  0
LINE
  5
44A
330
38D
100
AcDbEntity
  8
0
  6
ByBlock
 62
0
370
-2
 60
1
100
AcDbLine
 10
-3.999999999898136
 20
-22.49999999985454
 30
-3.1832e-12
 11
3.999999999869032
 21
-22.50000000014558
 31
4.0927e-12
  0
LINE
  5
44B
330
38D
100
AcDbEntity
  8
0
  6
ByBlock
 62
0
370
-2
 60
1
100
AcDbLine
 10
-13.50000000360887
 20
-87.49999999938882
 30
1.3642e-12
 11
-13.50000000222644
 21
-60.49999999915598
 31
-1.3642e-12
  0
LINE
  5
44C
330
38D
100
AcDbEntity
  8
0
  6
ByBlock
 62
0
370
-2
 60
1
100
AcDbLine
 10
-13.50000000222644
 20
-60.49999999915598
 30
-1.3642e-12
 11
13.49999999754073
 21
-60.5000000007858
 31
-2.2737e-12
  0
LINE
  5
44D
330
38D
100
AcDbEntity
  8
0
  6
ByBlock
 62
0
370
-2
 60
1
100
AcDbLine
 10
13.49999999754073
 20
-60.5000000007858
 30
-2.2737e-12
 11
13.49999999615829
 21
-87.5000000007858
 31
-4.0927e-12
  0
LINE
  5
44E
330
38D
100
AcDbEntity
  8
0
  6
ByBlock
 62
0
370
-2
 60
1
100
AcDbLine
 10
13.49999999615829
 20
-87.5000000007858
 30
-4.0927e-12
 11
-13.50000000360887
 21
-87.49999999938882
 31
1.3642e-12
  0
LINE
  5
44F
330
38D
100
AcDbEntity
  8
0
  6
ByBlock
 62
0
370
-2
 48
0.5
 60
1
100
AcDbLine
 10
-4.5401976e-09
 20
-96.89065303732059
 30
-2.2737e-12
 11
-1.7462298e-09
 21
-50.50000000008731
 31
-2.2737e-12
  0
LINE
  5
450
330
38D
100
AcDbEntity
  8
0
  6
ByBlock
 62
0
370
-2
 60
1
100
AcDbLine
 10
-3.8417056e-09
 20
-87.49999999985448
 30
-4.0927e-12
 11
-2.4592737e-09
 21
-60.49999999985448
 31
5.0022e-12
  0
INSERT
  5
451
330
38D
100
AcDbEntity
  8
0
  6
ByBlock
 62
0
370
-2
 60
1
100
AcDbBlockReference
  2
base dm
 10
-999065.830116187
 20
-109122.1971851
 30
8.108e-13
 41
-1.0
 50
180.0
  0
LWPOLYLINE
  5
453
330
38D
100
AcDbEntity
  8
0
  6
ByBlock
 62
0
370
-2
100
AcDbPolyline
 90
4
 70
1
 10
56.99999999976717
 20
84.49999999994179
 10
-57.970122277271
 20
84.49999999994179
 10
-57.48506113875191
 20
-129.5000000000582
 10
57.48506113828625
 20
-129.5000000000582
  0
LWPOLYLINE
  5
454
330
38D
100
AcDbEntity
  8
0
  6
ByBlock
 62
0
370
-2
 60
1
100
AcDbPolyline
 90
4
 70
1
 10
-57.00000000023283
 20
-60.66497158633137
 10
69.49999999976717
 20
-60.52921778023301
 10
69.49999999976717
 20
15.52921778023301
 10
-57.00000000023283
 20
15.39346397413464
  0
ENDBLK
  5
38F
330
38D
100
AcDbEntity
  8
0
100
AcDbBlockEnd
  0
BLOCK
  5
456
330
455
100
AcDbEntity
  8
0
100
AcDbBlockBegin
  2
*U1247
 70
1
 10
0.0
 20
0.0
 30
0.0
  3
*U1247
  1

  0
LWPOLYLINE
  5
458
330
455
100
AcDbEntity
  8
0
  6
ByBlock
 62
0
100
AcDbPolyline
 90
11
 70
0
 10
1099.999999998137
 20
9.313226e-10
 10
1099.999999998137
 20
-113.9999999664724
 10
1129.999999998137
 20
-113.9999999664724
 10
1129.999999998137
 20
-133.9999999664724
 10
1024.999999997206
 20
-133.9999999664724
 10
1024.999999999068
 20
-30.0
 10
1044.999999999068
 20
-30.0
 10
1044.999999999068
 20
20.0
 10
1129.999999998137
 20
20.0
 10
1129.999999998137
 20
0.0
 10
1099.999999998137
 20
0.0
  0
LWPOLYLINE
  5
459
330
455
100
AcDbEntity
  8
0
  6
ByBlock
 62
0
100
AcDbPolyline
 90
4
 70
1
 10
994.9999999990687
 20
19.99999999999977
 10
994.9999999990687
 20
1009.999999999999
 10
1044.999999999068
 20
1009.999999999999
 10
1044.999999999068
 20
19.99999999999977
  0
LWPOLYLINE
  5
45A
330
455
100
AcDbEntity
  8
0
  6
ByBlock
 62
0
100
AcDbPolyline
 90
11
 70
0
 10
0.0
 20
9.313226e-10
 10
0.0
 20
-113.9999999664724
 10
-30.0
 20
-113.9999999664724
 10
-30.0
 20
-133.9999999664724
 10
75.0000000009311
 20
-133.9999999664724
 10
74.99999999906913
 20
-30.0
 10
54.99999999906913
 20
-30.0
 10
54.99999999906913
 20
20.0
 10
-30.0
 20
20.0
 10
-30.0
 20
0.0
 10
0.0
 20
0.0
  0
ARC
  5
45B
330
455
100
AcDbEntity
  8
0
  6
HIDDEN2
 62
0
100
AcDbCircle
 10
1044.99999999907
 20
19.9999999999981
 30
0.0
 40
990.0000000000016
100
AcDbArc
 50
90.0
 51
179.9999999999999
  0
ENDBLK
  5
457
330
455
100
AcDbEntity
  8
0
100
AcDbBlockEnd
  0
BLOCK
  5
45D
330
45C
100
AcDbEntity
  8
0
100
AcDbBlockBegin
  2
WC_1
 70
0
 10
0.0
 20
0.0
 30
0.0
  3
WC_1
  1

  0
LWPOLYLINE
  5
45F
330
45C
100
AcDbEntity
  8
0
  6
HIDDEN2
 62
250
100
AcDbPolyline
 90
6
 70
1
 10
66.24963051923919
 20
9.999999999970896
 10
66.24963051923919
 20
12.99999999997089
 42
0.4142135623730347
 10
64.24963051923919
 20
14.99999999997089
 10
-64.25036948087723
 20
14.99999999997089
 42
0.4142135623730951
 10
-66.25036948087723
 20
12.99999999997089
 10
-66.25036948087723
 20
9.999999999970896
  0
LWPOLYLINE
  5
460
330
45C
100
AcDbEntity
  8
0
  6
HIDDEN2
 62
250
100
AcDbPolyline
 90
4
 70
1
 10
-64.25036948087723
 20
20.0
 10
-64.25036948087723
 20
14.99999999997089
 10
64.24963051923919
 20
14.99999999997089
 10
64.24963051923919
 20
20.0
  0
LWPOLYLINE
  5
461
330
45C
100
AcDbEntity
  8
0
  6
HIDDEN2
 62
250
100
AcDbPolyline
 90
6
 70
1
 10
-102.4806398070147
 20
20.0
 10
102.4799008453767
 20
20.0
 10
102.4799008453767
 20
36.99999999998181
 42
0.4142135623730951
 10
99.47990084537673
 20
39.99999999998181
 10
-99.48063980701475
 20
39.99999999998181
 42
0.4142135623730951
 10
-102.4806398070147
 20
36.99999999998181
  0
LWPOLYLINE
  5
462
330
45C
100
AcDbEntity
  8
0
  6
HIDDEN2
 62
250
100
AcDbPolyline
 90
4
 70
1
 10
66.24963051923919
 20
0.0061101584268073
 10
-66.25036948081902
 20
0.0061101584268073
 10
-66.25036948081902
 20
9.999999999970896
 10
66.24963051923919
 20
9.999999999970896
  0
LWPOLYLINE
  5
463
330
45C
100
AcDbEntity
  8
0
  6
HIDDEN2
 62
250
100
AcDbPolyline
 90
4
 70
1
 10
-61.25036948081902
 20
-4.993889841544088
 10
61.24963051923919
 20
-4.993889841544088
 10
61.24963051923919
 20
0.0061101584268073
 10
-61.25036948081902
 20
0.0061101584268073
  0
LWPOLYLINE
  5
464
330
45C
100
AcDbEntity
  8
0
  6
HIDDEN2
 62
250
100
AcDbPolyline
 90
4
 70
1
 10
-59.75036948081902
 20
-17.99388984154409
 10
59.74963051923919
 20
-17.99388984154409
 10
59.74963051923919
 20
-4.993889841544088
 10
-59.75036948081902
 20
-4.993889841544088
  0
LWPOLYLINE
  5
465
330
45C
100
AcDbEntity
  8
0
  6
HIDDEN2
100
AcDbPolyline
 90
4
 70
1
 10
-200.0
 20
20.0
 10
200.0
 20
20.0
 10
200.0
 20
170.0
 10
-200.0
 20
170.0
  0
LINE
  5
466
330
45C
100
AcDbEntity
  8
0
  6
HIDDEN2
100
AcDbLine
 10
-200.0
 20
20.0
 30
0.0
 11
200.0
 21
170.0
 31
0.0
  0
LINE
  5
467
330
45C
100
AcDbEntity
  8
0
  6
HIDDEN2
100
AcDbLine
 10
-200.0
 20
170.0
 30
0.0
 11
200.0
 21
20.0
 31
0.0
  0
INSERT
  5
468
330
45C
100
AcDbEntity
  8
0
100
AcDbBlockReference
  2
WC-QH
 10
2.91038e-11
 20
0.0
 30
0.0
 41
-1.0
  0
ENDBLK
  5
45E
330
45C
100
AcDbEntity
  8
0
100
AcDbBlockEnd
  0
BLOCK
  5
46B
330
46A
100
AcDbEntity
  8
0
100
AcDbBlockBegin
  2
ROBE-HOOK
 70
0
 10
0.0
 20
0.0
 30
0.0
  3
ROBE-HOOK
  1

  0
LINE
  5
46D
330
46A
100
AcDbEntity
  8
0
100
AcDbLine
 10
0.0395672717317939
 20
0.0028672210872173
 30
0.0
 11
0.0425159682705998
 21
0.0028672210872173
 31
0.0
  0
LINE
  5
46E
330
46A
100
AcDbEntity
  8
0
100
AcDbLine
 10
0.0395672717317939
 20
-0.0028672216460109
 30
0.0
 11
0.0425159682705998
 21
-0.0028672210872173
 31
0.0
  0
LWPOLYLINE
  5
46F
330
46A
100
AcDbEntity
  8
0
100
AcDbPolyline
 90
6
 70
1
 10
0.0075256509706378
 20
0.0260464260354638
 10
0.0
 20
0.0260464254766703
 10
0.0
 20
-0.0260464254766703
 10
0.0075256515294313
 20
-0.0260464254766703
 10
0.0089999997988343
 20
-0.0245720772072673
 10
0.0089999992400408
 20
0.0245720777660608
  0
LINE
  5
470
330
46A
100
AcDbEntity
  8
0
100
AcDbLine
 10
0.0395672717317939
 20
-0.0028672216460109
 30
0.0
 11
0.0395672717317939
 21
-0.0044999996200204
 31
0.0
  0
LINE
  5
471
330
46A
100
AcDbEntity
  8
0
100
AcDbLine
 10
0.0395672717317939
 20
0.0028672210872173
 30
0.0
 11
0.0395672717317939
 21
0.0045000001788139
 31
0.0
  0
LINE
  5
472
330
46A
100
AcDbEntity
  8
0
100
AcDbLine
 10
0.0425159682705998
 20
0.0028672210872173
 30
0.0
 11
0.0425159682705998
 21
0.0045000001788139
 31
0.0
  0
LWPOLYLINE
  5
473
330
46A
100
AcDbEntity
  8
0
100
AcDbPolyline
 90
7
 70
0
 10
0.0425159682705998
 20
0.0045000001788139
 10
0.0470416198670864
 20
0.0045000001788139
 10
0.0485159681364894
 20
0.003025651909411
 10
0.0485159681364894
 20
-0.0030256513506174
 10
0.0470416198670864
 20
-0.0044999996200204
 10
0.0425159682705998
 20
-0.0044999996200204
 10
0.0425159682705998
 20
-0.0028672210872173
  0
LINE
  5
474
330
46A
100
AcDbEntity
  8
0
100
AcDbLine
 10
0.0395672717317939
 20
-0.0028672210872173
 30
0.0
 11
0.0395672717317939
 21
-0.0044999996200204
 31
0.0
  0
LINE
  5
475
330
46A
100
AcDbEntity
  8
0
100
AcDbLine
 10
0.0395672717317939
 20
-0.0044999996200204
 30
0.0
 11
0.0089999997988343
 21
-0.0044999996200204
 31
0.0
  0
LWPOLYLINE
  5
476
330
46A
100
AcDbEntity
  8
0
100
AcDbPolyline
 90
2
 70
0
 10
0.0395672717317939
 20
0.0045000001788139
 10
0.0089999997988343
 20
0.0045000001788139
  0
ENDBLK
  5
46C
330
46A
100
AcDbEntity
  8
0
100
AcDbBlockEnd
  0
BLOCK
  5
478
330
477
100
AcDbEntity
  8
0
100
AcDbBlockBegin
  2
HANDLE
 70
0
 10
0.0
 20
0.0
 30
0.0
  3
HANDLE
  1

  0
LWPOLYLINE
  5
47A
330
477
100
AcDbEntity
  8
0
 62
0
100
AcDbPolyline
 90
6
 70
1
 10
0.0
 20
-0.0362508352845907
 10
0.0102562760002911
 20
-0.0362508352845907
 10
0.0152562758885324
 20
-0.0312508353963494
 10
0.0152562763541937
 20
0.0312508349306882
 10
0.0102562764659524
 20
0.0362508348189294
 10
0.0
 20
0.0362508348189294
  0
LWPOLYLINE
  5
47B
330
477
100
AcDbEntity
  8
0
 62
0
100
AcDbPolyline
 90
15
 70
0
 10
0.0302562760189176
 20
-0.1321155857294798
 10
0.0352562759071589
 20
-0.1271155858412385
 10
0.0452562761493027
 20
-0.1271155858412385
 42
0.4142135623730951
 10
0.0600000000558794
 20
-0.1123718619346619
 10
0.0600000000558794
 20
-0.0223718616180122
 42
0.4142135623730951
 10
0.0452562761493027
 20
-0.0076281377114356
 10
0.0152562758885324
 20
-0.0076281377114356
 10
0.0152562758885324
 20
0.0076281381770968
 10
0.0452562761493027
 20
0.0076281381770968
 42
-0.4142135623730951
 10
0.0752562759444118
 20
-0.0223718616180122
 10
0.0752562759444118
 20
-0.1123718619346619
 42
-0.4142135623730951
 10
0.0452562761493027
 20
-0.1423718617297709
 10
0.0352562759071589
 20
-0.1423718617297709
 10
0.0302562760189176
 20
-0.1373718618415296
 10
0.0302562760189176
 20
-0.1321155857294798
  0
ENDBLK
  5
479
330
477
100
AcDbEntity
  8
0
100
AcDbBlockEnd
  0
BLOCK
  5
47D
330
47C
100
AcDbEntity
  8
0
100
AcDbBlockBegin
  2
Vitra S20-UCB
 70
0
 10
0.0
 20
0.0
 30
0.0
  3
Vitra S20-UCB
  1

  0
ARC
  5
47F
330
47C
100
AcDbEntity
  8
0
100
AcDbCircle
 10
84.52564826350643
 20
-184.600764374341
 30
0.0
 40
146.5177169687372
100
AcDbArc
 50
358.6059636130687
 51
64.19931329700171
  0
LINE
  5
480
330
47C
100
AcDbEntity
  8
0
  6
HIDDEN2
100
AcDbLine
 10
32.56380513452096
 20
0.0
 30
0.0
 11
-32.56380513471123
 21
0.0
 31
0.0
  0
ARC
  5
481
330
47C
100
AcDbEntity
  8
0
  6
HIDDEN2
100
AcDbCircle
 10
-32.56380513470722
 20
5.5
 30
0.0
 40
5.5
100
AcDbArc
 50
203.4296145778923
 51
270.0
  0
LINE
  5
482
330
47C
100
AcDbEntity
  8
0
  6
HIDDEN2
100
AcDbLine
 10
-37.61032589156603
 20
3.313077904767486
 30
0.0
 11
-38.52728810186928
 21
5.429051234419602
 31
0.0
  0
ARC
  5
483
330
47C
100
AcDbEntity
  8
0
  6
HIDDEN2
100
AcDbCircle
 10
-43.57380885872808
 20
3.24212913918709
 30
0.0
 40
5.500000000002086
100
AcDbArc
 50
23.42961457789222
 51
97.71697873672552
  0
ARC
  5
484
330
47C
100
AcDbEntity
  8
0
  6
HIDDEN2
100
AcDbCircle
 10
-9.71341e-11
 20
-318.3190208487282
 30
0.0
 40
329.9999999999982
100
AcDbArc
 50
97.71697873693908
 51
118.7822046806006
  0
ARC
  5
485
330
47C
100
AcDbEntity
  8
0
100
AcDbCircle
 10
-1.011359e-10
 20
-322.6374071029539
 30
0.0
 40
307.9999999999815
100
AcDbArc
 50
94.8734102904773
 51
118.7822046806006
  0
ARC
  5
486
330
47C
100
AcDbEntity
  8
0
100
AcDbCircle
 10
-9.31323e-11
 20
-322.6374071029699
 30
0.0
 40
308.0
100
AcDbArc
 50
61.21779531939934
 51
85.12449184294061
  0
ARC
  5
487
330
47C
100
AcDbEntity
  8
0
  6
HIDDEN2
100
AcDbCircle
 10
32.56380513452096
 20
5.5
 30
0.0
 40
5.5
100
AcDbArc
 50
270.0
 51
336.5703854220257
  0
LINE
  5
488
330
47C
100
AcDbEntity
  8
0
  6
HIDDEN2
100
AcDbLine
 10
37.61032589137577
 20
3.313077904767486
 30
0.0
 11
38.52728810167901
 21
5.429051234419602
 31
0.0
  0
ARC
  5
489
330
47C
100
AcDbEntity
  8
0
  6
HIDDEN2
100
AcDbCircle
 10
43.57380885853381
 20
3.24212913918709
 30
0.0
 40
5.499999999998414
100
AcDbArc
 50
82.28302126306095
 51
156.5703854220257
  0
ARC
  5
48A
330
47C
100
AcDbEntity
  8
0
  6
HIDDEN2
100
AcDbCircle
 10
-9.31323e-11
 20
-318.3190208487282
 30
0.0
 40
329.9999999999982
100
AcDbArc
 50
61.21779531939934
 51
82.28302126306095
  0
ARC
  5
48B
330
47C
100
AcDbEntity
  8
0
100
AcDbCircle
 10
-1.011359e-10
 20
-53.69312413812514
 30
0.0
 40
307.9999999999815
100
AcDbArc
 50
241.2177953193994
 51
270.0
  0
ARC
  5
48C
330
47C
100
AcDbEntity
  8
0
100
AcDbCircle
 10
-8.91305e-11
 20
-53.69312413812514
 30
0.0
 40
307.9999999999815
100
AcDbArc
 50
270.0
 51
298.7822046806006
  0
ARC
  5
48D
330
47C
100
AcDbEntity
  8
0
100
AcDbCircle
 10
84.52564826350643
 20
-191.7297668667339
 30
0.0
 40
146.5177169687372
100
AcDbArc
 50
295.8006867029983
 51
1.394036386931301
  0
ARC
  5
48E
330
47C
100
AcDbEntity
  8
0
  6
HIDDEN2
100
AcDbCircle
 10
71.49999999990686
 20
-188.1652656205394
 30
0.0
 40
181.5000000000004
100
AcDbArc
 50
0.0
 51
61.21779531939934
  0
ARC
  5
48F
330
47C
100
AcDbEntity
  8
0
  6
HIDDEN2
100
AcDbCircle
 10
71.49999999990287
 20
-188.1652656205355
 30
0.0
 40
181.5000000000039
100
AcDbArc
 50
298.7822046806006
 51
0.0
  0
ARC
  5
490
330
47C
100
AcDbEntity
  8
0
  6
HIDDEN2
100
AcDbCircle
 10
-9.71341e-11
 20
-58.01151039235083
 30
0.0
 40
329.9999999999964
100
AcDbArc
 50
270.0
 51
298.7822046806006
  0
ARC
  5
491
330
47C
100
AcDbEntity
  8
0
  6
HIDDEN2
100
AcDbCircle
 10
-71.50000000009312
 20
-188.1652656205394
 30
0.0
 40
181.5
100
AcDbArc
 50
180.0
 51
241.2177953193994
  0
ARC
  5
492
330
47C
100
AcDbEntity
  8
0
  6
HIDDEN2
100
AcDbCircle
 10
-9.31323e-11
 20
-58.01151039234283
 30
0.0
 40
330.0000000000035
100
AcDbArc
 50
241.2177953193994
 51
270.0
  0
ARC
  5
493
330
47C
100
AcDbEntity
  8
0
  6
HIDDEN2
100
AcDbCircle
 10
-71.50000000009715
 20
-188.1652656205355
 30
0.0
 40
181.4999999999969
100
AcDbArc
 50
118.7822046806006
 51
180.0
  0
ARC
  5
494
330
47C
100
AcDbEntity
  8
0
100
AcDbCircle
 10
-84.52564826369671
 20
-184.600764374341
 30
0.0
 40
146.5177169687372
100
AcDbArc
 50
115.8006867029982
 51
181.3940363869313
  0
ARC
  5
495
330
47C
100
AcDbEntity
  8
0
100
AcDbCircle
 10
-84.52564826369671
 20
-191.7297668667339
 30
0.0
 40
146.5177169687372
100
AcDbArc
 50
178.6059636130687
 51
244.1993132970017
  0
ELLIPSE
  5
496
330
47C
100
AcDbEntity
  8
0
100
AcDbEllipse
 10
-8.91305e-11
 20
-333.7634657083396
 30
0.0
 11
16.73527576850428
 21
-1e-15
 31
0.0
210
0.0
220
0.0
230
-1.0
 40
0.6098728075648621
 41
0.0
 42
6.283185307179584
  0
CIRCLE
  5
497
330
47C
100
AcDbEntity
  8
0
100
AcDbCircle
 10
-9.31323e-11
 20
-159.9190208487281
 30
0.0
 40
25.3
  0
CIRCLE
  5
498
330
47C
100
AcDbEntity
  8
0
  6
HIDDEN2
100
AcDbCircle
 10
-9.31323e-11
 20
-159.9190208487281
 30
0.0
 40
41.25
  0
SPLINE
  5
499
330
47C
100
AcDbEntity
  8
0
100
AcDbSpline
 70
8
 71
3
 72
38
 73
34
 74
0
 42
1e-09
 40
0.0
 40
0.0
 40
0.0
 40
0.0
 40
0.1339735781249894
 40
0.2379474360533571
 40
0.2711038040913434
 40
0.2973735792326298
 40
0.3126518365959068
 40
0.3272782250881259
 40
0.3428742634948332
 40
0.358475683235949
 40
0.3748809697515428
 40
0.3948546858753829
 40
0.4136499116771674
 40
0.4305129261240185
 40
0.4546295842367698
 40
0.4786785034616667
 40
0.50273733492931
 40
0.5076125313472878
 40
0.5203656747307323
 40
0.5386616245118333
 40
0.5525945375427121
 40
0.5751479182598147
 40
0.5931142623716691
 40
0.6109304373762816
 40
0.6270607127599254
 40
0.6465739275971965
 40
0.6689735248111159
 40
0.6889332008676003
 40
0.7064467918854948
 40
0.7324238177361885
 40
0.7651037992308303
 40
0.8727498119832873
 40
1.0
 40
1.0
 40
1.0
 40
1.0
 10
26.60663959495723
 20
-2.760662803007288
 30
0.0
 10
26.23313214480878
 20
-13.99413948091678
 30
0.0
 10
25.5697540299967
 20
-33.94566284011817
 30
0.0
 10
24.97330819834025
 20
-56.68241069103242
 30
0.0
 10
24.73603579849005
 20
-70.38864781438025
 30
0.0
 10
24.65546250995249
 20
-76.6551829097909
 30
0.0
 10
24.59995634853841
 20
-81.36712478612318
 30
0.0
 10
24.54536563381554
 20
-85.18318280960666
 30
0.0
 10
24.45051386877895
 20
-89.02580567738624
 30
0.0
 10
24.22355589941145
 20
-93.01159730681685
 30
0.0
 10
23.56338440198451
 20
-97.33993664713346
 30
0.0
 10
21.83147149123252
 20
-101.6872198264522
 30
0.0
 10
19.19691539667547
 20
-105.5710446609766
 30
0.0
 10
15.74766744859516
 20
-109.2345145578089
 30
0.0
 10
11.20383214410394
 20
-112.3806694723316
 30
0.0
 10
5.387687499448658
 20
-114.3269135813635
 30
0.0
 10
0.9146721018478274
 20
-114.6628898092371
 30
0.0
 10
-2.579053583368659
 20
-114.5076090478919
 30
0.0
 10
-5.577364430762828
 20
-114.1376961197646
 30
0.0
 10
-9.228928060457111
 20
-113.0801013065967
 30
0.0
 10
-13.3484267052263
 20
-111.0026878254197
 30
0.0
 10
-16.95462285876274
 20
-108.1188737840042
 30
0.0
 10
-20.1144290568307
 20
-104.3578033599944
 30
0.0
 10
-22.34712590351702
 20
-100.5872294454428
 30
0.0
 10
-23.8015793338418
 20
-96.30982412308805
 30
0.0
 10
-24.3730120209977
 20
-91.45277954795748
 30
0.0
 10
-24.52965641207994
 20
-86.26791337884498
 30
0.0
 10
-24.60206252541393
 20
-81.24586291000014
 30
0.0
 10
-24.6633879262954
 20
-75.92379090214382
 30
0.0
 10
-24.74868458267302
 20
-69.53416004409081
 30
0.0
 10
-24.99532503187656
 20
-55.58453781538992
 30
0.0
 10
-25.59105509538204
 20
-33.1437905121886
 30
0.0
 10
-26.24293881058694
 20
-13.44804020646843
 30
0.0
 10
-27.35682433686448
 20
21.52756893879664
 30
0.0
  0
SPLINE
  5
49A
330
47C
100
AcDbEntity
  8
0
100
AcDbSpline
 70
8
 71
3
 72
13
 73
9
 74
0
 42
1e-09
 40
0.5200213431956358
 40
0.5200213431956358
 40
0.5200213431956358
 40
0.5200213431956358
 40
0.6418922031427065
 40
0.7028225256663374
 40
0.7321024703898455
 40
0.763739170828616
 40
0.8834198043991175
 40
0.9999748648234486
 40
0.9999748648234486
 40
0.9999748648234486
 40
0.9999748648234486
 10
27.3609032938257
 20
22.0
 30
0.0
 10
26.91248044706882
 20
6.236415205308003
 30
0.0
 10
26.87218465339393
 20
5.057133924757363
 30
0.0
 10
26.82348971311004
 20
3.629709632095182
 30
0.0
 10
26.79492156896741
 20
2.791043369099496
 30
0.0
 10
26.75257754586639
 20
1.546932263631604
 30
0.0
 10
26.68927433658391
 20
-0.3161359005491249
 30
0.0
 10
26.6339641308412
 20
-1.952339048951396
 30
0.0
 10
26.60665726065636
 20
-2.760140194342238
 30
0.0
  0
ARC
  5
49B
330
47C
100
AcDbEntity
  8
0
  6
HIDDEN2
100
AcDbCircle
 10
1.484528184e-07
 20
22.39345625097631
 30
0.0
 40
24.89546903770682
100
AcDbArc
 50
358.8305356951674
 51
181.1694647580772
  0
SPLINE
  5
49C
330
47C
100
AcDbEntity
  8
0
  6
HIDDEN2
100
AcDbSpline
 70
8
 71
3
 72
62
 73
58
 74
0
 42
1e-09
 40
0.0
 40
0.0
 40
0.0
 40
0.0
 40
0.0312500000000001
 40
0.0312500000000001
 40
0.0625000000000001
 40
0.0625000000000001
 40
0.1250000000000003
 40
0.1250000000000003
 40
0.2500000000000005
 40
0.2500000000000005
 40
0.3125000000000007
 40
0.3125000000000007
 40
0.3437500000000007
 40
0.3437500000000007
 40
0.3750000000000008
 40
0.3750000000000008
 40
0.3906250000000008
 40
0.3906250000000008
 40
0.4062500000000008
 40
0.4062500000000008
 40
0.4375000000000011
 40
0.4375000000000011
 40
0.4531250000000011
 40
0.4531250000000011
 40
0.4687500000000009
 40
0.4687500000000009
 40
0.4843750000000009
 40
0.4843750000000009
 40
0.5000000000000008
 40
0.5000000000000008
 40
0.5156250000000008
 40
0.5156250000000008
 40
0.5312500000000008
 40
0.5312500000000008
 40
0.5625000000000008
 40
0.5625000000000008
 40
0.5781250000000007
 40
0.5781250000000007
 40
0.5937500000000006
 40
0.5937500000000006
 40
0.6093750000000006
 40
0.6093750000000006
 40
0.6250000000000006
 40
0.6250000000000006
 40
0.6562500000000002
 40
0.6562500000000002
 40
0.6875000000000001
 40
0.6875000000000001
 40
0.75
 40
0.75
 40
0.8749999999999998
 40
0.8749999999999998
 40
0.9374999999999998
 40
0.9374999999999998
 40
0.9687499999999998
 40
0.9687499999999998
 40
1.0
 40
1.0
 40
1.0
 40
1.0
 10
-24.890283225663
 20
21.88534985259757
 30
0.0
 10
-24.87508296929301
 20
19.44534784381394
 30
0.0
 10
-24.77684986814857
 20
17.00728292640996
 30
0.0
 10
-24.57488272655756
 20
12.1326206988946
 30
0.0
 10
-24.46394280400127
 20
9.695889035309666
 30
0.0
 10
-24.1204716257751
 20
2.386823675618506
 30
0.0
 10
-23.87487880662084
 20
-2.48417210341431
 30
0.0
 10
-23.13171561677008
 20
-17.09362264857045
 30
0.0
 10
-22.62164208833128
 20
-26.82723442632123
 30
0.0
 10
-22.03382876385003
 20
-41.44293619659148
 30
0.0
 10
-21.8789195779711
 20
-46.31805153689348
 30
0.0
 10
-21.63007490560413
 20
-53.63374627614976
 30
0.0
 10
-21.54483882728964
 20
-56.07281455409248
 30
0.0
 10
-21.2595652827993
 20
-60.94510105855881
 30
0.0
 10
-21.07254110574722
 20
-63.39551530201572
 30
0.0
 10
-20.3877509670332
 20
-66.98651744105737
 30
0.0
 10
-20.08679820280522
 20
-68.16279783242499
 30
0.0
 10
-19.24745544381439
 20
-70.4471598921693
 30
0.0
 10
-18.69667221531272
 20
-71.56436342988164
 30
0.0
 10
-16.73826304674149
 20
-74.64490628496279
 30
0.0
 10
-15.02591070979834
 20
-76.43212276529522
 30
0.0
 10
-12.16432326827198
 20
-78.72049659163459
 30
0.0
 10
-11.16008212864398
 20
-79.41301342051594
 30
0.0
 10
-9.026179317198693
 20
-80.62307558850735
 30
0.0
 10
-7.895996902696789
 20
-81.13294391646633
 30
0.0
 10
-5.596450139023363
 20
-81.90673646689976
 30
0.0
 10
-4.416160001605748
 20
-82.1802114376973
 30
0.0
 10
-2.001321078836916
 20
-82.52623243098499
 30
0.0
 10
-0.7603680329397323
 20
-82.5987648835464
 30
0.0
 10
1.685232830233871
 20
-82.54995211482166
 30
0.0
 10
2.900350289046763
 20
-82.43094701460211
 30
0.0
 10
5.313219820335507
 20
-81.97811705190107
 30
0.0
 10
6.504432086646557
 20
-81.64035055348069
 30
0.0
 10
9.890208253450695
 20
-80.30743328604731
 30
0.0
 10
11.97988664060831
 20
-78.95847514852068
 30
0.0
 10
14.74062393326312
 20
-76.5835762464325
 30
0.0
 10
15.60227950904518
 20
-75.73275177903709
 30
0.0
 10
17.18326746169478
 20
-73.8866942756402
 30
0.0
 10
17.90806291606278
 20
-72.879193461471
 30
0.0
 10
19.10240894872694
 20
-70.76583629228406
 30
0.0
 10
19.57714446093888
 20
-69.65341942603699
 30
0.0
 10
20.3122343853116
 20
-67.3311608660035
 30
0.0
 10
20.57263987883926
 20
-66.12792048857084
 30
0.0
 10
21.15648973714561
 20
-62.53918239605265
 30
0.0
 10
21.31800527777523
 20
-60.12891914783978
 30
0.0
 10
21.57483780886979
 20
-55.3049920455669
 30
0.0
 10
21.65647501219064
 20
-52.89012428605928
 30
0.0
 10
21.89903792012483
 20
-45.6469078194059
 30
0.0
 10
22.05680859889836
 20
-40.82002352395793
 30
0.0
 10
22.64543925188482
 20
-26.34881513454021
 30
0.0
 10
23.15138696469366
 20
-16.71096520978608
 30
0.0
 10
23.88694205712528
 20
-2.245262975618243
 30
0.0
 10
24.12979337982833
 20
2.57781401418615
 30
0.0
 10
24.46937481779605
 20
9.814893601019868
 30
0.0
 10
24.57905249930918
 20
12.2276138693036
 30
0.0
 10
24.77858450971544
 20
17.05418447642587
 30
0.0
 10
24.87524285782129
 20
19.46806472940953
 30
0.0
 10
24.89028352871538
 20
21.8853500497411
 30
0.0
  0
ARC
  5
49D
330
47C
100
AcDbEntity
  8
0
100
AcDbCircle
 10
9.313226e-10
 20
22.0
 30
0.0
 40
27.36090329204447
100
AcDbArc
 50
359.0106446572272
 51
180.9893551693241
  0
ARC
  5
49E
330
47C
100
AcDbEntity
  8
0
100
AcDbCircle
 10
-0.0015235027298331
 20
21.06397733850171
 30
0.0
 40
28.35048828241707
100
AcDbArc
 50
71.89175178754083
 51
108.0461670535041
  0
SPLINE
  5
49F
330
47C
100
AcDbEntity
  8
0
100
AcDbSpline
 70
8
 71
3
 72
12
 73
8
 74
0
 42
1e-09
 40
0.0
 40
0.0
 40
0.0
 40
0.0
 40
0.25
 40
0.25
 40
0.5
 40
0.5
 40
0.6350641319095065
 40
0.6350641319095065
 40
0.6350641319095065
 40
0.6350641319095065
 10
-8.784029147773982
 20
48.01982606325182
 30
0.0
 10
-9.119865062087777
 20
47.91017987181549
 30
0.0
 10
-9.437573166191578
 20
47.80421990551404
 30
0.0
 10
-10.03696069531143
 20
47.6039098403591
 30
0.0
 10
-10.30244768559932
 20
47.51499679983826
 30
0.0
 10
-10.654742179811
 20
47.40296157102566
 30
0.0
 10
-10.76381143555045
 20
47.36962061795638
 30
0.0
 10
-10.8576050452888
 20
47.34317050504615
 30
0.0
  0
SPLINE
  5
4A0
330
47C
100
AcDbEntity
  8
0
100
AcDbSpline
 70
8
 71
3
 72
10
 73
6
 74
0
 42
1e-09
 40
0.3242390294088015
 40
0.3242390294088015
 40
0.3242390294088015
 40
0.3242390294088015
 40
0.5
 40
0.5
 40
1.0
 40
1.0
 40
1.0
 40
1.0
 10
11.0263166617602
 20
47.28871917521465
 30
0.0
 10
10.85010259766131
 20
47.33986511235124
 30
0.0
 10
10.71427015811204
 20
47.38047358302282
 30
0.0
 10
10.1041176924482
 20
47.57524876061943
 30
0.0
 10
9.479434070549903
 20
47.79095398326755
 30
0.0
 10
8.810184198617934
 20
48.01029421496785
 30
0.0
  0
SPLINE
  5
4A1
330
47C
100
AcDbEntity
  8
0
100
AcDbSpline
 70
8
 71
3
 72
30
 73
26
 74
0
 42
1e-09
 40
0.0
 40
0.0
 40
0.0
 40
0.0
 40
0.1250000000000002
 40
0.1250000000000002
 40
0.2500000000000002
 40
0.2500000000000002
 40
0.3125000000000003
 40
0.3125000000000003
 40
0.3750000000000003
 40
0.3750000000000003
 40
0.4375000000000003
 40
0.4375000000000003
 40
0.5000000000000002
 40
0.5000000000000002
 40
0.5625000000000006
 40
0.5625000000000006
 40
0.6250000000000006
 40
0.6250000000000006
 40
0.6875000000000006
 40
0.6875000000000006
 40
0.7500000000000006
 40
0.7500000000000006
 40
0.8750000000000003
 40
0.8750000000000003
 40
1.0
 40
1.0
 40
1.0
 40
1.0
 10
-11.71407118979841
 20
47.60820052521885
 30
0.0
 10
-11.64193520676344
 20
50.08069179694284
 30
0.0
 10
-11.55505561400205
 20
52.55234908470302
 30
0.0
 10
-11.43628549426794
 20
57.49606080326484
 30
0.0
 10
-11.47459973618388
 20
60.00819146939903
 30
0.0
 10
-10.56595873609185
 20
63.57777800470939
 30
0.0
 10
-10.08387284036726
 20
64.74351095551975
 30
0.0
 10
-8.763489688932896
 20
66.81560942627839
 30
0.0
 10
-7.915719078108668
 20
67.75437421388342
 30
0.0
 10
-5.972325600124894
 20
69.25053892654833
 30
0.0
 10
-4.835204716958105
 20
69.81113341807503
 30
0.0
 10
-2.466063159145414
 20
70.49196261647158
 30
0.0
 10
-1.217869344353673
 20
70.64535021909397
 30
0.0
 10
1.236793420091271
 20
70.64387050946826
 30
0.0
 10
2.483196954987942
 20
70.4892266904295
 30
0.0
 10
4.851642080210149
 20
69.80710001749104
 30
0.0
 10
5.987660025060177
 20
69.24792805525941
 30
0.0
 10
7.938919933140279
 20
67.74925773672875
 30
0.0
 10
8.787519692629576
 20
66.81279534323258
 30
0.0
 10
10.11454456504434
 20
64.73691960967263
 30
0.0
 10
10.59763880912214
 20
63.57094222144223
 30
0.0
 10
11.5083709673956
 20
60.00195944416919
 30
0.0
 10
11.47043755017221
 20
57.48840367159573
 30
0.0
 10
11.58695738110691
 20
52.54235668468172
 30
0.0
 10
11.67053687702864
 20
50.06944590209748
 30
0.0
 10
11.73779831752181
 20
47.59567537467229
 30
0.0
  0
LINE
  5
4A2
330
47C
100
AcDbEntity
  8
0
100
AcDbLine
 10
11.73779831752181
 20
47.59567537467229
 30
0.0
 11
11.73657544218003
 21
47.64061100182006
 31
0.0
  0
SPLINE
  5
4A3
330
47C
100
AcDbEntity
  8
0
100
AcDbSpline
 70
8
 71
3
 72
34
 73
30
 74
0
 42
1e-09
 40
0.0060476269430829
 40
0.0060476269430829
 40
0.0060476269430829
 40
0.0060476269430829
 40
0.125
 40
0.125
 40
0.1875
 40
0.1875
 40
0.25
 40
0.25
 40
0.3125
 40
0.3125
 40
0.3750000000000001
 40
0.3750000000000001
 40
0.4375000000000001
 40
0.4375000000000001
 40
0.5000000000000001
 40
0.5000000000000001
 40
0.5625000000000001
 40
0.5625000000000001
 40
0.6250000000000001
 40
0.6250000000000001
 40
0.6875000000000002
 40
0.6875000000000002
 40
0.7500000000000002
 40
0.7500000000000002
 40
0.8125000000000001
 40
0.8125000000000001
 40
0.8750000000000001
 40
0.8750000000000001
 40
0.9960347405927276
 40
0.9960347405927276
 40
0.9960347405927276
 40
0.9960347405927276
 10
8.96479223985225
 20
47.95943753079627
 30
0.0
 10
8.915507047623397
 20
50.56467306306004
 30
0.0
 10
8.84536068700254
 20
52.50583246078458
 30
0.0
 10
8.73971467576921
 20
55.46647365810932
 30
0.0
 10
8.70906187258661
 20
56.48672427187558
 30
0.0
 10
8.609793662279843
 20
58.52403955712216
 30
0.0
 10
8.537982841208578
 20
59.54039984995615
 30
0.0
 10
8.189985637925567
 20
61.55260251652217
 30
0.0
 10
7.908985514566301
 20
62.53801046870649
 30
0.0
 10
6.987459653057158
 20
64.3568873123848
 30
0.0
 10
6.360076391883195
 20
65.17498730956578
 30
0.0
 10
4.839901354536412
 20
66.5305365667271
 30
0.0
 10
3.939114517718553
 20
67.03525387246628
 30
0.0
 10
1.981647849641738
 20
67.63002206777453
 30
0.0
 10
0.9668699072673913
 20
67.75146242435439
 30
0.0
 10
-1.069694096781313
 20
67.74222491231632
 30
0.0
 10
-2.0900973001495
 20
67.61029873396036
 30
0.0
 10
-4.033423250168562
 20
66.98842361816787
 30
0.0
 10
-4.928597449325024
 20
66.46153450768325
 30
0.0
 10
-6.431568855606019
 20
65.06788705518122
 30
0.0
 10
-7.045597260072827
 20
64.22995801831131
 30
0.0
 10
-7.927424830943347
 20
62.39925771968557
 30
0.0
 10
-8.194500660523772
 20
61.3982528594439
 30
0.0
 10
-8.517823285236952
 20
59.40177932591178
 30
0.0
 10
-8.583846727386115
 20
58.39773176611635
 30
0.0
 10
-8.677842136286198
 20
56.38720818966394
 30
0.0
 10
-8.708596788719298
 20
55.38088417815743
 30
0.0
 10
-8.815615803003311
 20
52.42644547820091
 30
0.0
 10
-8.888108829036355
 20
50.47783247180633
 30
0.0
 10
-8.951078736037015
 20
47.96510910220676
 30
0.0
  0
SPLINE
  5
4A4
330
47C
100
AcDbEntity
  8
0
100
AcDbSpline
 70
8
 71
3
 72
16
 73
12
 74
0
 42
1e-09
 40
0.0
 40
0.0
 40
0.0
 40
0.0
 40
0.1149572077061959
 40
0.3610290132987966
 40
0.5083977180488501
 40
0.615757946106896
 40
0.6996278487281109
 40
0.7832972448538787
 40
0.868325504222634
 40
0.9615060184886846
 40
1.0
 40
1.0
 40
1.0
 40
1.0
 10
11.0263166617602
 20
47.28871917521465
 30
0.0
 10
11.05914370026439
 20
47.27982191836927
 30
0.0
 10
11.14702686127275
 20
47.25644631017349
 30
0.0
 10
11.25312403421849
 20
47.23698334693327
 30
0.0
 10
11.35623323097824
 20
47.22949654035618
 30
0.0
 10
11.44421831294894
 20
47.23685175935971
 30
0.0
 10
11.53679820392281
 20
47.26527148413587
 30
0.0
 10
11.62884496860206
 20
47.32456877114599
 30
0.0
 10
11.70407279729842
 20
47.41992539418279
 30
0.0
 10
11.73921746406704
 20
47.52348308708751
 30
0.0
 10
11.73544599097221
 20
47.57708925128681
 30
0.0
 10
11.73391182888298
 20
47.59544891605035
 30
0.0
  0
SPLINE
  5
4A5
330
47C
100
AcDbEntity
  8
0
100
AcDbSpline
 70
8
 71
3
 72
18
 73
14
 74
0
 42
1e-09
 40
0.0
 40
0.0
 40
0.0
 40
0.0
 40
0.0021062812862636
 40
0.0778871275314872
 40
0.1618023957863066
 40
0.2336681933940043
 40
0.3015863184106787
 40
0.3730104135802351
 40
0.4571848049342357
 40
0.5717968921613517
 40
0.7616816846670607
 40
0.9658484154360127
 40
1.0
 40
1.0
 40
1.0
 40
1.0
 10
-11.71367498394102
 20
47.60760497825105
 30
0.0
 10
-11.71385590676218
 20
47.60654546657461
 30
0.0
 10
-11.71959828957915
 20
47.57274338615244
 30
0.0
 10
-11.70097411461174
 20
47.48132282019359
 30
0.0
 10
-11.64311499968171
 20
47.37529835824971
 30
0.0
 10
-11.55637288261205
 20
47.30072008392307
 30
0.0
 10
-11.47153829019516
 20
47.2620254509151
 30
0.0
 10
-11.39437379315495
 20
47.24550146745168
 30
0.0
 10
-11.32019945848733
 20
47.24197036513943
 30
0.0
 10
-11.22973827533423
 20
47.24888342822088
 30
0.0
 10
-11.10960558559745
 20
47.271789632173
 30
0.0
 10
-10.99346215371042
 20
47.30003878906136
 30
0.0
 10
-10.91800787132234
 20
47.32228972999728
 30
0.0
 10
-10.90539730768651
 20
47.32601667561101
 30
0.0
  0
LINE
  5
4A6
330
47C
100
AcDbEntity
  8
0
  6
HIDDEN
 62
8
100
AcDbLine
 10
31.21090329177678
 20
22.0
 30
0.0
 11
-31.21090329196304
 21
22.0
 31
0.0
  0
LINE
  5
4A7
330
47C
100
AcDbEntity
  8
0
  6
HIDDEN
 62
8
100
AcDbLine
 10
9.313226e-10
 20
53.21090329206199
 30
0.0
 11
9.313226e-10
 21
-169.7131133620104
 31
0.0
  0
CIRCLE
  5
4A8
330
47C
100
AcDbEntity
  8
0
  6
HIDDEN
 62
8
100
AcDbCircle
 10
0.9091917827725408
 20
22.0
 30
0.0
 40
17.40455177526271
  0
CIRCLE
  5
4A9
330
47C
100
AcDbEntity
  8
0
 62
0
100
AcDbCircle
 10
-54.13385826300073
 20
28.89445308802388
 30
0.0
 40
17.32283464566874
  0
CIRCLE
  5
4AA
330
47C
100
AcDbEntity
  8
0
 62
0
100
AcDbCircle
 10
54.13385827862949
 20
28.89445308802388
 30
0.0
 40
17.32283464566874
  0
ENDBLK
  5
47E
330
47C
100
AcDbEntity
  8
0
100
AcDbBlockEnd
  0
BLOCK
  5
4AC
330
4AB
100
AcDbEntity
  8
0
100
AcDbBlockBegin
  2
GRATINGS
 70
0
 10
0.0
 20
0.0
 30
0.0
  3
GRATINGS
  1

  0
LWPOLYLINE
  5
4AE
330
4AB
100
AcDbEntity
  8
0
100
AcDbPolyline
 90
4
 70
1
 10
-0.0750306383706629
 20
-0.0750306388363242
 10
0.0750306388363242
 20
-0.0750306388363242
 10
0.0750306388363242
 20
0.0750306383706629
 10
-0.0750306383706629
 20
0.0750306383706629
  0
LWPOLYLINE
  5
4AF
330
4AB
100
AcDbEntity
  8
0
100
AcDbPolyline
 90
4
 70
1
 10
-0.0700306384824216
 20
-0.0700306389480829
 10
0.0700306389480829
 20
-0.0700306389480829
 10
0.0700306389480829
 20
0.0700306384824216
 10
-0.0700306384824216
 20
0.0700306384824216
  0
CIRCLE
  5
4B0
330
4AB
100
AcDbEntity
  8
0
100
AcDbCircle
 10
0.0
 20
0.0
 30
0.0
 40
0.06
  0
ENDBLK
  5
4AD
330
4AB
100
AcDbEntity
  8
0
100
AcDbBlockEnd
  0
BLOCK
  5
4B2
330
4B1
100
AcDbEntity
  8
0
100
AcDbBlockBegin
  2
E_LIGHT
 70
2
 10
0.0
 20
0.0
 30
0.0
  3
E_LIGHT
  1

  0
LWPOLYLINE
  5
4B4
330
4B1
100
AcDbEntity
  8
0
100
AcDbPolyline
 90
4
 70
1
 10
-110.0
 20
-100.0
 10
110.0
 20
-100.0
 10
110.0
 20
0.0
 10
-110.0
 20
0.0
  0
ELLIPSE
  5
4B5
330
4B1
100
AcDbEntity
  8
0
100
AcDbEllipse
 10
-1.0477379e-09
 20
-110.0
 30
0.0
 11
-80.0
 21
0.0
 31
0.0
 40
0.625
 41
0.0
 42
3.141592653589793
  0
LWPOLYLINE
  5
4B6
330
4B1
100
AcDbEntity
  8
0
100
AcDbPolyline
 90
4
 70
1
 10
90.0
 20
-110.0
 10
-90.0
 20
-110.0
 10
-90.0
 20
-100.0
 10
90.0
 20
-100.0
  0
ATTDEF
  5
4B7
330
4B1
100
AcDbEntity
  8
0
 62
0
100
AcDbText
 10
-100.5714285714285
 20
-80.0
 30
-1.299e-13
 40
60.0
  1
LIGHT
  7
CEB- Romand
 41
0.8
 72
1
 11
0.0
 21
-100.0
 31
-1.299e-13
100
AcDbAttributeDefinition
  3
L
  2
LIGHT
 70
0
 74
1
280
1
 71
1
 72
0
 11
0.0
 21
-100.0
 31
-1.299e-13
  0
ENDBLK
  5
4B3
330
4B1
100
AcDbEntity
  8
0
100
AcDbBlockEnd
  0
BLOCK
  5
4B9
330
4B8
100
AcDbEntity
  8
0
100
AcDbBlockBegin
  2
*U1049
 70
1
 10
0.0
 20
0.0
 30
0.0
  3
*U1049
  1

  0
LWPOLYLINE
  5
4BB
330
4B8
100
AcDbEntity
  8
0
 62
0
100
AcDbPolyline
 90
4
 70
1
 10
719.9999999981375
 20
-2.309e-13
 10
719.9999999981375
 20
739.9999999999995
 10
769.9999999981372
 20
739.9999999999995
 10
769.9999999981374
 20
-2.309e-13
  0
ARC
  5
4BC
330
4B8
100
AcDbEntity
  8
0
  6
ByBlock
 62
0
100
AcDbCircle
 10
769.9999999981374
 20
-2.309e-13
 30
0.0
 40
739.9999999999995
100
AcDbArc
 50
90.0
 51
180.0
  0
LWPOLYLINE
  5
4BD
330
4B8
100
AcDbEntity
  8
0
 62
0
100
AcDbPolyline
 90
6
 70
1
 10
-2.1e-15
 20
-99.99999999999709
 10
50.0
 20
-99.99999999999709
 10
49.99999999813734
 20
-50.0
 10
29.99999999813736
 20
-50.0
 10
29.99999999813759
 20
-3.6e-15
 10
0.0
 20
0.0
  0
LWPOLYLINE
  5
4BE
330
4B8
100
AcDbEntity
  8
0
 62
0
100
AcDbPolyline
 90
6
 70
1
 10
799.9999999893168
 20
-99.99999999999709
 10
749.9999999893168
 20
-99.99999999999709
 10
749.9999999911795
 20
-50.0
 10
769.9999999911796
 20
-50.0
 10
769.9999999911794
 20
-3.6e-15
 10
799.9999999893168
 20
0.0
  0
ENDBLK
  5
4BA
330
4B8
100
AcDbEntity
  8
0
100
AcDbBlockEnd
  0
BLOCK
  5
4C0
330
4BF
100
AcDbEntity
  8
0
100
AcDbBlockBegin
  2
EXHAUST
 70
0
 10
0.0
 20
0.0
 30
0.0
  3
EXHAUST
  1

  0
ELLIPSE
  5
4C2
330
4BF
100
AcDbEntity
  8
0
100
AcDbEllipse
 10
-1.175522e-10
 20
1.075335e-10
 30
0.0
 11
-0.0276733241317816
 21
6.6811e-12
 31
0.0
210
0.0
220
0.0
230
-1.0
 40
0.5415256044589456
 41
0.0
 42
6.283185307179585
  0
LINE
  5
4C3
330
4BF
100
AcDbEntity
  8
0
100
AcDbLine
 10
1.65983e-11
 20
0.0149858134149525
 30
0.0
 11
-0.094721058920841
 21
0.0325958467524714
 31
0.0
  0
LINE
  5
4C4
330
4BF
100
AcDbEntity
  8
0
100
AcDbLine
 10
-6.07088e-11
 20
-0.014985813624449
 30
0.0
 11
-0.0947210589494901
 21
-0.032595846863515
 31
0.0
  0
LINE
  5
4C5
330
4BF
100
AcDbEntity
  8
0
100
AcDbLine
 10
1.65983e-11
 20
0.0149858134149525
 30
0.0
 11
0.0947210590890052
 21
0.0325958466779497
 31
0.0
  0
ARC
  5
4C6
330
4BF
100
AcDbEntity
  8
0
100
AcDbCircle
 10
0.1029844911932912
 20
-1.687255e-10
 30
0.0
 40
0.0336269764297158
100
AcDbArc
 50
255.7745379634448
 51
104.2254626491619
  0
LINE
  5
4C7
330
4BF
100
AcDbEntity
  8
0
100
AcDbLine
 10
-6.07088e-11
 20
-0.014985813624449
 30
0.0
 11
0.0947210590076054
 21
-0.0325958469619678
 31
0.0
  0
ARC
  5
4C8
330
4BF
100
AcDbEntity
  8
0
100
AcDbCircle
 10
0.070475358129507
 20
0.1173604676717601
 30
0.0
 40
0.1347125247813541
100
AcDbArc
 50
249.2185261630786
 51
299.4025505782437
  0
ARC
  5
4C9
330
4BF
100
AcDbEntity
  8
0
100
AcDbCircle
 10
-0.0704753583109264
 20
-0.1173604671645887
 30
0.0
 40
0.1347125244891531
100
AcDbArc
 50
69.2185261403378
 51
119.402550610816
  0
ARC
  5
4CA
330
4BF
100
AcDbEntity
  8
0
100
AcDbCircle
 10
-0.1029844910537761
 20
-1.68967e-11
 30
0.0
 40
0.0336269764297158
100
AcDbArc
 50
75.77453796344474
 51
284.2254626491619
  0
LWPOLYLINE
  5
4CB
330
4BF
100
AcDbEntity
  8
0
100
AcDbPolyline
 90
8
 70
1
 10
0.1500000000925127
 20
-0.0385000000325846
 10
0.1499999999807727
 20
0.0385000001797238
 42
0.4142135641027651
 10
0.1350000000685384
 20
0.0535000000608506
 10
-0.1350000001261279
 20
0.0534999999658794
 42
0.414213560643425
 10
-0.1499999999529976
 20
0.0384999998470193
 10
-0.150000000085457
 20
-0.0384999999647136
 42
0.4142135641027651
 10
-0.1349999999697516
 20
-0.0534999999375998
 10
0.1350000000617172
 20
-0.0535000000596853
 42
0.414213560643425
  0
ENDBLK
  5
4C1
330
4BF
100
AcDbEntity
  8
0
100
AcDbBlockEnd
  0
BLOCK
  5
4CD
330
4CC
100
AcDbEntity
  8
0
100
AcDbBlockBegin
  2
WC-BYRNE
 70
0
 10
0.0
 20
0.0
 30
0.0
  3
WC-BYRNE
  1

  0
HATCH
  5
4CF
330
4CC
100
AcDbEntity
  8
0
440
33554687
100
AcDbHatch
 10
0.0
 20
0.0
 30
0.0
210
0.0
220
0.0
230
1.0
  2
SOLID
 70
1
 71
0
 91
1
 92
7
 72
1
 73
1
 93
2
 10
-0.0025000000368891
 20
-0.0949999998888984
 42
-1.0
 10
0.0025000000541695
 20
-0.09500000014026
 42
-1.0
 97
0
 75
0
 76
1
 47
0.1921731148604266
 98
1
 10
0.0007256940211846
 20
-0.0950140889121372
450
0
451
0
460
0.0
461
0.0
452
0
462
0.0
453
0
470

  0
ARC
  5
4D0
330
4CC
100
AcDbEntity
  8
0
440
33554687
100
AcDbCircle
 10
0.1706822931746501
 20
-0.2178776098342041
 30
0.0
 40
0.0483692514763066
100
AcDbArc
 50
193.1963600960688
 51
221.6410115811554
  0
LINE
  5
4D1
330
4CC
100
AcDbEntity
  8
0
440
33554687
100
AcDbLine
 10
0.1362583748414181
 20
-0.2757279347307531
 30
0.0
 11
-0.136258374863246
 21
-0.2757279345149755
 31
0.0
  0
ARC
  5
4D2
330
4CC
100
AcDbEntity
  8
0
440
33554687
100
AcDbCircle
 10
0.1671000000756067
 20
-0.0254000001871759
 30
0.0
 40
0.0254000000000087
100
AcDbArc
 50
1.035885795e-07
 51
90.00000044194667
  0
LINE
  5
4D3
330
4CC
100
AcDbEntity
  8
0
440
33554687
100
AcDbLine
 10
0.1924999999509964
 20
-0.1646000000172307
 30
0.0
 11
0.1925000000132968
 21
-0.0254000000654173
 31
0.0
  0
LINE
  5
4D4
330
4CC
100
AcDbEntity
  8
0
440
33554687
100
AcDbLine
 10
0.1671000000360436
 20
-1.48475e-10
 30
0.0
 11
-0.1671000000355889
 21
1.48475e-10
 31
0.0
  0
ARC
  5
4D5
330
4CC
100
AcDbEntity
  8
0
440
33554687
100
AcDbCircle
 10
0.1671000000133063
 20
-0.1646000001389893
 30
0.0
 40
0.0254000000000015
100
AcDbArc
 50
270.0000004419467
 51
1.035885795e-07
  0
ARC
  5
4D6
330
4CC
100
AcDbEntity
  8
0
440
33554687
100
AcDbCircle
 10
-0.1671000000492313
 20
-0.0253999999141001
 30
0.0
 40
0.0254000000000015
100
AcDbArc
 50
90.00000044194667
 51
180.0000001035886
  0
LINE
  5
4D7
330
4CC
100
AcDbEntity
  8
0
440
33554687
100
AcDbLine
 10
-0.1671000000719687
 20
-0.1899999999046145
 30
0.0
 11
0.1671000000528693
 21
-0.1900000001776902
 31
0.0
  0
LINE
  5
4D8
330
4CC
100
AcDbEntity
  8
0
440
33554687
100
AcDbLine
 10
-0.192499999933716
 20
-0.0254000000119845
 30
0.0
 11
-0.1924999999960164
 21
-0.1645999999637411
 31
0.0
  0
ARC
  5
4D9
330
4CC
100
AcDbEntity
  8
0
440
33554687
100
AcDbCircle
 10
-0.1671000000583263
 20
-0.1645999998419825
 30
0.0
 40
0.0254000000000087
100
AcDbArc
 50
180.0000001035886
 51
270.0000004419467
  0
CIRCLE
  5
4DA
330
4CC
100
AcDbEntity
  8
0
440
33554687
100
AcDbCircle
 10
-1.77351e-11
 20
-0.0950000000265732
 30
0.0
 40
0.02
  0
CIRCLE
  5
4DB
330
4CC
100
AcDbEntity
  8
0
440
33554687
100
AcDbCircle
 10
-1.77351e-11
 20
-0.0950000000265732
 30
0.0
 40
0.0025
  0
ARC
  5
4DC
330
4CC
100
AcDbEntity
  8
0
440
33554687
100
AcDbCircle
 10
-1.168701e-10
 20
-0.6107943190065157
 30
0.0
 40
0.1799336154918607
100
AcDbArc
 50
180.0000001035886
 51
270.0000004419467
  0
ARC
  5
4DD
330
4CC
100
AcDbEntity
  8
0
440
33554687
100
AcDbCircle
 10
-1.168701e-10
 20
-0.6107943190065157
 30
0.0
 40
0.1699336154918607
100
AcDbArc
 50
180.0000001035886
 51
270.0000004419467
  0
ARC
  5
4DE
330
4CC
100
AcDbEntity
  8
0
440
33554687
100
AcDbCircle
 10
0.0001327689724349
 20
-0.6107943191767049
 30
0.0
 40
0.1799336154918607
100
AcDbArc
 50
270.0000004419467
 51
1.035885795e-07
  0
ARC
  5
4DF
330
4CC
100
AcDbEntity
  8
0
440
33554687
100
AcDbCircle
 10
0.0001327689724349
 20
-0.6107943191767049
 30
0.0
 40
0.1699336154918607
100
AcDbArc
 50
270.0000004419467
 51
1.035885795e-07
  0
LINE
  5
4E0
330
4CC
100
AcDbEntity
  8
0
440
33554687
100
AcDbLine
 10
0.180066384312795
 20
-0.6107943189384173
 30
0.0
 11
0.1799999999088868
 21
-0.3695760301388873
 31
0.0
  0
LINE
  5
4E1
330
4CC
100
AcDbEntity
  8
0
440
33554687
100
AcDbLine
 10
0.1700663848769182
 20
-0.6107970713451323
 30
0.0
 11
0.1700000002283559
 21
-0.3695787821450267
 31
0.0
  0
LINE
  5
4E2
330
4CC
100
AcDbEntity
  8
0
440
33554687
100
AcDbLine
 10
-0.1799336155104356
 20
-0.6107943192687344
 30
0.0
 11
-0.1800000001057924
 21
-0.3695760300447546
 31
0.0
  0
LINE
  5
4E3
330
4CC
100
AcDbEntity
  8
0
440
33554687
100
AcDbLine
 10
-0.1699336160213534
 20
-0.6107915668380884
 30
0.0
 11
-0.170000000478467
 21
-0.3695732780625462
 31
0.0
  0
ARC
  5
4E4
330
4CC
100
AcDbEntity
  8
0
440
33554687
100
AcDbCircle
 10
6.63845153213e-05
 20
-0.369576030401106
 30
0.0
 40
0.1799336154918607
100
AcDbArc
 50
1.035885795e-07
 51
41.64101158115539
  0
ARC
  5
4E5
330
4CC
100
AcDbEntity
  8
0
440
33554687
100
AcDbCircle
 10
6.63845153213e-05
 20
-0.369576030401106
 30
0.0
 40
0.1699336154918607
100
AcDbArc
 50
1.035885795e-07
 51
31.61898623629538
  0
ARC
  5
4E6
330
4CC
100
AcDbEntity
  8
0
440
33554687
100
AcDbCircle
 10
0.1362583748641555
 20
-0.2857279348030488
 30
0.0
 40
0.01
100
AcDbArc
 50
31.61898623629538
 51
90.00000044194667
  0
ARC
  5
4E7
330
4CC
100
AcDbEntity
  8
0
440
33554687
100
AcDbCircle
 10
-0.2584928423048041
 20
-0.1972877157472794
 30
0.0
 40
0.1385614698479354
100
AcDbArc
 50
346.8036398271119
 51
3.014893846381283
  0
ARC
  5
4E8
330
4CC
100
AcDbEntity
  8
0
440
33554687
100
AcDbCircle
 10
-0.1706822930927956
 20
-0.217877609762013
 30
0.0
 40
0.0483692514763066
100
AcDbArc
 50
318.3589885187675
 51
346.8036398271119
  0
ARC
  5
4E9
330
4CC
100
AcDbEntity
  8
0
440
33554687
100
AcDbCircle
 10
-6.63845739837e-05
 20
-0.3695760302309168
 30
0.0
 40
0.1799336154918607
100
AcDbArc
 50
138.3589885187675
 51
180.0000001035886
  0
ARC
  5
4EA
330
4CC
100
AcDbEntity
  8
0
440
33554687
100
AcDbCircle
 10
-6.63845739837e-05
 20
-0.3695760302309168
 30
0.0
 40
0.1699336154918607
100
AcDbArc
 50
148.3810136048678
 51
180.0000001035886
  0
ARC
  5
4EB
330
4CC
100
AcDbEntity
  8
0
440
33554687
100
AcDbCircle
 10
-0.1362583747877579
 20
-0.2857279345633969
 30
0.0
 40
0.01
100
AcDbArc
 50
90.00000044194667
 51
148.3810136048678
  0
LINE
  5
4EC
330
4CC
100
AcDbEntity
  8
0
440
33554687
100
AcDbLine
 10
0.0001327689401478
 20
-0.7907279347667214
 30
0.0
 11
-1.491571e-10
 21
-0.7907279345965322
 31
0.0
  0
LINE
  5
4ED
330
4CC
100
AcDbEntity
  8
0
440
33554687
100
AcDbLine
 10
0.0001327689546997
 20
-0.781054084460493
 30
0.0
 11
-1.3506e-10
 21
-0.7810540842903038
 31
0.0
  0
LINE
  5
4EE
330
4CC
100
AcDbEntity
  8
0
440
33554687
100
AcDbLine
 10
-0.0431291873651389
 20
-0.2657279346382211
 30
0.0
 11
-0.0931291873366718
 21
-0.265727934767483
 31
0.0
  0
LINE
  5
4EF
330
4CC
100
AcDbEntity
  8
0
440
33554687
100
AcDbLine
 10
-0.0931291873366718
 20
-0.265727934767483
 30
0.0
 11
-0.0931291874521776
 21
-0.2757279343913979
 31
0.0
  0
LINE
  5
4F0
330
4CC
100
AcDbEntity
  8
0
440
33554687
100
AcDbLine
 10
-0.0931291874521776
 20
-0.2757279343913979
 30
0.0
 11
-0.0431291873424016
 21
-0.2757279347105737
 31
0.0
  0
LINE
  5
4F1
330
4CC
100
AcDbEntity
  8
0
440
33554687
100
AcDbLine
 10
-0.0431291873424016
 20
-0.2757279347105737
 30
0.0
 11
-0.0431291873651389
 21
-0.2657279346382211
 31
0.0
  0
LINE
  5
4F2
330
4CC
100
AcDbEntity
  8
0
440
33554687
100
AcDbLine
 10
-0.0681291873511327
 20
-0.265727934702852
 30
0.0
 11
-0.0681291873283954
 21
-0.2757279347752046
 31
0.0
  0
ARC
  5
4F3
330
4CC
100
AcDbEntity
  8
0
440
33554687
100
AcDbCircle
 10
0.2584928421588302
 20
-0.1972877159077484
 30
0.0
 40
0.1385614698479354
100
AcDbArc
 50
176.9851058303382
 51
193.1963600960688
  0
LINE
  5
4F4
330
4CC
100
AcDbEntity
  8
0
440
33554687
100
AcDbLine
 10
0.0431291873510418
 20
-0.2657279344388712
 30
0.0
 11
0.0931291874608178
 21
-0.265727934758047
 31
0.0
  0
LINE
  5
4F5
330
4CC
100
AcDbEntity
  8
0
440
33554687
100
AcDbLine
 10
0.0931291874608178
 20
-0.265727934758047
 30
0.0
 11
0.0931291872921065
 21
-0.2757279344058929
 31
0.0
  0
LINE
  5
4F6
330
4CC
100
AcDbEntity
  8
0
440
33554687
100
AcDbLine
 10
0.0931291872921065
 20
-0.2757279344058929
 30
0.0
 11
0.0431291873205737
 21
-0.2757279345351549
 31
0.0
  0
LINE
  5
4F7
330
4CC
100
AcDbEntity
  8
0
440
33554687
100
AcDbLine
 10
0.0431291873205737
 20
-0.2757279345351549
 30
0.0
 11
0.0431291873510418
 21
-0.2657279344388712
 31
0.0
  0
LINE
  5
4F8
330
4CC
100
AcDbEntity
  8
0
440
33554687
100
AcDbLine
 10
0.0681291872833754
 20
-0.2657279343981713
 30
0.0
 11
0.0681291873061127
 21
-0.2757279344705239
 31
0.0
  0
ENDBLK
  5
4CE
330
4CC
100
AcDbEntity
  8
0
100
AcDbBlockEnd
  0
BLOCK
  5
4FA
330
4F9
100
AcDbEntity
  8
0
100
AcDbBlockBegin
  2
WASH-03
 70
0
 10
0.0
 20
0.0
 30
0.0
  3
WASH-03
  1

  0
ARC
  5
4FC
330
4F9
100
AcDbEntity
  8
0
100
AcDbCircle
 10
0.0228337547833206
 20
-0.2950991286475926
 30
0.0
 40
0.2959812090083982
100
AcDbArc
 50
94.42453415918717
 51
176.8433293696029
  0
ELLIPSE
  5
4FD
330
4F9
100
AcDbEntity
  8
0
100
AcDbEllipse
 10
-1.98307199639e-05
 20
-0.2790554858382279
 30
0.0
 11
-0.2430378547474561
 21
0.0
 31
0.0
 40
0.6172892536518
 41
4.746987003582844
 42
10.96097626537296
  0
ELLIPSE
  5
4FE
330
4F9
100
AcDbEntity
  8
0
100
AcDbEllipse
 10
-3.6040248574e-05
 20
-0.2791102106512397
 30
0.0
 11
-0.2726626457294543
 21
5.47248130118e-05
 31
0.0
 40
0.6585723474293765
 41
4.746409027084477
 42
10.96170064875244
  0
ELLIPSE
  5
4FF
330
4F9
100
AcDbEntity
  8
0
440
33554687
100
AcDbEllipse
 10
-1.98307199639e-05
 20
-0.0599671194666485
 30
0.0
 11
0.0066705590415779
 21
-0.006670559038357
 31
0.0
 40
0.9999999999995214
 41
2.356194490192105
 42
8.63937979737169
  0
ELLIPSE
  5
500
330
4F9
100
AcDbEntity
  8
0
440
33554687
100
AcDbEllipse
 10
-1.98307677124e-05
 20
-0.1888981726507381
 30
0.0
 11
0.0108846291302182
 21
-0.0108846291249625
 31
0.0
210
0.0
220
0.0
230
0.9999999999999998
 40
0.9999999999993603
 41
2.356194490192025
 42
8.63937979737161
  0
LINE
  5
501
330
4F9
100
AcDbEntity
  8
0
440
33554687
100
AcDbLine
 10
0.0081061962321769
 20
-0.0272063839254315
 30
0.0
 11
0.0324148119778443
 21
-0.0693101416022159
 31
0.0
  0
LINE
  5
502
330
4F9
100
AcDbEntity
  8
0
440
33554687
100
AcDbLine
 10
0.0242887847783209
 20
-0.0833848334575009
 30
0.0
 11
-0.0243284464183375
 21
-0.0833848334539198
 31
0.0
  0
ARC
  5
503
330
4F9
100
AcDbEntity
  8
0
440
33554687
100
AcDbCircle
 10
0.0242887847933275
 20
-0.0740017054696978
 30
0.0
 40
0.0093831279756922
100
AcDbArc
 50
270.0000001906712
 51
30.00000006109563
  0
ARC
  5
504
330
4F9
100
AcDbEntity
  8
0
440
33554687
100
AcDbCircle
 10
-0.0243284465097418
 20
-0.0740017054183113
 30
0.0
 40
0.0093831279756922
100
AcDbArc
 50
150.0000000111065
 51
270.0000002685239
  0
LINE
  5
505
330
4F9
100
AcDbEntity
  8
0
440
33554687
100
AcDbLine
 10
-0.0324544736269559
 20
-0.069310141321921
 30
0.0
 11
-0.0081458578576417
 21
-0.0272063837923042
 31
0.0
  0
ARC
  5
506
330
4F9
100
AcDbEntity
  8
0
440
33554687
100
AcDbCircle
 10
-1.98307404276e-05
 20
-0.0318979478886377
 30
0.0
 40
0.0093831279756922
100
AcDbArc
 50
30.0000001172841
 51
150.0000000111065
  0
LWPOLYLINE
  5
507
330
4F9
100
AcDbEntity
  8
0
440
33554687
100
AcDbPolyline
 90
4
 70
0
 10
0.0114634041845534
 20
-0.0833848334176537
 42
0.0875478078916717
 10
0.0114634040872375
 20
-0.1576297134736819
 42
-1.0
 10
-0.0115030658363935
 20
-0.1576297130774265
 42
0.0875478080570882
 10
-0.0115030657390776
 20
-0.0833848330213982
  0
ARC
  5
508
330
4F9
100
AcDbEntity
  8
0
100
AcDbCircle
 10
-0.0228337547833206
 20
-0.2950991286475926
 30
0.0
 40
0.2959812090083982
100
AcDbArc
 50
3.156670630397111
 51
85.57546584081281
  0
ENDBLK
  5
4FB
330
4F9
100
AcDbEntity
  8
0
100
AcDbBlockEnd
  0
BLOCK
  5
50A
330
509
100
AcDbEntity
  8
0
100
AcDbBlockBegin
  2
*U1053
 70
1
 10
0.0
 20
0.0
 30
0.0
  3
*U1053
  1

  0
LWPOLYLINE
  5
50C
330
509
100
AcDbEntity
  8
0
  6
ByBlock
 62
0
100
AcDbPolyline
 90
11
 70
0
 10
1049.999999998137
 20
9.313226e-10
 10
1049.999999998137
 20
-100.0
 10
1079.999999998137
 20
-100.0
 10
1079.999999998137
 20
-120.0
 10
974.9999999972057
 20
-120.0
 10
974.9999999990685
 20
-30.0
 10
994.9999999990685
 20
-30.0
 10
994.9999999990682
 20
20.0
 10
1079.999999998137
 20
20.0
 10
1079.999999998137
 20
0.0
 10
1049.999999998137
 20
0.0
  0
LWPOLYLINE
  5
50D
330
509
100
AcDbEntity
  8
0
  6
ByBlock
 62
0
100
AcDbPolyline
 90
4
 70
1
 10
944.9999999990687
 20
19.99999999999977
 10
944.9999999990687
 20
959.9999999999995
 10
994.9999999990685
 20
959.9999999999995
 10
994.9999999990685
 20
19.99999999999977
  0
LWPOLYLINE
  5
50E
330
509
100
AcDbEntity
  8
0
  6
ByBlock
 62
0
100
AcDbPolyline
 90
11
 70
0
 10
0.0
 20
9.313226e-10
 10
0.0
 20
-100.0
 10
-30.0
 20
-100.0
 10
-30.0
 20
-120.0
 10
75.00000000093121
 20
-120.0
 10
74.99999999906856
 20
-30.0
 10
54.99999999906833
 20
-30.0
 10
54.99999999906868
 20
20.0
 10
-30.0
 20
20.00000000000001
 10
-30.0
 20
1.42e-14
 10
0.0
 20
0.0
  0
ARC
  5
50F
330
509
100
AcDbEntity
  8
0
  6
HIDDEN2
 62
0
100
AcDbCircle
 10
994.9999999990685
 20
19.99999999999977
 30
0.0
 40
939.9999999999995
100
AcDbArc
 50
90.0
 51
180.0
  0
ENDBLK
  5
50B
330
509
100
AcDbEntity
  8
0
100
AcDbBlockEnd
  0
BLOCK
  5
511
330
510
100
AcDbEntity
  8
0
100
AcDbBlockBegin
  2
SYMB_1G1W-SWITCH
 70
0
 10
0.0
 20
0.0
 30
0.0
  3
SYMB_1G1W-SWITCH
  1

  0
HATCH
  5
513
330
510
100
AcDbEntity
  8
0
 62
0
100
AcDbHatch
 10
0.0
 20
0.0
 30
0.0
210
0.0
220
0.0
230
1.0
  2
SOLID
 70
1
 71
0
 91
1
 92
1
 93
1
 72
2
 10
0.0
 20
40.0
 40
40.0
 50
0.0
 51
360.0
 73
1
 97
1
330
C92C01
 75
1
 76
1
 98
1
 10
-44421776.80688362
 20
-5657472.545270169
450
0
451
0
460
0.0
461
0.0
452
0
462
1.0
453
2
463
0
 63
5
421
255
463
1
 63
2
421
16776960
470
LINEAR
  0
CIRCLE
  5
514
330
510
100
AcDbEntity
  8
0
 62
0
100
AcDbCircle
 10
0.0
 20
40.0
 30
0.0
 40
40.0
  0
LWPOLYLINE
  5
515
330
510
100
AcDbEntity
  8
0
 62
0
100
AcDbPolyline
 90
3
 70
0
 10
0.0
 20
40.0
 10
75.0
 20
169.9038105662912
 10
118.3012701869011
 20
144.9038105662912
  0
ENDBLK
  5
512
330
510
100
AcDbEntity
  8
0
100
AcDbBlockEnd
  0
BLOCK
  5
517
330
516
100
AcDbEntity
  8
0
100
AcDbBlockBegin
  2
SYMB_OUTLET
 70
0
 10
0.0
 20
0.0
 30
0.0
  3
SYMB_OUTLET
  1

  0
ARC
  5
519
330
516
100
AcDbEntity
  8
0
 62
0
100
AcDbCircle
 10
0.0
 20
0.0
 30
0.0
 40
75.0
100
AcDbArc
 50
180.0192322822746
 51
0.019232282274618
  0
LINE
  5
51A
330
516
100
AcDbEntity
  8
0
 62
0
100
AcDbLine
 10
0.0
 20
0.0
 30
0.0
 11
0.0453149985987693
 21
-134.999992394587
 31
0.0
  0
LINE
  5
51B
330
516
100
AcDbEntity
  8
0
 62
0
100
AcDbLine
 10
74.9999957747641
 20
0.0251749992603436
 30
0.0
 11
-74.99999577482231
 21
-0.0251749992603436
 31
0.0
  0
ENDBLK
  5
518
330
516
100
AcDbEntity
  8
0
100
AcDbBlockEnd
  0
BLOCK
  5
51D
330
51C
100
AcDbEntity
  8
0
100
AcDbBlockBegin
  2
ELE-DP
 70
0
 10
0.0
 20
0.0
 30
0.0
  3
ELE-DP
  1

  0
HATCH
  5
51F
330
51C
100
AcDbEntity
  8
0
100
AcDbHatch
 10
0.0
 20
0.0
 30
6.49859599e-08
210
0.0
220
0.0
230
1.0
  2
SOLID
 70
1
 71
0
 91
1
 92
1
 93
5
 72
1
 10
-117.6470588235297
 20
-111.7647058823531
 11
117.6470588235297
 21
0.0
 72
1
 10
117.6470588235297
 20
0.0
 11
117.6470588235297
 21
-100.0
 72
1
 10
117.6470588235297
 20
-100.0
 11
147.0588235294144
 21
-100.0
 72
1
 10
147.0588235294144
 20
-100.0
 11
147.0588235294144
 21
-111.7647058823531
 72
1
 10
147.0588235294144
 20
-111.7647058823531
 11
-117.6470588235297
 21
-111.7647058823531
 97
0
 75
1
 76
1
 98
1
 10
45.71991727702879
 20
-69.70588235294053
450
0
451
0
460
0.0
461
0.0
452
0
462
0.0
453
0
470

  0
LWPOLYLINE
  5
520
330
51C
100
AcDbEntity
  8
0
  6
ByBlock
 62
0
370
-2
100
AcDbPolyline
 90
7
 70
0
 10
117.6470588235297
 20
-100.0
 10
117.6470588235297
 20
0.0
 10
-117.6470588235297
 20
0.0
 10
-117.6470588235297
 20
-111.7647058823531
 10
147.0588235294144
 20
-111.7647058823531
 10
147.0588235294144
 20
-100.0
 10
117.6470588235297
 20
-100.0
  0
LINE
  5
521
330
51C
100
AcDbEntity
  8
0
  6
ByBlock
 62
0
370
-2
100
AcDbLine
 10
-117.6470588235297
 20
-111.7647058823531
 30
0.0
 11
117.6470588235297
 21
0.0
 31
0.0
  0
HATCH
  5
522
330
51C
100
AcDbEntity
  8
0
100
AcDbHatch
 10
0.0
 20
0.0
 30
6.49859599e-08
210
0.0
220
0.0
230
1.0
  2
SOLID
 70
1
 71
0
 91
1
 92
7
 72
0
 73
1
 93
4
 10
-117.6470588235297
 20
-100.0
 10
-117.6470588235297
 20
-111.7647058823531
 10
-147.0588235294108
 20
-111.7647058823531
 10
-147.0588235294108
 20
-100.0
 97
0
 75
1
 76
1
 47
0.7791551179311491
 98
1
 10
-130.1624356641459
 20
-105.5882352941171
450
0
451
0
460
0.0
461
0.0
452
0
462
0.0
453
0
470

  0
LWPOLYLINE
  5
523
330
51C
100
AcDbEntity
  8
0
100
AcDbPolyline
 90
4
 70
1
 10
-117.6470588235297
 20
-100.0
 10
-147.0588235294108
 20
-100.0
 10
-147.0588235294108
 20
-111.7647058823531
 10
-117.6470588235297
 20
-111.7647058823531
  0
ENDBLK
  5
51E
330
51C
100
AcDbEntity
  8
0
100
AcDbBlockEnd
  0
BLOCK
  5
525
330
524
100
AcDbEntity
  8
0
100
AcDbBlockBegin
  2
WIN 1000
 70
0
 10
0.0
 20
0.0
 30
0.0
  3
WIN 1000
  1

  0
LWPOLYLINE
  5
527
330
524
100
AcDbEntity
  8
0
100
AcDbPolyline
 90
4
 70
1
 10
0.0
 20
0.0
 10
0.0700000000001637
 20
0.0
 10
0.0700000000001637
 20
0.0300000000002001
 10
0.0
 20
0.0300000000002001
  0
LWPOLYLINE
  5
528
330
524
100
AcDbEntity
  8
0
100
AcDbPolyline
 90
4
 70
1
 10
0.930000000000291
 20
-0.0300000000002001
 10
1.000000000000454
 20
-0.0300000000002001
 10
1.000000000000454
 20
0.0
 10
0.930000000000291
 20
0.0
  0
LINE
  5
529
330
524
100
AcDbEntity
  8
0
100
AcDbLine
 10
0.930000000000291
 20
0.0
 30
0.0
 11
0.0700000000001637
 21
0.0
 31
0.0
  0
LWPOLYLINE
  5
52A
330
524
100
AcDbEntity
  8
0
100
AcDbPolyline
 90
4
 70
1
 10
0.4650000000001456
 20
0.0
 10
0.535000000000764
 20
0.0
 10
0.535000000000764
 20
0.0300000000002001
 10
0.4650000000001456
 20
0.0300000000002001
  0
LWPOLYLINE
  5
52B
330
524
100
AcDbEntity
  8
0
100
AcDbPolyline
 90
4
 70
1
 10
0.4650000000001456
 20
-0.0300000000002001
 10
0.535000000000764
 20
-0.0300000000002001
 10
0.535000000000764
 20
0.0
 10
0.4650000000001456
 20
0.0
  0
LWPOLYLINE
  5
52C
330
524
100
AcDbEntity
  8
0
100
AcDbPolyline
 90
4
 70
1
 10
0.5175000000008368
 20
-0.0175636566286812
 10
0.9475000000002182
 20
-0.0175636566286812
 10
0.9475000000002182
 20
-0.0124363433715189
 10
0.5175000000008368
 20
-0.0124363433715189
  0
LINE
  5
52D
330
524
100
AcDbEntity
  8
0
100
AcDbLine
 10
0.930000000000291
 20
-0.0300000000002001
 30
0.0
 11
0.535000000000764
 21
-0.0300000000002001
 31
0.0
  0
LWPOLYLINE
  5
52E
330
524
100
AcDbEntity
  8
0
100
AcDbPolyline
 90
4
 70
1
 10
0.0525000000002365
 20
0.0124363433715189
 10
0.4825000000000728
 20
0.0124363433715189
 10
0.4825000000000728
 20
0.0175636566286812
 10
0.0525000000002365
 20
0.0175636566286812
  0
LINE
  5
52F
330
524
100
AcDbEntity
  8
0
100
AcDbLine
 10
0.4650000000001456
 20
0.0300000000002001
 30
0.0
 11
0.0700000000001637
 21
0.0300000000002001
 31
0.0
  0
ENDBLK
  5
526
330
524
100
AcDbEntity
  8
0
100
AcDbBlockEnd
  0
BLOCK
  5
531
330
530
100
AcDbEntity
  8
0
100
AcDbBlockBegin
  2
*U1043
 70
1
 10
0.0
 20
0.0
 30
0.0
  3
*U1043
  1

  0
LWPOLYLINE
  5
533
330
530
100
AcDbEntity
  8
0
  6
ByBlock
 62
0
100
AcDbPolyline
 90
11
 70
0
 10
0.0
 20
9.313226e-10
 10
0.0
 20
-100.0
 10
-30.00000000000023
 20
-100.0
 10
-30.00000000000023
 20
-120.0
 10
75.00000000093132
 20
-120.0
 10
74.99999999906868
 20
-30.0
 10
54.99999999906868
 20
-30.0
 10
54.9999999990689
 20
20.0
 10
-30.0
 20
20.0
 10
-30.00000000000023
 20
0.0
 10
0.0
 20
0.0
  0
LWPOLYLINE
  5
534
330
530
100
AcDbEntity
  8
0
  6
ByBlock
 62
0
100
AcDbPolyline
 90
4
 70
1
 10
104.9999999990684
 20
19.99999999999977
 10
104.9999999990684
 20
959.9999999999995
 10
54.99999999906879
 20
959.9999999999995
 10
54.99999999906868
 20
19.99999999999977
  0
LWPOLYLINE
  5
535
330
530
100
AcDbEntity
  8
0
  6
ByBlock
 62
0
100
AcDbPolyline
 90
11
 70
0
 10
1049.999999998137
 20
9.313226e-10
 10
1049.999999998137
 20
-100.0
 10
1079.999999998137
 20
-100.0
 10
1079.999999998137
 20
-120.0
 10
974.9999999972059
 20
-120.0
 10
974.9999999990686
 20
-30.0
 10
994.9999999990687
 20
-30.0
 10
994.9999999990685
 20
20.0
 10
1079.999999998137
 20
20.00000000000001
 10
1079.999999998137
 20
1.42e-14
 10
1049.999999998137
 20
0.0
  0
ARC
  5
536
330
530
100
AcDbEntity
  8
0
  6
HIDDEN2
 62
0
100
AcDbCircle
 10
54.99999999906868
 20
19.99999999999977
 30
0.0
 40
939.9999999999995
100
AcDbArc
 50
7e-15
 51
90.0
  0
ENDBLK
  5
532
330
530
100
AcDbEntity
  8
0
100
AcDbBlockEnd
  0
BLOCK
  5
538
330
537
100
AcDbEntity
  8
0
100
AcDbBlockBegin
  2
214
 70
0
 10
0.0
 20
0.0
 30
0.0
  3
214
  1

  0
LINE
  5
53A
330
537
100
AcDbEntity
  8
0
100
AcDbLine
 10
976173.5785479642
 20
74286.41771975406
 30
-2.7285e-12
 11
975773.578547967
 21
74286.41771975983
 31
0.0
  0
LINE
  5
53B
330
537
100
AcDbEntity
  8
0
100
AcDbLine
 10
975773.578547967
 20
74286.41771975983
 30
0.0
 11
975773.5785479615
 21
73886.41771975966
 31
0.0
  0
LINE
  5
53C
330
537
100
AcDbEntity
  8
0
100
AcDbLine
 10
975773.5785479615
 20
73886.41771975966
 30
0.0
 11
976173.5785479586
 21
73886.41771975406
 31
4.5475e-12
  0
LINE
  5
53D
330
537
100
AcDbEntity
  8
0
100
AcDbLine
 10
976173.5785479586
 20
73886.41771975406
 30
4.5475e-12
 11
976173.5785479642
 21
74286.41771975406
 31
-2.7285e-12
  0
LINE
  5
53E
330
537
100
AcDbEntity
  8
0
 62
0
370
5
100
AcDbLine
 10
975960.0785479634
 20
74156.41771975663
 30
-1.18234e-11
 11
975960.0785479634
 21
74129.41771975657
 31
-2.7285e-12
  0
LINE
  5
53F
330
537
100
AcDbEntity
  8
0
 62
0
370
5
100
AcDbLine
 10
975960.0785479634
 20
74129.41771975657
 30
-2.7285e-12
 11
975987.0785479632
 21
74129.41771975617
 31
-1.00044e-11
  0
LINE
  5
540
330
537
100
AcDbEntity
  8
0
 62
0
370
5
100
AcDbLine
 10
975987.0785479632
 20
74129.41771975617
 30
-1.00044e-11
 11
975987.0785479634
 21
74156.41771975638
 31
0.0
  0
LINE
  5
541
330
537
100
AcDbEntity
  8
0
 62
0
370
5
100
AcDbLine
 10
975987.0785479634
 20
74156.41771975638
 30
0.0
 11
975960.0785479634
 21
74156.41771975663
 31
-1.18234e-11
  0
LINE
  5
542
330
537
100
AcDbEntity
  8
0
 62
0
370
5
100
AcDbLine
 10
975977.5785479632
 20
74129.41771975638
 30
0.0
 11
975977.5785479625
 21
74043.41771975686
 31
6.3665e-12
  0
LINE
  5
543
330
537
100
AcDbEntity
  8
0
 62
0
370
5
100
AcDbLine
 10
975969.5785479632
 20
74129.41771975638
 30
-1.00044e-11
 11
975969.5785479626
 21
74043.41771975733
 31
7.276e-12
  0
LINE
  5
544
330
537
100
AcDbEntity
  8
0
370
0
 48
0.5
100
AcDbLine
 10
975973.5785479638
 20
74166.11304627481
 30
-7.9554e-12
 11
975973.5785479622
 21
74006.7223932381
 31
7.9554e-12
  0
LINE
  5
545
330
537
100
AcDbEntity
  8
0
 62
3
370
5
100
AcDbLine
 10
975973.5785479634
 20
74156.41771975638
 30
-6.3665e-12
 11
975973.5785479634
 21
74129.41771975638
 31
-8.1855e-12
  0
LINE
  5
546
330
537
100
AcDbEntity
  8
0
 62
3
370
5
100
AcDbLine
 10
975969.578547963
 20
74086.41771975651
 30
-3.1832e-12
 11
975977.5785479627
 21
74086.41771975622
 31
4.0927e-12
  0
LINE
  5
547
330
537
100
AcDbEntity
  8
0
 62
0
370
5
100
AcDbLine
 10
975960.0785479593
 20
74016.4177197578
 30
5.457e-12
 11
975960.0785479607
 21
74043.41771975801
 31
2.7285e-12
  0
LINE
  5
548
330
537
100
AcDbEntity
  8
0
 62
0
370
5
100
AcDbLine
 10
975960.0785479607
 20
74043.41771975801
 30
2.7285e-12
 11
975987.0785479606
 21
74043.4177197564
 31
1.819e-12
  0
LINE
  5
549
330
537
100
AcDbEntity
  8
0
 62
0
370
5
100
AcDbLine
 10
975987.0785479606
 20
74043.4177197564
 30
1.819e-12
 11
975987.0785479591
 21
74016.4177197564
 31
0.0
  0
LINE
  5
54A
330
537
100
AcDbEntity
  8
0
 62
0
370
5
100
AcDbLine
 10
975987.0785479591
 20
74016.4177197564
 30
0.0
 11
975960.0785479593
 21
74016.4177197578
 31
5.457e-12
  0
LINE
  5
54B
330
537
100
AcDbEntity
  8
0
 62
3
370
5
100
AcDbLine
 10
975973.5785479591
 20
74016.41771975733
 30
0.0
 11
975973.5785479605
 21
74043.41771975733
 31
9.0949e-12
  0
LINE
  5
54C
330
537
100
AcDbEntity
  8
0
 48
5.0
100
AcDbLine
 10
976173.5785479629
 20
74200.99851244132
 30
-1.819e-12
 11
975773.5785479659
 21
74200.9985124468
 31
-1.819e-12
  0
LINE
  5
54D
330
537
100
AcDbEntity
  8
0
 48
5.0
100
AcDbLine
 10
976173.5785479629
 20
74195.99851244132
 30
-2.7285e-12
 11
975773.5785479656
 21
74195.9985124468
 31
-8.1855e-12
  0
LINE
  5
54E
330
537
100
AcDbEntity
  8
0
 48
5.0
100
AcDbLine
 10
976098.5785479626
 20
74261.41771975273
 30
-3.638e-12
 11
976098.5785479626
 21
74211.41771975273
 31
4.5475e-12
  0
LINE
  5
54F
330
537
100
AcDbEntity
  8
0
 48
5.0
100
AcDbLine
 10
976067.1696148495
 20
74261.41771975267
 30
2.7285e-12
 11
976067.1696148495
 21
74211.41771975273
 31
0.0
  0
LINE
  5
550
330
537
100
AcDbEntity
  8
0
 48
0.25
100
AcDbLine
 10
976098.5785479626
 20
74248.62942296077
 30
2.7285e-12
 11
976067.1696148495
 21
74248.62942296077
 31
-3.638e-12
  0
LINE
  5
551
330
537
100
AcDbEntity
  8
0
 48
0.25
100
AcDbLine
 10
976098.5785479626
 20
74224.40124766223
 30
9.095e-13
 11
976067.1696148495
 21
74224.40124766223
 31
4.5475e-12
  0
LINE
  5
552
330
537
100
AcDbEntity
  8
0
 48
5.0
100
AcDbLine
 10
975848.5785479685
 20
74261.41771975273
 30
-9.095e-13
 11
975848.5785479685
 21
74211.41771975273
 31
9.0949e-12
  0
LINE
  5
553
330
537
100
AcDbEntity
  8
0
 48
5.0
100
AcDbLine
 10
975879.9874810817
 20
74261.41771975273
 30
3.638e-12
 11
975879.9874810817
 21
74211.41771975273
 31
8.1855e-12
  0
LINE
  5
554
330
537
100
AcDbEntity
  8
0
 48
0.25
100
AcDbLine
 10
975848.5785479685
 20
74248.62942296077
 30
0.0
 11
975879.9874810817
 21
74248.62942296077
 31
2.7285e-12
  0
LINE
  5
555
330
537
100
AcDbEntity
  8
0
 48
0.25
100
AcDbLine
 10
975848.5785479685
 20
74224.40124766223
 30
2.7285e-12
 11
975879.9874810817
 21
74224.40124766223
 31
3.638e-12
  0
LINE
  5
556
330
537
100
AcDbEntity
  8
0
 48
5.0
100
AcDbLine
 10
975848.5785479685
 20
74261.41771975273
 30
-9.095e-13
 11
975879.9874810817
 21
74261.41771975267
 31
3.638e-12
  0
LINE
  5
557
330
537
100
AcDbEntity
  8
0
 48
5.0
100
AcDbLine
 10
975848.5785479685
 20
74211.41771975273
 30
8.1855e-12
 11
975879.9874810817
 21
74211.41771975273
 31
7.276e-12
  0
LINE
  5
558
330
537
100
AcDbEntity
  8
0
 48
5.0
100
AcDbLine
 10
976067.1696148495
 20
74261.41771975267
 30
-1.819e-12
 11
976098.5785479626
 21
74261.41771975267
 31
-2.7285e-12
  0
LINE
  5
559
330
537
100
AcDbEntity
  8
0
 48
5.0
100
AcDbLine
 10
976067.1696148495
 20
74211.41771975267
 30
4.5475e-12
 11
976098.5785479626
 21
74211.41771975267
 31
2.7285e-12
  0
CIRCLE
  5
55A
330
537
100
AcDbEntity
  8
0
100
AcDbCircle
 10
976133.5785479641
 20
74246.41771975454
 30
2.7285e-12
 40
12.0
  0
CIRCLE
  5
55B
330
537
100
AcDbEntity
  8
0
100
AcDbCircle
 10
976133.5785479641
 20
73926.4177197543
 30
2.7285e-12
 40
12.0
  0
CIRCLE
  5
55C
330
537
100
AcDbEntity
  8
0
100
AcDbCircle
 10
975813.5785479572
 20
74246.41771975454
 30
2.7285e-12
 40
12.0
  0
CIRCLE
  5
55D
330
537
100
AcDbEntity
  8
0
100
AcDbCircle
 10
975813.5785479572
 20
73926.4177197543
 30
2.7285e-12
 40
12.0
  0
LWPOLYLINE
  5
55E
330
537
100
AcDbEntity
  8
0
100
AcDbPolyline
 90
16
 70
1
 10
975947.0863585564
 20
73987.91771975638
 42
-0.487892829936431
 10
975945.1460178784
 20
73990.40256824126
 42
0.6202045365401219
 10
975925.3664267506
 20
74007.24519780956
 42
-0.538443640861249
 10
975922.5785479628
 20
74009.08347064457
 10
975922.5785479628
 20
74163.75196886834
 42
-0.5384436408612499
 10
975925.3664267506
 20
74165.59024170323
 42
0.6202045365401134
 10
975945.1460178784
 20
74182.43287127154
 42
-0.4878928299364763
 10
975947.0863585564
 20
74184.9177197564
 10
976000.0707373691
 20
74184.9177197564
 42
-0.4878928299364655
 10
976002.0110780473
 20
74182.43287127154
 42
0.6202045365401223
 10
976021.790669175
 20
74165.59024170323
 42
-0.5384436408612494
 10
976024.5785479627
 20
74163.75196886834
 10
976024.5785479627
 20
74009.08347064457
 42
-0.5384436408612573
 10
976021.790669175
 20
74007.24519780956
 42
0.6202045365401165
 10
976002.0110780473
 20
73990.40256824126
 42
-0.4878928299364775
 10
976000.0707373691
 20
73987.91771975638
  0
LWPOLYLINE
  5
55F
330
537
100
AcDbEntity
  8
0
100
AcDbPolyline
 90
20
 70
1
 10
975931.0785479627
 20
73979.4177197564
 10
976016.0785479627
 20
73979.4177197564
 42
0.2287874586849711
 10
976027.4337757202
 20
73984.90058037758
 42
1.0
 10
976023.1266203639
 20
73988.3208746248
 42
-3.332614608394066
 10
976023.9985479628
 20
73998.19248290782
 42
0.7787756699388375
 10
976030.5785479628
 20
73999.8548908
 10
976030.5785479628
 20
74172.98054871292
 42
0.7787756699388242
 10
976023.9985479628
 20
74174.6429566051
 42
-3.332614608394174
 10
976023.1266203639
 20
74184.51456488812
 42
1.0
 10
976027.4337757202
 20
74187.93485913522
 42
0.2287874586849738
 10
976016.0785479627
 20
74193.4177197564
 10
975931.0785479627
 20
74193.4177197564
 42
0.2287874586849696
 10
975919.7233202053
 20
74187.93485913522
 42
1.0
 10
975924.0304755616
 20
74184.51456488812
 42
-3.332614608394095
 10
975923.1585479628
 20
74174.6429566051
 42
0.7787756699388354
 10
975916.5785479629
 20
74172.98054871292
 10
975916.5785479629
 20
73999.8548908
 42
0.7787756699388404
 10
975923.1585479628
 20
73998.19248290782
 42
-3.332614608394179
 10
975924.0304755616
 20
73988.3208746248
 42
1.0
 10
975919.7233202053
 20
73984.90058037758
 42
0.2287874586849711
  0
LINE
  5
560
330
537
100
AcDbEntity
  8
0
 48
5.0
100
AcDbLine
 10
976098.5785479626
 20
73936.4177197554
 30
-3.638e-12
 11
976098.5785479626
 21
73986.4177197554
 31
4.5475e-12
  0
LINE
  5
561
330
537
100
AcDbEntity
  8
0
 48
5.0
100
AcDbLine
 10
976067.1696148495
 20
73936.41771975547
 30
2.7285e-12
 11
976067.1696148495
 21
73986.4177197554
 31
0.0
  0
LINE
  5
562
330
537
100
AcDbEntity
  8
0
 48
0.25
100
AcDbLine
 10
976098.5785479626
 20
73949.20601654737
 30
2.7285e-12
 11
976067.1696148495
 21
73949.20601654737
 31
-3.638e-12
  0
LINE
  5
563
330
537
100
AcDbEntity
  8
0
 48
0.25
100
AcDbLine
 10
976098.5785479626
 20
73973.43419184591
 30
9.095e-13
 11
976067.1696148495
 21
73973.43419184591
 31
4.5475e-12
  0
LINE
  5
564
330
537
100
AcDbEntity
  8
0
 48
5.0
100
AcDbLine
 10
975848.5785479685
 20
73936.4177197554
 30
-9.095e-13
 11
975848.5785479685
 21
73986.4177197554
 31
9.0949e-12
  0
LINE
  5
565
330
537
100
AcDbEntity
  8
0
 48
5.0
100
AcDbLine
 10
975879.9874810817
 20
73936.4177197554
 30
3.638e-12
 11
975879.9874810817
 21
73986.4177197554
 31
8.1855e-12
  0
LINE
  5
566
330
537
100
AcDbEntity
  8
0
 48
0.25
100
AcDbLine
 10
975848.5785479685
 20
73949.20601654737
 30
0.0
 11
975879.9874810817
 21
73949.20601654737
 31
2.7285e-12
  0
LINE
  5
567
330
537
100
AcDbEntity
  8
0
 48
0.25
100
AcDbLine
 10
975848.5785479685
 20
73973.43419184591
 30
2.7285e-12
 11
975879.9874810817
 21
73973.43419184591
 31
3.638e-12
  0
LINE
  5
568
330
537
100
AcDbEntity
  8
0
 48
5.0
100
AcDbLine
 10
975848.5785479685
 20
73936.4177197554
 30
-9.095e-13
 11
975879.9874810817
 21
73936.41771975547
 31
3.638e-12
  0
LINE
  5
569
330
537
100
AcDbEntity
  8
0
 48
5.0
100
AcDbLine
 10
975848.5785479685
 20
73986.4177197554
 30
8.1855e-12
 11
975879.9874810817
 21
73986.4177197554
 31
7.276e-12
  0
LINE
  5
56A
330
537
100
AcDbEntity
  8
0
 48
5.0
100
AcDbLine
 10
976067.1696148495
 20
73936.41771975547
 30
-1.819e-12
 11
976098.5785479626
 21
73936.41771975547
 31
-2.7285e-12
  0
LINE
  5
56B
330
537
100
AcDbEntity
  8
0
 48
5.0
100
AcDbLine
 10
976067.1696148495
 20
73986.41771975547
 30
4.5475e-12
 11
976098.5785479626
 21
73986.41771975547
 31
2.7285e-12
  0
LINE
  5
56C
330
537
100
AcDbEntity
  8
0
 48
0.1
100
AcDbLine
 10
976148.4980125509
 20
74246.4177197543
 30
6.7509e-12
 11
976118.6590833771
 21
74246.41771975477
 31
-1.294e-12
  0
LINE
  5
56D
330
537
100
AcDbEntity
  8
0
 48
0.1
100
AcDbLine
 10
976133.5785479638
 20
74231.4982551676
 30
2.2342e-12
 11
976133.5785479645
 21
74261.33718434146
 31
5.9513e-12
  0
LINE
  5
56E
330
537
100
AcDbEntity
  8
0
 48
0.1
100
AcDbLine
 10
976148.4980125509
 20
73926.41771975407
 30
6.7509e-12
 11
976118.6590833771
 21
73926.41771975454
 31
-1.294e-12
  0
LINE
  5
56F
330
537
100
AcDbEntity
  8
0
 48
0.1
100
AcDbLine
 10
976133.5785479638
 20
73911.49825516736
 30
2.2342e-12
 11
976133.5785479645
 21
73941.33718434125
 31
5.9513e-12
  0
LINE
  5
570
330
537
100
AcDbEntity
  8
0
 48
0.1
100
AcDbLine
 10
975828.4980125441
 20
74246.4177197543
 30
6.7509e-12
 11
975798.6590833702
 21
74246.41771975477
 31
-1.294e-12
  0
LINE
  5
571
330
537
100
AcDbEntity
  8
0
 48
0.1
100
AcDbLine
 10
975813.5785479568
 20
74231.4982551676
 30
2.2342e-12
 11
975813.5785479574
 21
74261.33718434146
 31
5.9513e-12
  0
LINE
  5
572
330
537
100
AcDbEntity
  8
0
 48
0.1
100
AcDbLine
 10
975828.4980125441
 20
73926.41771975407
 30
6.7509e-12
 11
975798.6590833702
 21
73926.41771975454
 31
-1.294e-12
  0
LINE
  5
573
330
537
100
AcDbEntity
  8
0
 48
0.1
100
AcDbLine
 10
975813.5785479568
 20
73911.49825516736
 30
2.2342e-12
 11
975813.5785479574
 21
73941.33718434125
 31
5.9513e-12
  0
CIRCLE
  5
574
330
537
100
AcDbEntity
  8
0
100
AcDbCircle
 10
975973.5785479655
 20
74246.41771975454
 30
-1.3642e-12
 40
12.0
  0
CIRCLE
  5
575
330
537
100
AcDbEntity
  8
0
100
AcDbCircle
 10
975973.5785479655
 20
73926.4177197543
 30
-1.3642e-12
 40
12.0
  0
LINE
  5
576
330
537
100
AcDbEntity
  8
0
 48
0.1
100
AcDbLine
 10
975988.4980125526
 20
74246.4177197543
 30
2.6582e-12
 11
975958.6590833787
 21
74246.41771975477
 31
-5.3867e-12
  0
LINE
  5
577
330
537
100
AcDbEntity
  8
0
 48
0.1
100
AcDbLine
 10
975973.5785479653
 20
74231.4982551676
 30
-1.8586e-12
 11
975973.5785479659
 21
74261.33718434146
 31
1.8586e-12
  0
LINE
  5
578
330
537
100
AcDbEntity
  8
0
 48
0.1
100
AcDbLine
 10
975988.4980125526
 20
73926.41771975407
 30
2.6582e-12
 11
975958.6590833787
 21
73926.41771975454
 31
-5.3867e-12
  0
LINE
  5
579
330
537
100
AcDbEntity
  8
0
 48
0.1
100
AcDbLine
 10
975973.5785479653
 20
73911.49825516736
 30
-1.8586e-12
 11
975973.5785479659
 21
73941.33718434125
 31
1.8586e-12
  0
ENDBLK
  5
539
330
537
100
AcDbEntity
  8
0
100
AcDbBlockEnd
  0
BLOCK
  5
57B
330
57A
100
AcDbEntity
  8
0
100
AcDbBlockBegin
  2
*U1060
 70
1
 10
0.0
 20
0.0
 30
0.0
  3
*U1060
  1

  0
CIRCLE
  5
57D
330
57A
100
AcDbEntity
  8
0
100
AcDbCircle
 10
-249.9999999997672
 20
250.0
 30
0.0
 40
12.39995043887757
  0
LINE
  5
57E
330
57A
100
AcDbEntity
  8
0
100
AcDbLine
 10
-299.9999999997672
 20
300.0
 30
0.0
 11
300.0000000002328
 21
299.9999999999854
 31
0.0
  0
LINE
  5
57F
330
57A
100
AcDbEntity
  8
0
100
AcDbLine
 10
-299.9999999997672
 20
-300.0
 30
0.0
 11
-299.9999999997672
 21
300.0
 31
0.0
  0
LINE
  5
580
330
57A
100
AcDbEntity
  8
0
100
AcDbLine
 10
300.0000000002328
 20
-300.0000000000146
 30
0.0
 11
-299.9999999997672
 21
-300.0
 31
0.0
  0
LINE
  5
581
330
57A
100
AcDbEntity
  8
0
100
AcDbLine
 10
300.0000000002328
 20
299.9999999999854
 30
0.0
 11
300.0000000002328
 21
-300.0000000000146
 31
0.0
  0
CIRCLE
  5
582
330
57A
100
AcDbEntity
  8
0
100
AcDbCircle
 10
-249.9999999997672
 20
83.33333333332848
 30
0.0
 40
12.39995043887757
  0
CIRCLE
  5
583
330
57A
100
AcDbEntity
  8
0
100
AcDbCircle
 10
-249.9999999997672
 20
-250.0
 30
0.0
 40
12.39995043887757
  0
CIRCLE
  5
584
330
57A
100
AcDbEntity
  8
0
100
AcDbCircle
 10
-249.9999999997672
 20
-83.33333333334303
 30
0.0
 40
12.39995043887757
  0
CIRCLE
  5
585
330
57A
100
AcDbEntity
  8
0
100
AcDbCircle
 10
250.0000000002328
 20
249.9999999999854
 30
0.0
 40
12.39995043887757
  0
CIRCLE
  5
586
330
57A
100
AcDbEntity
  8
0
100
AcDbCircle
 10
250.0000000002328
 20
83.33333333332848
 30
0.0
 40
12.39995043887757
  0
CIRCLE
  5
587
330
57A
100
AcDbEntity
  8
0
100
AcDbCircle
 10
250.0000000002328
 20
-250.0000000000146
 30
0.0
 40
12.39995043887757
  0
CIRCLE
  5
588
330
57A
100
AcDbEntity
  8
0
100
AcDbCircle
 10
250.0000000002328
 20
-83.33333333334303
 30
0.0
 40
12.39995043887757
  0
LINE
  5
589
330
57A
100
AcDbEntity
  8
0
 62
7
100
AcDbLine
 10
42.99999999989687
 20
-43.00000000011768
 30
0.0
 11
42.99999999978535
 21
-89.50000000011767
 31
0.0
  0
LINE
  5
58A
330
57A
100
AcDbEntity
  8
0
 62
7
100
AcDbLine
 10
89.49999999989687
 20
-43.0000000002292
 30
0.0
 11
42.99999999989687
 21
-43.00000000011768
 31
0.0
  0
LINE
  5
58B
330
57A
100
AcDbEntity
  8
0
 62
7
100
AcDbLine
 10
89.50000000010311
 20
42.9999999997708
 30
0.0
 11
89.49999999989687
 21
-43.0000000002292
 31
0.0
  0
LINE
  5
58C
330
57A
100
AcDbEntity
  8
0
 62
7
100
AcDbLine
 10
43.00000000010313
 20
42.99999999988232
 30
0.0
 11
89.50000000010311
 21
42.9999999997708
 31
0.0
  0
LINE
  5
58D
330
57A
100
AcDbEntity
  8
0
 62
7
100
AcDbLine
 10
43.00000000021465
 20
89.49999999988232
 30
0.0
 11
43.00000000010313
 21
42.99999999988232
 31
0.0
  0
LINE
  5
58E
330
57A
100
AcDbEntity
  8
0
 62
7
100
AcDbLine
 10
-42.99999999978535
 20
89.50000000008858
 30
0.0
 11
43.00000000021465
 21
89.49999999988232
 31
0.0
  0
LINE
  5
58F
330
57A
100
AcDbEntity
  8
0
 62
7
100
AcDbLine
 10
-42.99999999989687
 20
43.00000000008857
 30
0.0
 11
-42.99999999978535
 21
89.50000000008858
 31
0.0
  0
LINE
  5
590
330
57A
100
AcDbEntity
  8
0
 62
7
100
AcDbLine
 10
-89.49999999989687
 20
43.00000000020009
 30
0.0
 11
-42.99999999989687
 21
43.00000000008857
 31
0.0
  0
LINE
  5
591
330
57A
100
AcDbEntity
  8
0
 62
7
100
AcDbLine
 10
-89.50000000010311
 20
-42.9999999997999
 30
0.0
 11
-89.49999999989687
 21
43.00000000020009
 31
0.0
  0
LINE
  5
592
330
57A
100
AcDbEntity
  8
0
 62
7
100
AcDbLine
 10
-43.00000000010313
 20
-42.99999999991142
 30
0.0
 11
-89.50000000010311
 21
-42.9999999997999
 31
0.0
  0
LINE
  5
593
330
57A
100
AcDbEntity
  8
0
 62
7
100
AcDbLine
 10
-43.00000000021465
 20
-89.49999999991142
 30
0.0
 11
-43.00000000010313
 21
-42.99999999991142
 31
0.0
  0
LINE
  5
594
330
57A
100
AcDbEntity
  8
0
 62
7
100
AcDbLine
 10
42.99999999978535
 20
-89.50000000011767
 30
0.0
 11
-43.00000000021465
 21
-89.49999999991142
 31
0.0
  0
LINE
  5
595
330
57A
100
AcDbEntity
  8
0
 62
7
100
AcDbLine
 10
28.64387677821727
 20
106.5000000000331
 30
0.0
 11
38.00000000025542
 21
106.5000000000107
 31
0.0
  0
LINE
  5
596
330
57A
100
AcDbEntity
  8
0
 62
7
100
AcDbLine
 10
28.64387677822927
 20
111.5000000000331
 30
0.0
 11
28.64387677821727
 21
106.5000000000331
 31
0.0
  0
LINE
  5
597
330
57A
100
AcDbEntity
  8
0
 62
7
100
AcDbLine
 10
43.00000000026741
 20
111.4999999999987
 30
0.0
 11
28.64387677822927
 21
111.5000000000331
 31
0.0
  0
LINE
  5
598
330
57A
100
AcDbEntity
  8
0
 62
7
100
AcDbLine
 10
43.00000000024081
 20
100.4087121146136
 30
0.0
 11
43.00000000026741
 21
111.4999999999987
 31
0.0
  0
ARC
  5
599
330
57A
100
AcDbEntity
  8
0
 62
7
100
AcDbCircle
 10
48.00000000024081
 20
100.4087121146016
 30
0.0
 40
5.000000000002929
100
AcDbArc
 50
179.9999999998625
 51
245.3756816507205
  0
ARC
  5
59A
330
57A
100
AcDbEntity
  8
0
 62
7
100
AcDbCircle
 10
43.00000000021465
 20
89.49999999994053
 30
0.0
 40
6.999999999994201
100
AcDbArc
 50
359.9999999998626
 51
65.37568165072048
  0
LINE
  5
59B
330
57A
100
AcDbEntity
  8
0
 62
7
100
AcDbLine
 10
50.00000000011992
 20
49.99999999998195
 30
0.0
 11
50.00000000021465
 21
89.49999999998197
 31
0.0
  0
LINE
  5
59C
330
57A
100
AcDbEntity
  8
0
 62
7
100
AcDbLine
 10
89.50000000011991
 20
49.9999999997708
 30
0.0
 11
50.00000000011992
 21
49.99999999992374
 31
0.0
  0
ARC
  5
59D
330
57A
100
AcDbEntity
  8
0
 62
7
100
AcDbCircle
 10
89.50000000010311
 20
42.9999999997708
 30
0.0
 40
6.999999999999951
100
AcDbArc
 50
24.6243183490047
 51
89.99999999986258
  0
ARC
  5
59E
330
57A
100
AcDbEntity
  8
0
 62
7
100
AcDbCircle
 10
100.4087121147882
 20
47.99999999974463
 30
0.0
 40
4.999999999999885
100
AcDbArc
 50
204.6243183490046
 51
269.9999999998626
  0
LINE
  5
59F
330
57A
100
AcDbEntity
  8
0
 62
7
100
AcDbLine
 10
111.5000000001031
 20
42.99999999971803
 30
0.0
 11
100.4087121147762
 21
42.99999999974463
 31
0.0
  0
LINE
  5
5A0
330
57A
100
AcDbEntity
  8
0
 62
7
100
AcDbLine
 10
111.5000000000687
 20
28.64387677767989
 30
0.0
 11
111.5000000001031
 21
42.99999999971803
 31
0.0
  0
LINE
  5
5A1
330
57A
100
AcDbEntity
  8
0
 62
7
100
AcDbLine
 10
106.5000000000687
 20
28.64387677769188
 30
0.0
 11
111.5000000000687
 21
28.64387677767989
 31
0.0
  0
LINE
  5
5A2
330
57A
100
AcDbEntity
  8
0
 62
7
100
AcDbLine
 10
106.5000000000911
 20
37.99999999973003
 30
0.0
 11
106.5000000000687
 21
28.64387677769188
 31
0.0
  0
LINE
  5
5A3
330
57A
100
AcDbEntity
  8
0
 62
7
100
AcDbLine
 10
96.50000000009113
 20
37.99999999975401
 30
0.0
 11
106.5000000000911
 21
37.99999999978824
 31
0.0
  0
LINE
  5
5A4
330
57A
100
AcDbEntity
  8
0
 62
7
100
AcDbLine
 10
96.49999999990887
 20
-38.00000000024599
 30
0.0
 11
96.50000000009113
 21
37.99999999975401
 31
0.0
  0
LINE
  5
5A5
330
57A
100
AcDbEntity
  8
0
 62
7
100
AcDbLine
 10
106.4999999999088
 20
-38.00000000026997
 30
0.0
 11
96.49999999990887
 21
-38.00000000024599
 31
0.0
  0
LINE
  5
5A6
330
57A
100
AcDbEntity
  8
0
 62
7
100
AcDbLine
 10
106.4999999999313
 20
-28.64387677823183
 30
0.0
 11
106.4999999999088
 21
-38.00000000026997
 31
0.0
  0
LINE
  5
5A7
330
57A
100
AcDbEntity
  8
0
 62
7
100
AcDbLine
 10
111.4999999999313
 20
-28.64387677824382
 30
0.0
 11
106.4999999999313
 21
-28.64387677823183
 31
0.0
  0
LINE
  5
5A8
330
57A
100
AcDbEntity
  8
0
 62
7
100
AcDbLine
 10
111.4999999998969
 20
-43.00000000028196
 30
0.0
 11
111.4999999999313
 21
-28.64387677824382
 31
0.0
  0
LINE
  5
5A9
330
57A
100
AcDbEntity
  8
0
 62
7
100
AcDbLine
 10
100.40871211457
 20
-43.00000000025536
 30
0.0
 11
111.4999999998969
 21
-43.00000000028196
 31
0.0
  0
ARC
  5
5AA
330
57A
100
AcDbEntity
  8
0
 62
7
100
AcDbCircle
 10
100.408712114558
 20
-48.00000000025536
 30
0.0
 40
4.999999999999891
100
AcDbArc
 50
89.99999999986258
 51
155.3756816507205
  0
ARC
  5
5AB
330
57A
100
AcDbEntity
  8
0
 62
7
100
AcDbCircle
 10
89.49999999989687
 20
-43.0000000002292
 30
0.0
 40
6.999999999999943
100
AcDbArc
 50
269.9999999998626
 51
335.3756816507204
  0
LINE
  5
5AC
330
57A
100
AcDbEntity
  8
0
 62
7
100
AcDbLine
 10
49.99999999988008
 20
-50.00000000013447
 30
0.0
 11
89.49999999988007
 21
-50.0000000002292
 31
0.0
  0
LINE
  5
5AD
330
57A
100
AcDbEntity
  8
0
 62
7
100
AcDbLine
 10
49.99999999978535
 20
-89.50000000013446
 30
0.0
 11
49.99999999988008
 21
-50.00000000013447
 31
0.0
  0
ARC
  5
5AE
330
57A
100
AcDbEntity
  8
0
 62
7
100
AcDbCircle
 10
42.99999999978535
 20
-89.50000000011767
 30
0.0
 40
6.9999999999942
100
AcDbArc
 50
294.6243183490047
 51
359.9999999998626
  0
ARC
  5
5AF
330
57A
100
AcDbEntity
  8
0
 62
7
100
AcDbCircle
 10
47.99999999975919
 20
-100.4087121148028
 30
0.0
 40
5.000000000002899
100
AcDbArc
 50
114.6243183490047
 51
179.9999999998625
  0
LINE
  5
5B0
330
57A
100
AcDbEntity
  8
0
 62
7
100
AcDbLine
 10
42.99999999973258
 20
-111.5000000001177
 30
0.0
 11
42.99999999975919
 21
-100.4087121147908
 31
0.0
  0
LINE
  5
5B1
330
57A
100
AcDbEntity
  8
0
 62
7
100
AcDbLine
 10
28.64387677769444
 20
-111.5000000000832
 30
0.0
 11
42.99999999973258
 21
-111.5000000001177
 31
0.0
  0
LINE
  5
5B2
330
57A
100
AcDbEntity
  8
0
 62
7
100
AcDbLine
 10
28.64387677770643
 20
-106.5000000000832
 30
0.0
 11
28.64387677769444
 21
-111.5000000000832
 31
0.0
  0
LINE
  5
5B3
330
57A
100
AcDbEntity
  8
0
 62
7
100
AcDbLine
 10
37.99999999974458
 20
-106.5000000001057
 30
0.0
 11
28.64387677770643
 21
-106.5000000000832
 31
0.0
  0
LINE
  5
5B4
330
57A
100
AcDbEntity
  8
0
 62
7
100
AcDbLine
 10
37.99999999976857
 20
-96.50000000010569
 30
0.0
 11
37.99999999974458
 21
-106.5000000001057
 31
0.0
  0
LINE
  5
5B5
330
57A
100
AcDbEntity
  8
0
 62
7
100
AcDbLine
 10
-38.00000000023144
 20
-96.499999999807
 30
0.0
 11
37.99999999976857
 21
-96.50000000010569
 31
0.0
  0
LINE
  5
5B6
330
57A
100
AcDbEntity
  8
0
 62
7
100
AcDbLine
 10
-38.00000000025542
 20
-106.4999999999234
 30
0.0
 11
-38.00000000023144
 21
-96.49999999992342
 31
0.0
  0
LINE
  5
5B7
330
57A
100
AcDbEntity
  8
0
 62
7
100
AcDbLine
 10
-28.64387677821727
 20
-106.4999999999458
 30
0.0
 11
-38.00000000025542
 21
-106.4999999999234
 31
0.0
  0
LINE
  5
5B8
330
57A
100
AcDbEntity
  8
0
 62
7
100
AcDbLine
 10
-28.64387677822927
 20
-111.4999999999458
 30
0.0
 11
-28.64387677821727
 21
-106.4999999999458
 31
0.0
  0
LINE
  5
5B9
330
57A
100
AcDbEntity
  8
0
 62
7
100
AcDbLine
 10
-43.00000000026741
 20
-111.4999999999114
 30
0.0
 11
-28.64387677822927
 21
-111.4999999999458
 31
0.0
  0
LINE
  5
5BA
330
57A
100
AcDbEntity
  8
0
 62
7
100
AcDbLine
 10
-43.00000000024081
 20
-100.4087121145845
 30
0.0
 11
-43.00000000026741
 21
-111.4999999999114
 31
0.0
  0
ARC
  5
5BB
330
57A
100
AcDbEntity
  8
0
 62
7
100
AcDbCircle
 10
-48.00000000024081
 20
-100.4087121145725
 30
0.0
 40
5.000000000002929
100
AcDbArc
 50
359.9999999998626
 51
65.37568165072048
  0
ARC
  5
5BC
330
57A
100
AcDbEntity
  8
0
 62
7
100
AcDbCircle
 10
-43.00000000021465
 20
-89.49999999991142
 30
0.0
 40
6.999999999994372
100
AcDbArc
 50
179.9999999998625
 51
245.3756816507205
  0
LINE
  5
5BD
330
57A
100
AcDbEntity
  8
0
 62
7
100
AcDbLine
 10
-50.00000000011992
 20
-49.99999999989463
 30
0.0
 11
-50.00000000021465
 21
-89.49999999989463
 31
0.0
  0
LINE
  5
5BE
330
57A
100
AcDbEntity
  8
0
 62
7
100
AcDbLine
 10
-89.50000000011991
 20
-49.99999999979991
 30
0.0
 11
-50.00000000011992
 21
-49.99999999989463
 31
0.0
  0
ARC
  5
5BF
330
57A
100
AcDbEntity
  8
0
 62
7
100
AcDbCircle
 10
-89.50000000010311
 20
-42.9999999997999
 30
0.0
 40
7.000000000000073
100
AcDbArc
 50
204.6243183490046
 51
269.9999999998626
  0
ARC
  5
5C0
330
57A
100
AcDbEntity
  8
0
 62
7
100
AcDbCircle
 10
-100.4087121147882
 20
-47.99999999977374
 30
0.0
 40
4.999999999999943
100
AcDbArc
 50
24.6243183490047
 51
89.99999999986258
  0
LINE
  5
5C1
330
57A
100
AcDbEntity
  8
0
 62
7
100
AcDbLine
 10
-111.5000000001031
 20
-42.99999999974714
 30
0.0
 11
-100.4087121147762
 21
-42.99999999977374
 31
0.0
  0
LINE
  5
5C2
330
57A
100
AcDbEntity
  8
0
 62
7
100
AcDbLine
 10
-111.5000000000687
 20
-28.64387677770899
 30
0.0
 11
-111.5000000001031
 21
-42.99999999974714
 31
0.0
  0
LINE
  5
5C3
330
57A
100
AcDbEntity
  8
0
 62
7
100
AcDbLine
 10
-106.5000000000687
 20
-28.64387677772098
 30
0.0
 11
-111.5000000000687
 21
-28.64387677770899
 31
0.0
  0
LINE
  5
5C4
330
57A
100
AcDbEntity
  8
0
 62
7
100
AcDbLine
 10
-106.5000000000911
 20
-37.99999999975913
 30
0.0
 11
-106.5000000000687
 21
-28.64387677772098
 31
0.0
  0
LINE
  5
5C5
330
57A
100
AcDbEntity
  8
0
 62
7
100
AcDbLine
 10
-96.50000000009113
 20
-37.99999999978311
 30
0.0
 11
-106.5000000000911
 21
-37.99999999975913
 31
0.0
  0
LINE
  5
5C6
330
57A
100
AcDbEntity
  8
0
 62
7
100
AcDbLine
 10
-96.49999999967604
 20
38.00000000021689
 30
0.0
 11
-96.50000000009113
 21
-37.99999999978311
 31
0.0
  0
LINE
  5
5C7
330
57A
100
AcDbEntity
  8
0
 62
7
100
AcDbLine
 10
-106.4999999999088
 20
38.00000000029907
 30
0.0
 11
-96.49999999990887
 21
38.00000000021689
 31
0.0
  0
LINE
  5
5C8
330
57A
100
AcDbEntity
  8
0
 62
7
100
AcDbLine
 10
-106.4999999999313
 20
28.64387677820272
 30
0.0
 11
-106.4999999999088
 21
38.00000000024087
 31
0.0
  0
LINE
  5
5C9
330
57A
100
AcDbEntity
  8
0
 62
7
100
AcDbLine
 10
-111.4999999999313
 20
28.64387677821471
 30
0.0
 11
-106.4999999999313
 21
28.64387677820272
 31
0.0
  0
LINE
  5
5CA
330
57A
100
AcDbEntity
  8
0
 62
7
100
AcDbLine
 10
-111.4999999998969
 20
43.00000000025286
 30
0.0
 11
-111.4999999999313
 21
28.64387677821471
 31
0.0
  0
LINE
  5
5CB
330
57A
100
AcDbEntity
  8
0
 62
7
100
AcDbLine
 10
-100.40871211457
 20
43.00000000022626
 30
0.0
 11
-111.4999999998969
 21
43.00000000025286
 31
0.0
  0
ARC
  5
5CC
330
57A
100
AcDbEntity
  8
0
 62
7
100
AcDbCircle
 10
-100.408712114558
 20
48.00000000022626
 30
0.0
 40
4.99999999999994
100
AcDbArc
 50
269.9999999998626
 51
335.3756816507204
  0
ARC
  5
5CD
330
57A
100
AcDbEntity
  8
0
 62
7
100
AcDbCircle
 10
-89.49999999989687
 20
43.00000000020009
 30
0.0
 40
7.000000000000055
100
AcDbArc
 50
89.99999999986258
 51
155.3756816507205
  0
LINE
  5
5CE
330
57A
100
AcDbEntity
  8
0
 62
7
100
AcDbLine
 10
-49.99999999988008
 20
50.00000000016357
 30
0.0
 11
-89.49999999988007
 21
50.00000000020009
 31
0.0
  0
LINE
  5
5CF
330
57A
100
AcDbEntity
  8
0
 62
7
100
AcDbLine
 10
-49.99999999978535
 20
89.50000000022177
 30
0.0
 11
-49.99999999988008
 21
50.00000000022178
 31
0.0
  0
ARC
  5
5D0
330
57A
100
AcDbEntity
  8
0
 62
7
100
AcDbCircle
 10
-42.99999999978535
 20
89.50000000014678
 30
0.0
 40
6.9999999999942
100
AcDbArc
 50
114.6243183490047
 51
179.9999999998625
  0
ARC
  5
5D1
330
57A
100
AcDbEntity
  8
0
 62
7
100
AcDbCircle
 10
-47.99999999975919
 20
100.4087121148319
 30
0.0
 40
5.000000000002899
100
AcDbArc
 50
294.6243183490047
 51
359.9999999998626
  0
LINE
  5
5D2
330
57A
100
AcDbEntity
  8
0
 62
7
100
AcDbLine
 10
-42.99999999973258
 20
111.500000000205
 30
0.0
 11
-42.99999999975919
 21
100.4087121148199
 31
0.0
  0
LINE
  5
5D3
330
57A
100
AcDbEntity
  8
0
 62
7
100
AcDbLine
 10
-28.64387677769444
 20
111.5000000001705
 30
0.0
 11
-42.99999999973258
 21
111.500000000205
 31
0.0
  0
LINE
  5
5D4
330
57A
100
AcDbEntity
  8
0
 62
7
100
AcDbLine
 10
-28.64387677770643
 20
106.5000000001705
 30
0.0
 11
-28.64387677769444
 21
111.5000000001705
 31
0.0
  0
LINE
  5
5D5
330
57A
100
AcDbEntity
  8
0
 62
7
100
AcDbLine
 10
-37.99999999974458
 20
106.500000000193
 30
0.0
 11
-28.64387677770643
 21
106.5000000001705
 31
0.0
  0
LINE
  5
5D6
330
57A
100
AcDbEntity
  8
0
 62
7
100
AcDbLine
 10
-37.99999999976857
 20
96.500000000193
 30
0.0
 11
-37.99999999974458
 21
106.500000000193
 31
0.0
  0
LINE
  5
5D7
330
57A
100
AcDbEntity
  8
0
 62
7
100
AcDbLine
 10
38.00000000023144
 20
96.50000000001073
 30
0.0
 11
-37.99999999976857
 21
96.50000000007658
 31
0.0
  0
LINE
  5
5D8
330
57A
100
AcDbEntity
  8
0
 62
7
100
AcDbLine
 10
38.00000000025542
 20
106.5000000000107
 30
0.0
 11
38.00000000023144
 21
96.50000000001073
 31
0.0
  0
ENDBLK
  5
57C
330
57A
100
AcDbEntity
  8
0
100
AcDbBlockEnd
  0
BLOCK
  5
5DA
330
5D9
100
AcDbEntity
  8
0
100
AcDbBlockBegin
  2
GD
 70
0
 10
0.0
 20
0.0
 30
0.0
  3
GD
  1

  0
CIRCLE
  5
5DC
330
5D9
100
AcDbEntity
  8
0
  6
194_PTB_STR_L0$0${ Chain Double-Dash }
100
AcDbCircle
 10
250.0
 20
-250.0
 30
0.0
 40
12.39995043887757
  0
LINE
  5
5DD
330
5D9
100
AcDbEntity
  8
0
  6
194_PTB_STR_L0$0${ Chain Double-Dash }
100
AcDbLine
 10
300.0
 20
-300.0
 30
0.0
 11
-300.0
 21
-299.9999999999709
 31
0.0
  0
LINE
  5
5DE
330
5D9
100
AcDbEntity
  8
0
  6
194_PTB_STR_L0$0${ Chain Double-Dash }
100
AcDbLine
 10
300.0
 20
300.0
 30
0.0
 11
300.0
 21
-300.0
 31
0.0
  0
LINE
  5
5DF
330
5D9
100
AcDbEntity
  8
0
  6
194_PTB_STR_L0$0${ Chain Double-Dash }
100
AcDbLine
 10
-300.0
 20
300.0000000000291
 30
0.0
 11
300.0
 21
300.0
 31
0.0
  0
LINE
  5
5E0
330
5D9
100
AcDbEntity
  8
0
  6
194_PTB_STR_L0$0${ Chain Double-Dash }
100
AcDbLine
 10
-300.0
 20
-299.9999999999709
 30
0.0
 11
-300.0
 21
300.0000000000291
 31
0.0
  0
CIRCLE
  5
5E1
330
5D9
100
AcDbEntity
  8
0
  6
194_PTB_STR_L0$0${ Chain Double-Dash }
100
AcDbCircle
 10
250.0
 20
-83.33333333332848
 30
0.0
 40
12.39995043887757
  0
CIRCLE
  5
5E2
330
5D9
100
AcDbEntity
  8
0
  6
194_PTB_STR_L0$0${ Chain Double-Dash }
100
AcDbCircle
 10
250.0
 20
250.0
 30
0.0
 40
12.39995043887757
  0
CIRCLE
  5
5E3
330
5D9
100
AcDbEntity
  8
0
  6
194_PTB_STR_L0$0${ Chain Double-Dash }
100
AcDbCircle
 10
250.0
 20
83.33333333334303
 30
0.0
 40
12.39995043887757
  0
CIRCLE
  5
5E4
330
5D9
100
AcDbEntity
  8
0
  6
194_PTB_STR_L0$0${ Chain Double-Dash }
100
AcDbCircle
 10
-250.0
 20
-249.9999999999709
 30
0.0
 40
12.39995043887757
  0
CIRCLE
  5
5E5
330
5D9
100
AcDbEntity
  8
0
  6
194_PTB_STR_L0$0${ Chain Double-Dash }
100
AcDbCircle
 10
-250.0
 20
-83.33333333331394
 30
0.0
 40
12.39995043887757
  0
CIRCLE
  5
5E6
330
5D9
100
AcDbEntity
  8
0
  6
194_PTB_STR_L0$0${ Chain Double-Dash }
100
AcDbCircle
 10
-250.0
 20
250.0000000000291
 30
0.0
 40
12.39995043887757
  0
CIRCLE
  5
5E7
330
5D9
100
AcDbEntity
  8
0
  6
194_PTB_STR_L0$0${ Chain Double-Dash }
100
AcDbCircle
 10
-250.0
 20
83.33333333335759
 30
0.0
 40
12.39995043887757
  0
INSERT
  5
5E8
330
5D9
100
AcDbEntity
  8
0
370
9
100
AcDbBlockReference
  2
CLM
 10
-2.873333072289824
 20
0.1330875335261226
 30
0.0
 50
270.0
  0
INSERT
  5
5EA
330
5D9
100
AcDbEntity
  8
0
370
13
100
AcDbBlockReference
  2
CLM
 10
-2.873333072522655
 20
0.1330875335261226
 30
0.0
 50
270.0
  0
INSERT
  5
5EC
330
5D9
100
AcDbEntity
  8
0
370
13
100
AcDbBlockReference
  2
CLM
 10
-2.873333072289824
 20
0.1330875335261226
 30
0.0
 50
270.0
  0
INSERT
  5
5EE
330
5D9
100
AcDbEntity
  8
0
370
13
100
AcDbBlockReference
  2
CLM
 10
756.286234758023
 20
37.92668685899844
 30
0.0
 50
270.0
  0
ENDBLK
  5
5DB
330
5D9
100
AcDbEntity
  8
0
100
AcDbBlockEnd
  0
BLOCK
  5
5F1
330
5F0
100
AcDbEntity
  8
0
100
AcDbBlockBegin
  2
base dm
 70
0
 10
0.0
 20
0.0
 30
0.0
  3
base dm
  1

  0
CIRCLE
  5
5F3
330
5F0
100
AcDbEntity
  8
04-EXISTING BUILDING
100
AcDbCircle
 10
999316.6209769277
 20
-109110.7824445786
 30
-5.68e-14
 40
12.0
  0
CIRCLE
  5
5F4
330
5F0
100
AcDbEntity
  8
04-EXISTING BUILDING
100
AcDbCircle
 10
999062.0625357006
 20
-108856.2240033513
 30
-2.274e-13
 40
12.0
  0
LWPOLYLINE
  5
5F5
330
5F0
100
AcDbEntity
  8
14-BOH
100
AcDbPolyline
 90
5
 70
1
 10
999056.7592348417
 20
-108804.9587617153
 10
999367.8862185637
 20
-109116.0857454374
 10
999321.9242777866
 20
-109162.0476862146
 10
999011.9263338108
 20
-109160.9186464682
 10
999011.9263338108
 20
-108850.9207024923
  0
LINE
  5
5F6
330
5F0
100
AcDbEntity
  8
04-EXISTING BUILDING
100
AcDbLine
 10
999236.0732411746
 20
-109105.4771870145
 30
-7.276e-12
 11
999271.4285802337
 21
-109140.8325260738
 31
9.095e-13
  0
LINE
  5
5F7
330
5F0
100
AcDbEntity
  8
04-EXISTING BUILDING
100
AcDbLine
 10
999250.5045361756
 20
-109091.0458920135
 30
-9.095e-13
 11
999285.8598752349
 21
-109126.4012310727
 31
-3.638e-12
  0
LINE
  5
5F8
330
5F0
100
AcDbEntity
  8
04-EXISTING BUILDING
100
AcDbLine
 10
999245.1159325559
 20
-109114.5198783959
 30
-9.095e-13
 11
999259.547227557
 21
-109100.0885833949
 31
-7.276e-12
  0
LINE
  5
5F9
330
5F0
100
AcDbEntity
  8
04-EXISTING BUILDING
100
AcDbLine
 10
999262.2478396052
 20
-109131.6517854453
 30
-2.7285e-12
 11
999276.6791346063
 21
-109117.2204904442
 31
9.095e-13
  0
LINE
  5
5FA
330
5F0
100
AcDbEntity
  8
04-EXISTING BUILDING
100
AcDbLine
 10
999250.5045361756
 20
-109091.0458920135
 30
-5.457e-12
 11
999236.0732411746
 21
-109105.4771870145
 31
-6.3665e-12
  0
LINE
  5
5FB
330
5F0
100
AcDbEntity
  8
04-EXISTING BUILDING
100
AcDbLine
 10
999285.8598752349
 20
-109126.4012310728
 30
9.095e-13
 11
999271.428580234
 21
-109140.8325260739
 31
-9.095e-13
  0
LINE
  5
5FC
330
5F0
100
AcDbEntity
  8
04-EXISTING BUILDING
100
AcDbLine
 10
999067.3677932647
 20
-108936.7717391045
 30
-7.276e-12
 11
999032.0124542053
 21
-108901.4164000452
 31
9.095e-13
  0
LINE
  5
5FD
330
5F0
100
AcDbEntity
  8
04-EXISTING BUILDING
100
AcDbLine
 10
999081.7990882657
 20
-108922.3404441034
 30
-9.095e-13
 11
999046.4437492065
 21
-108886.9851050442
 31
-3.638e-12
  0
LINE
  5
5FE
330
5F0
100
AcDbEntity
  8
04-EXISTING BUILDING
100
AcDbLine
 10
999058.3251018833
 20
-108927.7290477231
 30
-9.095e-13
 11
999072.7563968842
 21
-108913.297752722
 31
-7.276e-12
  0
LINE
  5
5FF
330
5F0
100
AcDbEntity
  8
04-EXISTING BUILDING
100
AcDbLine
 10
999041.1931948338
 20
-108910.5971406738
 30
-2.7285e-12
 11
999055.624489835
 21
-108896.1658456727
 31
9.095e-13
  0
LINE
  5
600
330
5F0
100
AcDbEntity
  8
04-EXISTING BUILDING
100
AcDbLine
 10
999081.7990882657
 20
-108922.3404441034
 30
-5.457e-12
 11
999067.3677932647
 21
-108936.7717391045
 31
-6.3665e-12
  0
LINE
  5
601
330
5F0
100
AcDbEntity
  8
04-EXISTING BUILDING
100
AcDbLine
 10
999046.4437492065
 20
-108886.9851050441
 30
9.095e-13
 11
999032.0124542051
 21
-108901.4164000452
 31
-9.095e-13
  0
LWPOLYLINE
  5
602
330
5F0
100
AcDbEntity
  8
04-EXISTING BUILDING
100
AcDbPolyline
 90
16
 70
1
 10
999088.9737497838
 20
-109061.4667661799
 10
999054.4902276447
 20
-109061.3411744757
 42
0.6425136454247508
 10
999054.2616145704
 20
-109061.8367087772
 42
-0.9306437327596059
 10
999039.1136661321
 20
-109076.8747175812
 42
0.6425136454248591
 10
999038.6164797451
 20
-109077.0997150886
 10
999038.42351003
 20
-109130.0831145298
 42
0.4142135623730928
 10
999041.2132937066
 20
-109132.8932937123
 10
999093.8687267572
 20
-109133.0850689477
 42
0.6357939750826473
 10
999094.1010295916
 20
-109132.5939117499
 42
-0.9129945770320588
 10
999109.5787992514
 20
-109117.2284754763
 42
0.6357939750826428
 10
999110.0716355271
 20
-109116.9997564235
 10
999110.2351434944
 20
-109072.1056239565
 42
0.7002075382097094
 10
999109.7060359956
 20
-109071.9108593435
 10
999105.718643336
 20
-109076.6278525499
 42
-1.0
 10
999089.218752769
 20
-109076.5677586485
 10
999089.2726551775
 20
-109061.7678568067
 42
0.4142135623730951
  0
LWPOLYLINE
  5
603
330
5F0
100
AcDbEntity
  8
04-EXISTING BUILDING
100
AcDbPolyline
 90
19
 70
1
 10
999046.1856882209
 20
-109058.1109074653
 10
999103.0932170039
 20
-109058.3181691684
 42
-1.453336834913582
 10
999101.2400399682
 20
-109063.1090468377
 42
0.6691427136348141
 10
999092.2544250073
 20
-109066.7787498091
 10
999092.218732872
 20
-109076.5786848125
 42
1.098753270355554
 10
999102.629660655
 20
-109075.6350153748
 10
999109.2121361837
 20
-109067.8480992115
 42
-0.7002075382097115
 10
999113.4449961741
 20
-109069.4062161161
 10
999113.2401315907
 20
-109125.6555713877
 42
-0.3172661537446808
 10
999106.0910573761
 20
-109135.7102345473
 42
-1.0
 10
999105.1120833837
 20
-109132.9274104562
 42
4.107498392537498
 10
999098.0562793801
 20
-109131.9377510574
 42
-0.7322820666759523
 10
999096.6589686914
 20
-109136.2952524523
 10
999041.2016391319
 20
-109136.093272489
 42
-0.4142135623730951
 10
999035.2235312535
 20
-109130.0714599551
 10
999035.4271356009
 20
-109074.1681257505
 42
-0.7465305163834408
 10
999039.8439920598
 20
-109072.87601088
 42
4.068364212792874
 10
999039.2134438206
 20
-109065.9508179904
 42
-0.9098138895112995
 10
999036.2822775381
 20
-109064.6656212209
 42
-0.3029448322926878
  0
ENDBLK
  5
5F2
330
5F0
100
AcDbEntity
  8
0
100
AcDbBlockEnd
  0
BLOCK
  5
605
330
604
100
AcDbEntity
  8
0
100
AcDbBlockBegin
  2
WC-QH
 70
0
 10
0.0
 20
0.0
 30
0.0
  3
WC-QH
  1

  0
LINE
  5
607
330
604
100
AcDbEntity
  8
0
 62
0
100
AcDbLine
 10
-179.7713492989321
 20
0.0165801894472293
 30
0.0
 11
179.7713459182189
 21
-0.0165801891354286
 31
0.0
  0
ARC
  5
608
330
604
100
AcDbEntity
  8
0
 62
0
100
AcDbCircle
 10
0.2474938140703671
 20
65.41690102065832
 30
0.0
 40
553.1879337495902
100
AcDbArc
 50
260.8060393511871
 51
269.9743661228488
  0
ARC
  5
609
330
604
100
AcDbEntity
  8
0
 62
0
100
AcDbCircle
 10
-76.20132165711675
 20
-386.968217826804
 30
0.0
 40
94.45352777884003
100
AcDbArc
 50
202.9181994005476
 51
262.7389743591063
  0
ARC
  5
60A
330
604
100
AcDbEntity
  8
0
 62
0
100
AcDbCircle
 10
-41.36498060559733
 20
-377.1054087820957
 30
0.0
 40
130.4576906292432
100
AcDbArc
 50
188.0727794143456
 51
200.9495398322589
  0
ARC
  5
60B
330
604
100
AcDbEntity
  8
0
 62
0
100
AcDbCircle
 10
185.0344367524785
 20
-335.7971355801883
 30
0.0
 40
360.5295577357428
100
AcDbArc
 50
186.33674065853
 51
189.5199839580915
  0
ARC
  5
60C
330
604
100
AcDbEntity
  8
0
 62
0
100
AcDbCircle
 10
502.7986819864081
 20
-299.5814587750087
 30
0.0
 40
680.3501950954391
100
AcDbArc
 50
183.4626026168838
 51
186.4144076852804
  0
ARC
  5
60D
330
604
100
AcDbEntity
  8
0
 62
0
100
AcDbCircle
 10
2451.082264179814
 20
-204.4248693797938
 30
0.0
 40
2630.922055475255
100
AcDbArc
 50
179.5337706199119
 51
182.9685079992973
  0
LINE
  5
60E
330
604
100
AcDbEntity
  8
0
 62
0
100
AcDbLine
 10
-179.7526890000017
 20
-183.0166673651147
 30
0.0
 11
-179.7713492989321
 21
0.0165801894472963
 31
0.0
  0
ARC
  5
60F
330
604
100
AcDbEntity
  8
0
 62
0
100
AcDbCircle
 10
-1.489421751301961
 20
62.41185151095123
 30
0.0
 40
495.1295305302886
100
AcDbArc
 50
263.7074669738744
 51
270.1729093004479
  0
ARC
  5
610
330
604
100
AcDbEntity
  8
0
 62
0
100
AcDbCircle
 10
-16.55156112575514
 20
-54.93557909769515
 30
0.0
 40
376.8441114125568
100
AcDbArc
 50
259.823352233322
 51
264.0282092396333
  0
ARC
  5
611
330
604
100
AcDbEntity
  8
0
 62
0
100
AcDbCircle
 10
-78.33481785409913
 20
-390.4304705482246
 30
0.0
 40
35.74420504922781
100
AcDbArc
 50
195.935339465964
 51
262.2843332467109
  0
ARC
  5
612
330
604
100
AcDbEntity
  8
0
 62
0
100
AcDbCircle
 10
-42.30671104249359
 20
-380.2154396204896
 30
0.0
 40
73.19060930599865
100
AcDbArc
 50
188.6045586952402
 51
196.2270042193727
  0
ARC
  5
613
330
604
100
AcDbEntity
  8
0
 62
0
100
AcDbCircle
 10
422.9840169291846
 20
-309.1556877422081
 30
0.0
 40
543.8761664748786
100
AcDbArc
 50
185.3750295067723
 51
188.6726049968548
  0
ARC
  5
614
330
604
100
AcDbEntity
  8
0
 62
0
100
AcDbCircle
 10
983.8349458033908
 20
-265.0218511944113
 30
0.0
 40
1106.42858519387
100
AcDbArc
 50
182.0235021143234
 51
184.9298025842519
  0
ARC
  5
615
330
604
100
AcDbEntity
  8
0
 62
0
100
AcDbCircle
 10
3600.205975046662
 20
-191.0718416547461
 30
0.0
 40
3723.82509885614
100
AcDbArc
 50
179.7362360940422
 51
181.7391833162405
  0
ARC
  5
616
330
604
100
AcDbEntity
  8
0
 62
0
100
AcDbCircle
 10
-78.59966203323802
 20
-173.9130081776129
 30
0.0
 40
44.98000584254268
100
AcDbArc
 50
90.00209409393663
 51
180.0204926129599
  0
LINE
  5
617
330
604
100
AcDbEntity
  8
0
 62
0
100
AcDbLine
 10
-78.60130600000139
 20
-128.9330023651164
 30
0.0
 11
-9.095e-13
 21
-128.9318393646063
 31
0.0
  0
ARC
  5
618
330
604
100
AcDbEntity
  8
0
 62
0
100
AcDbCircle
 10
-2.367717567442923
 20
33.82406341969181
 30
0.0
 40
458.8387270901223
100
AcDbArc
 50
259.8240078574367
 51
270.2950864470627
  0
ARC
  5
619
330
604
100
AcDbEntity
  8
0
 62
0
100
AcDbCircle
 10
-79.6204079607096
 20
-391.7538838041473
 30
0.0
 40
26.32054285751395
100
AcDbArc
 50
201.9570244625102
 51
261.6738568327212
  0
ARC
  5
61A
330
604
100
AcDbEntity
  8
0
 62
0
100
AcDbCircle
 10
-16.10439516885253
 20
-373.2398253102256
 30
0.0
 40
92.38649715795084
100
AcDbArc
 50
188.4642041178273
 51
197.8739333696219
  0
ARC
  5
61B
330
604
100
AcDbEntity
  8
0
 62
0
100
AcDbCircle
 10
389.3439359461072
 20
-311.8348126817182
 30
0.0
 40
502.4580995649138
100
AcDbArc
 50
183.7774337445847
 51
188.584808676014
  0
ARC
  5
61C
330
604
100
AcDbEntity
  8
0
 62
0
100
AcDbCircle
 10
2656.064142986038
 20
-197.0659353156807
 30
0.0
 40
2772.033542824049
100
AcDbArc
 50
179.5217167901066
 51
183.0578360356679
  0
ARC
  5
61D
330
604
100
AcDbEntity
  8
0
 62
0
100
AcDbCircle
 10
-77.93580718430621
 20
-174.576551335278
 30
0.0
 40
37.9425836338831
100
AcDbArc
 50
91.00456022634542
 51
179.0180758004988
  0
LINE
  5
61E
330
604
100
AcDbEntity
  8
0
 62
0
100
AcDbLine
 10
-78.60101600000144
 20
-136.6397993651153
 30
0.0
 11
-0.0046030000021347
 21
-136.6386363651145
 31
0.0
  0
ARC
  5
61F
330
604
100
AcDbEntity
  8
0
 62
0
100
AcDbCircle
 10
-58790.72900521625
 20
-887.5985635289362
 30
0.0
 40
58752.32716507342
100
AcDbArc
 50
0.6337132242913337
 51
0.6922020044699352
  0
ARC
  5
620
330
604
100
AcDbEntity
  8
0
 62
0
100
AcDbCircle
 10
241.4220347937289
 20
-235.5479096248055
 30
0.0
 40
283.4263421852996
100
AcDbArc
 50
180.4529722295355
 51
181.9663213916012
  0
ARC
  5
621
330
604
100
AcDbEntity
  8
0
 62
0
100
AcDbCircle
 10
13.62803273440931
 20
-245.4038025045738
 30
0.0
 40
55.46560467448933
100
AcDbArc
 50
179.8647139144855
 51
200.8512979729524
  0
ARC
  5
622
330
604
100
AcDbEntity
  8
0
 62
0
100
AcDbCircle
 10
-1.266456840851788
 20
-249.4097917955005
 30
0.0
 40
40.15092582015799
100
AcDbArc
 50
203.0751017387474
 51
230.3729786194105
  0
ARC
  5
623
330
604
100
AcDbEntity
  8
0
 62
0
100
AcDbCircle
 10
-0.41574459716594
 20
-248.6951151533285
 30
0.0
 40
41.24443429549267
100
AcDbArc
 50
230.095951458426
 51
270.5775522100586
  0
CIRCLE
  5
624
330
604
100
AcDbEntity
  8
0
 62
0
100
AcDbCircle
 10
-77.50461900000391
 20
-63.7853323651143
 30
0.0
 40
7.500000095977156
  0
ARC
  5
625
330
604
100
AcDbEntity
  8
0
 62
0
100
AcDbCircle
 10
1.48942175130378
 20
62.41185151095123
 30
0.0
 40
495.1295305302886
100
AcDbArc
 50
269.8270906993436
 51
276.2925330259159
  0
ARC
  5
626
330
604
100
AcDbEntity
  8
0
 62
0
100
AcDbCircle
 10
16.55156112575332
 20
-54.93557909769515
 30
0.0
 40
376.8441114125568
100
AcDbArc
 50
275.9717907603667
 51
280.1766477668898
  0
ARC
  5
627
330
604
100
AcDbEntity
  8
0
 62
0
100
AcDbCircle
 10
78.3348178540973
 20
-390.4304705482246
 30
0.0
 40
35.74420504922781
100
AcDbArc
 50
277.7156667534994
 51
344.064660534036
  0
ARC
  5
628
330
604
100
AcDbEntity
  8
0
 62
0
100
AcDbCircle
 10
42.30671104249177
 20
-380.2154396204896
 30
0.0
 40
73.19060930599865
100
AcDbArc
 50
343.7729957806272
 51
351.3954413047597
  0
ARC
  5
629
330
604
100
AcDbEntity
  8
0
 62
0
100
AcDbCircle
 10
-422.9840169291865
 20
-309.1556877422081
 30
0.0
 40
543.8761664748786
100
AcDbArc
 50
351.3273950031452
 51
354.6249704932276
  0
ARC
  5
62A
330
604
100
AcDbEntity
  8
0
 62
0
100
AcDbCircle
 10
-983.8349458033908
 20
-265.0218511944113
 30
0.0
 40
1106.42858519387
100
AcDbArc
 50
355.0701974159548
 51
357.9764978856766
  0
ARC
  5
62B
330
604
100
AcDbEntity
  8
0
 62
0
100
AcDbCircle
 10
-3600.205975046665
 20
-191.0718416547443
 30
0.0
 40
3723.82509885614
100
AcDbArc
 50
358.2608166837594
 51
0.2637639059578053
  0
ARC
  5
62C
330
604
100
AcDbEntity
  8
0
 62
0
100
AcDbCircle
 10
78.5996620332362
 20
-173.9130081776129
 30
0.0
 40
44.98000584254268
100
AcDbArc
 50
359.97950738704
 51
89.99790590627181
  0
LINE
  5
62D
330
604
100
AcDbEntity
  8
0
 62
0
100
AcDbLine
 10
78.60130599999957
 20
-128.9330023651164
 30
0.0
 11
-9.095e-13
 21
-128.9318393646063
 31
0.0
  0
ARC
  5
62E
330
604
100
AcDbEntity
  8
0
 62
0
100
AcDbCircle
 10
2.367717567441104
 20
33.82406341969181
 30
0.0
 40
458.8387270901223
100
AcDbArc
 50
269.7049135529373
 51
280.1759921423516
  0
ARC
  5
62F
330
604
100
AcDbEntity
  8
0
 62
0
100
AcDbCircle
 10
79.62040796070778
 20
-391.7538838041473
 30
0.0
 40
26.32054285751395
100
AcDbArc
 50
278.3261431670681
 51
338.0429755374897
  0
ARC
  5
630
330
604
100
AcDbEntity
  8
0
 62
0
100
AcDbCircle
 10
16.10439516885071
 20
-373.2398253102256
 30
0.0
 40
92.38649715795084
100
AcDbArc
 50
342.126066630378
 51
351.5357958821726
  0
ARC
  5
631
330
604
100
AcDbEntity
  8
0
 62
0
100
AcDbCircle
 10
-389.343935946109
 20
-311.8348126817182
 30
0.0
 40
502.4580995649138
100
AcDbArc
 50
351.4151913239859
 51
356.2225662554153
  0
ARC
  5
632
330
604
100
AcDbEntity
  8
0
 62
0
100
AcDbCircle
 10
-2656.06414298604
 20
-197.0659353156788
 30
0.0
 40
2772.033542824049
100
AcDbArc
 50
356.942163964332
 51
0.4782832098934184
  0
ARC
  5
633
330
604
100
AcDbEntity
  8
0
 62
0
100
AcDbCircle
 10
77.9358071843044
 20
-174.576551335278
 30
0.0
 40
37.9425836338831
100
AcDbArc
 50
0.981924199501153
 51
88.99543977344611
  0
LINE
  5
634
330
604
100
AcDbEntity
  8
0
 62
0
100
AcDbLine
 10
78.6010159999996
 20
-136.6397993651153
 30
0.0
 11
0.0046030000003157
 21
-136.6386363651145
 31
0.0
  0
ARC
  5
635
330
604
100
AcDbEntity
  8
0
 62
0
100
AcDbCircle
 10
58790.72900521625
 20
-887.5985635289726
 30
0.0
 40
58752.32716507342
100
AcDbArc
 50
179.30779799553
 51
179.3662867757087
  0
ARC
  5
636
330
604
100
AcDbEntity
  8
0
 62
0
100
AcDbCircle
 10
-241.4220347937308
 20
-235.5479096248055
 30
0.0
 40
283.4263421852996
100
AcDbArc
 50
358.0336786083986
 51
359.5470277704643
  0
ARC
  5
637
330
604
100
AcDbEntity
  8
0
 62
0
100
AcDbCircle
 10
-13.62803273441113
 20
-245.4038025045738
 30
0.0
 40
55.46560467448933
100
AcDbArc
 50
339.1487020270475
 51
0.13528608551451
  0
ARC
  5
638
330
604
100
AcDbEntity
  8
0
 62
0
100
AcDbCircle
 10
1.266456840849969
 20
-249.4097917955005
 30
0.0
 40
40.15092582015799
100
AcDbArc
 50
309.6270213805895
 51
336.9248982615024
  0
ARC
  5
639
330
604
100
AcDbEntity
  8
0
 62
0
100
AcDbCircle
 10
0.415744597164121
 20
-248.6951151533285
 30
0.0
 40
41.24443429549267
100
AcDbArc
 50
269.4224477899414
 51
309.9040485413042
  0
CIRCLE
  5
63A
330
604
100
AcDbEntity
  8
0
 62
0
100
AcDbCircle
 10
77.5046190000021
 20
-63.7853323651143
 30
0.0
 40
7.500000095977156
  0
LINE
  5
63B
330
604
100
AcDbEntity
  8
0
 62
0
100
AcDbLine
 10
-42.68940000000021
 20
-177.8169843651158
 30
0.0
 11
42.68940039319113
 21
-177.8169760208584
 31
0.0
  0
ARC
  5
63C
330
604
100
AcDbEntity
  8
0
 62
0
100
AcDbCircle
 10
-0.2474938140721861
 20
65.41690102065832
 30
0.0
 40
553.1879337495902
100
AcDbArc
 50
270.0256338771512
 51
279.1939606488129
  0
ARC
  5
63D
330
604
100
AcDbEntity
  8
0
 62
0
100
AcDbCircle
 10
76.20132165711493
 20
-386.968217826804
 30
0.0
 40
94.45352777884003
100
AcDbArc
 50
277.2610256408937
 51
337.0818005994524
  0
ARC
  5
63E
330
604
100
AcDbEntity
  8
0
 62
0
100
AcDbCircle
 10
41.36498060559552
 20
-377.1054087820957
 30
0.0
 40
130.4576906292432
100
AcDbArc
 50
339.050460167741
 51
351.9272205856542
  0
ARC
  5
63F
330
604
100
AcDbEntity
  8
0
 62
0
100
AcDbCircle
 10
-185.0344367524803
 20
-335.7971355801883
 30
0.0
 40
360.5295577357428
100
AcDbArc
 50
350.4800160419085
 51
353.6632593414699
  0
ARC
  5
640
330
604
100
AcDbEntity
  8
0
 62
0
100
AcDbCircle
 10
-502.7986819864099
 20
-299.5814587750087
 30
0.0
 40
680.3501950954391
100
AcDbArc
 50
353.5855923147195
 51
356.5373973831161
  0
ARC
  5
641
330
604
100
AcDbEntity
  8
0
 62
0
100
AcDbCircle
 10
-2451.082264181043
 20
-204.4248693797703
 30
0.0
 40
2630.922055476483
100
AcDbArc
 50
357.0314920007035
 51
0.4662293800873153
  0
LINE
  5
642
330
604
100
AcDbEntity
  8
0
 62
0
100
AcDbLine
 10
179.7526889999999
 20
-183.0166673651147
 30
0.0
 11
179.7713476085746
 21
0.0
 31
0.0
  0
ARC
  5
643
330
604
100
AcDbEntity
  8
0
 62
0
100
AcDbCircle
 10
174.5410156654825
 20
-30.97894251135949
 30
0.0
 40
4.87146575533749
100
AcDbArc
 50
273.7225555351617
 51
340.4975586563832
  0
ARC
  5
644
330
604
100
AcDbEntity
  8
0
 62
0
100
AcDbCircle
 10
19.66104097501829
 20
2123.160073502892
 30
0.0
 40
2164.571033022371
100
AcDbArc
 50
269.4842267060223
 51
274.1115428893602
  0
ARC
  5
645
330
604
100
AcDbEntity
  8
0
 62
0
100
AcDbCircle
 10
-174.1890939330342
 20
-30.97894251135949
 30
0.0
 40
4.87146575533749
100
AcDbArc
 50
199.5024413437383
 51
266.2774444648383
  0
ARC
  5
646
330
604
100
AcDbEntity
  8
0
 62
0
100
AcDbCircle
 10
-19.30911924256998
 20
2123.160073502892
 30
0.0
 40
2164.571033022371
100
AcDbArc
 50
265.8884571106398
 51
270.5157732939777
  0
ENDBLK
  5
606
330
604
100
AcDbEntity
  8
0
100
AcDbBlockEnd
  0
BLOCK
  5
648
330
647
100
AcDbEntity
  8
0
100
AcDbBlockBegin
  2
CLM
 70
0
 10
0.0
 20
0.0
 30
0.0
  3
CLM
  1

  0
ENDBLK
  5
649
330
647
100
AcDbEntity
  8
0
100
AcDbBlockEnd
  0
ENDSEC
  0
SECTION
  2
ENTITIES
  0
ENDSEC
  0
SECTION
  2
OBJECTS
  0
DICTIONARY
  5
A
330
0
100
AcDbDictionary
281
1
  3
ACAD_COLOR
350
B
  3
ACAD_GROUP
350
C
  3
ACAD_LAYOUT
350
D
  3
ACAD_MATERIAL
350
E
  3
ACAD_MLEADERSTYLE
350
F
  3
ACAD_MLINESTYLE
350
10
  3
ACAD_PLOTSETTINGS
350
11
  3
ACAD_PLOTSTYLENAME
350
12
  3
ACAD_SCALELIST
350
14
  3
ACAD_TABLESTYLE
350
15
  3
ACAD_VISUALSTYLE
350
16
  3
EZDXF_META
350
2D
  0
DICTIONARY
  5
B
330
A
100
AcDbDictionary
281
1
  0
DICTIONARY
  5
C
330
A
100
AcDbDictionary
281
1
  0
DICTIONARY
  5
D
330
A
100
AcDbDictionary
281
1
  3
Model
350
1A
  3
Layout1
350
1E
  0
DICTIONARY
  5
E
330
A
100
AcDbDictionary
281
1
  3
ByBlock
350
1F
  3
ByLayer
350
20
  3
Global
350
21
  0
DICTIONARY
  5
F
330
A
100
AcDbDictionary
281
1
  3
Standard
350
2C
  0
DICTIONARY
  5
10
330
A
100
AcDbDictionary
281
1
  3
Standard
350
22
  0
DICTIONARY
  5
11
330
A
100
AcDbDictionary
281
1
  0
ACDBDICTIONARYWDFLT
  5
12
330
A
100
AcDbDictionary
281
1
  3
Normal
350
13
100
AcDbDictionaryWithDefault
340
13
  0
ACDBPLACEHOLDER
  5
13
330
12
  0
DICTIONARY
  5
14
330
A
100
AcDbDictionary
281
1
  0
DICTIONARY
  5
15
330
A
100
AcDbDictionary
281
1
  0
DICTIONARY
  5
16
330
A
100
AcDbDictionary
281
1
  3
2dWireframe
350
5A
  3
Basic
350
5B
  3
Brighten
350
5C
  3
ColorChange
350
5D
  3
Conceptual
350
5E
  3
Dim
350
5F
  3
EdgeColorOff
350
60
  3
Facepattern
350
61
  3
Flat
350
62
  3
FlatWithEdges
350
63
  3
Gouraud
350
64
  3
GouraudWithEdges
350
65
  3
Hidden
350
66
  3
JitterOff
350
67
  3
Linepattern
350
68
  3
Modeling
350
69
  3
OverhangOff
350
6A
  3
Realistic
350
6B
  3
Shaded
350
6C
  3
Shaded with edges
350
6D
  3
Shades of Gray
350
6E
  3
Sketchy
350
6F
  3
Thicken
350
70
  3
Wireframe
350
71
  3
X-Ray
350
72
  0
LAYOUT
  5
1A
330
D
100
AcDbPlotSettings
  1

  4
A3
  6

 40
7.5
 41
20.0
 42
7.5
 43
20.0
 44
420.0
 45
297.0
 46
0.0
 47
0.0
 48
0.0
 49
0.0
140
0.0
141
0.0
142
1.0
143
1.0
 70
1024
 72
1
 73
0
 74
5
  7

 75
16
 76
0
 77
2
 78
300
147
1.0
148
0.0
149
0.0
100
AcDbLayout
  1
Model
 70
1
 71
0
 10
0.0
 20
0.0
 11
420.0
 21
297.0
 12
0.0
 22
0.0
 32
0.0
 14
1e+20
 24
1e+20
 34
1e+20
 15
-1e+20
 25
-1e+20
 35
-1e+20
146
0.0
 13
0.0
 23
0.0
 33
0.0
 16
1.0
 26
0.0
 36
0.0
 17
0.0
 27
1.0
 37
0.0
 76
1
330
17
  0
LAYOUT
  5
1E
330
D
100
AcDbPlotSettings
  1

  4
A3
  6

 40
7.5
 41
20.0
 42
7.5
 43
20.0
 44
420.0
 45
297.0
 46
0.0
 47
0.0
 48
0.0
 49
0.0
140
0.0
141
0.0
142
1.0
143
1.0
 70
0
 72
1
 73
0
 74
5
  7

 75
16
 76
0
 77
2
 78
300
147
1.0
148
0.0
149
0.0
100
AcDbLayout
  1
Layout1
 70
1
 71
1
 10
0.0
 20
0.0
 11
420.0
 21
297.0
 12
0.0
 22
0.0
 32
0.0
 14
1e+20
 24
1e+20
 34
1e+20
 15
-1e+20
 25
-1e+20
 35
-1e+20
146
0.0
 13
0.0
 23
0.0
 33
0.0
 16
1.0
 26
0.0
 36
0.0
 17
0.0
 27
1.0
 37
0.0
 76
1
330
1B
  0
MATERIAL
  5
1F
102
{ACAD_REACTORS
330
E
102
}
330
E
100
AcDbMaterial
  1
ByBlock
  2

 70
0
 40
1.0
 71
1
 41
1.0
 91
-1023410177
 42
1.0
 72
1
  3

 73
1
 74
1
 75
1
 44
0.5
 73
0
 45
1.0
 46
1.0
 77
1
  4

 78
1
 79
1
170
1
 48
1.0
171
1
  6

172
1
173
1
174
1
140
1.0
141
1.0
175
1
  7

176
1
177
1
178
1
143
1.0
179
1
  8

270
1
271
1
272
1
145
1.0
146
1.0
273
1
  9

274
1
275
1
276
1
 42
1.0
 72
1
  3

 73
1
 74
1
 75
1
 94
63
  0
MATERIAL
  5
20
102
{ACAD_REACTORS
330
E
102
}
330
E
100
AcDbMaterial
  1
ByLayer
  2

 70
0
 40
1.0
 71
1
 41
1.0
 91
-1023410177
 42
1.0
 72
1
  3

 73
1
 74
1
 75
1
 44
0.5
 73
0
 45
1.0
 46
1.0
 77
1
  4

 78
1
 79
1
170
1
 48
1.0
171
1
  6

172
1
173
1
174
1
140
1.0
141
1.0
175
1
  7

176
1
177
1
178
1
143
1.0
179
1
  8

270
1
271
1
272
1
145
1.0
146
1.0
273
1
  9

274
1
275
1
276
1
 42
1.0
 72
1
  3

 73
1
 74
1
 75
1
 94
63
  0
MATERIAL
  5
21
102
{ACAD_REACTORS
330
E
102
}
330
E
100
AcDbMaterial
  1
Global
  2

 70
0
 40
1.0
 71
1
 41
1.0
 91
-1023410177
 42
1.0
 72
1
  3

 73
1
 74
1
 75
1
 44
0.5
 73
0
 45
1.0
 46
1.0
 77
1
  4

 78
1
 79
1
170
1
 48
1.0
171
1
  6

172
1
173
1
174
1
140
1.0
141
1.0
175
1
  7

176
1
177
1
178
1
143
1.0
179
1
  8

270
1
271
1
272
1
145
1.0
146
1.0
273
1
  9

274
1
275
1
276
1
 42
1.0
 72
1
  3

 73
1
 74
1
 75
1
 94
63
  0
MLINESTYLE
  5
22
102
{ACAD_REACTORS
330
10
102
}
330
10
100
AcDbMlineStyle
  2
Standard
 70
0
  3

 62
256
 51
90.0
 52
90.0
 71
2
 49
0.5
 62
256
  6
BYLAYER
 49
-0.5
 62
256
  6
BYLAYER
  0
MLEADERSTYLE
  5
2C
102
{ACAD_REACTORS
330
F
102
}
330
F
100
AcDbMLeaderStyle
179
2
170
2
171
1
172
0
 90
2
 40
0.0
 41
0.0
173
1
 91
-1056964608
 92
-2
290
1
 42
2.0
291
1
 43
8.0
  3
Standard
 44
4.0
300

342
29
174
1
175
1
176
0
178
1
 93
-1056964608
 45
4.0
292
0
297
0
 46
4.0
 94
-1056964608
 47
1.0
 49
1.0
140
1.0
294
1
141
0.0
177
0
142
1.0
295
0
296
0
143
3.75
271
0
272
9
273
9
  0
DICTIONARY
  5
2D
330
A
100
AcDbDictionary
280
1
281
1
  3
CREATED_BY_EZDXF
350
2E
  3
WRITTEN_BY_EZDXF
350
658
  0
DICTIONARYVAR
  5
2E
330
2D
100
DictionaryVariables
280
0
  1
1.4.3 @ 2026-04-26T11:12:03.904866+00:00
  0
VISUALSTYLE
  5
5A
102
{ACAD_REACTORS
330
16
102
}
330
16
100
AcDbVisualStyle
  2
2dWireframe
 70
4
177
3
291
0
 70
58
 90
2
176
1
 90
2
176
1
 90
0
176
1
 90
0
176
1
 40
0.6
176
1
 40
30.0
176
1
 62
7
420
16777215
176
1
 90
1
176
1
 90
4
176
1
 62
7
176
1
 62
257
176
1
 90
1
176
1
 90
1
176
1
 40
1.0
176
1
 90
8
176
1
 62
7
176
1
 40
1.0
176
1
 90
1
176
1
 90
6
176
1
 90
2
176
1
 62
7
176
1
 90
5
176
1
 90
0
176
1
 90
0
176
1
290
0
176
1
 90
1
176
1
 40
0.0
176
1
 90
0
176
1
290
1
176
1
290
1
176
1
290
0
176
1
290
0
176
1
290
0
176
1
290
0
176
1
290
0
176
1
290
0
176
1
290
0
176
1
 90
50
176
1
 40
0.0
176
1
 40
1.0
176
1
 90
0
176
1
 62
18
420
0
176
1
 90
50
176
1
 90
3
176
1
 62
5
420
255
176
1
290
0
176
1
 90
50
176
1
 90
50
176
1
 90
50
176
1
290
0
176
1
 90
50
176
1
 62
256
176
0
 40
1.0
176
0
 90
2
176
1
  1
strokes_ogs.tif
176
1
290
0
176
1
 40
1.0
176
1
 40
1.0
176
1
  0
VISUALSTYLE
  5
5B
102
{ACAD_REACTORS
330
16
102
}
330
16
100
AcDbVisualStyle
  2
Basic
 70
7
177
3
291
1
 70
58
 90
2
176
1
 90
2
176
1
 90
0
176
1
 90
1
176
1
 40
0.6
176
1
 40
30.0
176
1
 62
7
420
16777215
176
1
 90
1
176
1
 90
4
176
1
 62
7
176
1
 62
257
176
1
 90
1
176
1
 90
1
176
1
 40
1.0
176
1
 90
8
176
1
 62
7
176
1
 40
1.0
176
1
 90
1
176
1
 90
6
176
1
 90
2
176
1
 62
7
176
1
 90
5
176
1
 90
0
176
1
 90
0
176
1
290
0
176
1
 90
1
176
1
 40
0.0
176
1
 90
0
176
1
290
0
176
1
290
1
176
1
290
1
176
1
290
0
176
1
290
0
176
1
290
0
176
1
290
0
176
1
290
0
176
1
290
0
176
1
 90
50
176
1
 40
0.0
176
1
 40
1.0
176
1
 90
0
176
1
 62
18
420
0
176
1
 90
50
176
1
 90
3
176
1
 62
5
420
255
176
1
290
0
176
1
 90
50
176
1
 90
50
176
1
 90
50
176
1
290
0
176
1
 90
50
176
1
 62
256
176
0
 40
1.0
176
0
 90
2
176
1
  1
strokes_ogs.tif
176
1
290
0
176
1
 40
1.0
176
1
 40
1.0
176
1
  0
VISUALSTYLE
  5
5C
102
{ACAD_REACTORS
330
16
102
}
330
16
100
AcDbVisualStyle
  2
Brighten
 70
12
177
3
291
1
 70
58
 90
2
176
1
 90
2
176
1
 90
0
176
1
 90
2
176
1
 40
0.6
176
1
 40
30.0
176
1
 62
7
420
16777215
176
1
 90
1
176
1
 90
4
176
1
 62
7
176
1
 62
257
176
1
 90
1
176
1
 90
1
176
1
 40
1.0
176
1
 90
8
176
1
 62
7
176
1
 40
1.0
176
1
 90
1
176
1
 90
6
176
1
 90
2
176
1
 62
7
176
1
 90
5
176
1
 90
0
176
1
 90
0
176
1
290
0
176
1
 90
1
176
1
 40
0.0
176
1
 90
0
176
1
290
0
176
1
290
1
176
1
290
1
176
1
290
0
176
1
290
0
176
1
290
0
176
1
290
0
176
1
290
0
176
1
290
0
176
1
 90
50
176
1
 40
0.0
176
1
 40
1.0
176
1
 90
0
176
1
 62
18
420
0
176
1
 90
50
176
1
 90
3
176
1
 62
5
420
255
176
1
290
0
176
1
 90
50
176
1
 90
50
176
1
 90
50
176
1
290
0
176
1
 90
50
176
1
 62
256
176
0
 40
1.0
176
0
 90
2
176
1
  1
strokes_ogs.tif
176
1
290
0
176
1
 40
1.0
176
1
 40
1.0
176
1
  0
VISUALSTYLE
  5
5D
102
{ACAD_REACTORS
330
16
102
}
330
16
100
AcDbVisualStyle
  2
ColorChange
 70
16
177
3
291
1
 70
58
 90
2
176
1
 90
2
176
1
 90
0
176
1
 90
2
176
1
 40
0.6
176
1
 40
30.0
176
1
 62
7
420
16777215
176
1
 90
1
176
1
 90
4
176
1
 62
7
176
1
 62
257
176
1
 90
1
176
1
 90
1
176
1
 40
1.0
176
1
 90
8
176
1
 62
7
176
1
 40
1.0
176
1
 90
1
176
1
 90
6
176
1
 90
2
176
1
 62
7
176
1
 90
5
176
1
 90
0
176
1
 90
0
176
1
290
0
176
1
 90
1
176
1
 40
0.0
176
1
 90
0
176
1
290
0
176
1
290
1
176
1
290
1
176
1
290
0
176
1
290
0
176
1
290
0
176
1
290
0
176
1
290
0
176
1
290
0
176
1
 90
50
176
1
 40
0.0
176
1
 40
1.0
176
1
 90
0
176
1
 62
18
420
0
176
1
 90
50
176
1
 90
3
176
1
 62
5
420
255
176
1
290
0
176
1
 90
50
176
1
 90
50
176
1
 90
50
176
1
290
0
176
1
 90
50
176
1
 62
256
176
0
 40
1.0
176
0
 90
2
176
1
  1
strokes_ogs.tif
176
1
290
0
176
1
 40
1.0
176
1
 40
1.0
176
1
  0
VISUALSTYLE
  5
5E
102
{ACAD_REACTORS
330
16
102
}
330
16
100
AcDbVisualStyle
  2
Conceptual
 70
9
177
3
291
0
 70
58
 90
2
176
1
 90
2
176
1
 90
0
176
1
 90
3
176
1
 40
0.6
176
1
 40
30.0
176
1
 62
7
420
16777215
176
1
 90
1
176
1
 90
4
176
1
 62
7
176
1
 62
257
176
1
 90
1
176
1
 90
1
176
1
 40
1.0
176
1
 90
8
176
1
 62
7
176
1
 40
1.0
176
1
 90
1
176
1
 90
6
176
1
 90
2
176
1
 62
7
176
1
 90
5
176
1
 90
0
176
1
 90
0
176
1
290
0
176
1
 90
1
176
1
 40
0.0
176
1
 90
0
176
1
290
0
176
1
290
1
176
1
290
1
176
1
290
0
176
1
290
0
176
1
290
0
176
1
290
0
176
1
290
0
176
1
290
0
176
1
 90
50
176
1
 40
0.0
176
1
 40
1.0
176
1
 90
0
176
1
 62
18
420
0
176
1
 90
50
176
1
 90
3
176
1
 62
5
420
255
176
1
290
0
176
1
 90
50
176
1
 90
50
176
1
 90
50
176
1
290
0
176
1
 90
50
176
1
 62
256
176
0
 40
1.0
176
0
 90
2
176
1
  1
strokes_ogs.tif
176
1
290
0
176
1
 40
1.0
176
1
 40
1.0
176
1
  0
VISUALSTYLE
  5
5F
102
{ACAD_REACTORS
330
16
102
}
330
16
100
AcDbVisualStyle
  2
Dim
 70
11
177
3
291
1
 70
58
 90
2
176
1
 90
2
176
1
 90
0
176
1
 90
2
176
1
 40
0.6
176
1
 40
30.0
176
1
 62
7
420
16777215
176
1
 90
1
176
1
 90
4
176
1
 62
7
176
1
 62
257
176
1
 90
1
176
1
 90
1
176
1
 40
1.0
176
1
 90
8
176
1
 62
7
176
1
 40
1.0
176
1
 90
1
176
1
 90
6
176
1
 90
2
176
1
 62
7
176
1
 90
5
176
1
 90
0
176
1
 90
0
176
1
290
0
176
1
 90
1
176
1
 40
0.0
176
1
 90
0
176
1
290
0
176
1
290
1
176
1
290
1
176
1
290
0
176
1
290
0
176
1
290
0
176
1
290
0
176
1
290
0
176
1
290
0
176
1
 90
50
176
1
 40
0.0
176
1
 40
1.0
176
1
 90
0
176
1
 62
18
420
0
176
1
 90
50
176
1
 90
3
176
1
 62
5
420
255
176
1
290
0
176
1
 90
50
176
1
 90
50
176
1
 90
50
176
1
290
0
176
1
 90
50
176
1
 62
256
176
0
 40
1.0
176
0
 90
2
176
1
  1
strokes_ogs.tif
176
1
290
0
176
1
 40
1.0
176
1
 40
1.0
176
1
  0
VISUALSTYLE
  5
60
102
{ACAD_REACTORS
330
16
102
}
330
16
100
AcDbVisualStyle
  2
EdgeColorOff
 70
22
177
3
291
1
 70
58
 90
2
176
1
 90
2
176
1
 90
0
176
1
 90
2
176
1
 40
0.6
176
1
 40
30.0
176
1
 62
7
420
16777215
176
1
 90
1
176
1
 90
4
176
1
 62
7
176
1
 62
257
176
1
 90
1
176
1
 90
1
176
1
 40
1.0
176
1
 90
8
176
1
 62
7
176
1
 40
1.0
176
1
 90
1
176
1
 90
6
176
1
 90
2
176
1
 62
7
176
1
 90
5
176
1
 90
0
176
1
 90
0
176
1
290
0
176
1
 90
1
176
1
 40
0.0
176
1
 90
0
176
1
290
0
176
1
290
1
176
1
290
1
176
1
290
0
176
1
290
0
176
1
290
0
176
1
290
0
176
1
290
0
176
1
290
0
176
1
 90
50
176
1
 40
0.0
176
1
 40
1.0
176
1
 90
0
176
1
 62
18
420
0
176
1
 90
50
176
1
 90
3
176
1
 62
5
420
255
176
1
290
0
176
1
 90
50
176
1
 90
50
176
1
 90
50
176
1
290
0
176
1
 90
50
176
1
 62
256
176
0
 40
1.0
176
0
 90
2
176
1
  1
strokes_ogs.tif
176
1
290
0
176
1
 40
1.0
176
1
 40
1.0
176
1
  0
VISUALSTYLE
  5
61
102
{ACAD_REACTORS
330
16
102
}
330
16
100
AcDbVisualStyle
  2
Facepattern
 70
15
177
3
291
1
 70
58
 90
2
176
1
 90
2
176
1
 90
0
176
1
 90
2
176
1
 40
0.6
176
1
 40
30.0
176
1
 62
7
420
16777215
176
1
 90
1
176
1
 90
4
176
1
 62
7
176
1
 62
257
176
1
 90
1
176
1
 90
1
176
1
 40
1.0
176
1
 90
8
176
1
 62
7
176
1
 40
1.0
176
1
 90
1
176
1
 90
6
176
1
 90
2
176
1
 62
7
176
1
 90
5
176
1
 90
0
176
1
 90
0
176
1
290
0
176
1
 90
1
176
1
 40
0.0
176
1
 90
0
176
1
290
0
176
1
290
1
176
1
290
1
176
1
290
0
176
1
290
0
176
1
290
0
176
1
290
0
176
1
290
0
176
1
290
0
176
1
 90
50
176
1
 40
0.0
176
1
 40
1.0
176
1
 90
0
176
1
 62
18
420
0
176
1
 90
50
176
1
 90
3
176
1
 62
5
420
255
176
1
290
0
176
1
 90
50
176
1
 90
50
176
1
 90
50
176
1
290
0
176
1
 90
50
176
1
 62
256
176
0
 40
1.0
176
0
 90
2
176
1
  1
strokes_ogs.tif
176
1
290
0
176
1
 40
1.0
176
1
 40
1.0
176
1
  0
VISUALSTYLE
  5
62
102
{ACAD_REACTORS
330
16
102
}
330
16
100
AcDbVisualStyle
  2
Flat
 70
0
177
3
291
1
 70
58
 90
2
176
1
 90
2
176
1
 90
0
176
1
 90
2
176
1
 40
0.6
176
1
 40
30.0
176
1
 62
7
420
16777215
176
1
 90
1
176
1
 90
4
176
1
 62
7
176
1
 62
257
176
1
 90
1
176
1
 90
1
176
1
 40
1.0
176
1
 90
8
176
1
 62
7
176
1
 40
1.0
176
1
 90
1
176
1
 90
6
176
1
 90
2
176
1
 62
7
176
1
 90
5
176
1
 90
0
176
1
 90
0
176
1
290
0
176
1
 90
1
176
1
 40
0.0
176
1
 90
0
176
1
290
0
176
1
290
1
176
1
290
1
176
1
290
0
176
1
290
0
176
1
290
0
176
1
290
0
176
1
290
0
176
1
290
0
176
1
 90
50
176
1
 40
0.0
176
1
 40
1.0
176
1
 90
0
176
1
 62
18
420
0
176
1
 90
50
176
1
 90
3
176
1
 62
5
420
255
176
1
290
0
176
1
 90
50
176
1
 90
50
176
1
 90
50
176
1
290
0
176
1
 90
50
176
1
 62
256
176
0
 40
1.0
176
0
 90
2
176
1
  1
strokes_ogs.tif
176
1
290
0
176
1
 40
1.0
176
1
 40
1.0
176
1
  0
VISUALSTYLE
  5
63
102
{ACAD_REACTORS
330
16
102
}
330
16
100
AcDbVisualStyle
  2
FlatWithEdges
 70
1
177
3
291
1
 70
58
 90
2
176
1
 90
2
176
1
 90
0
176
1
 90
2
176
1
 40
0.6
176
1
 40
30.0
176
1
 62
7
420
16777215
176
1
 90
1
176
1
 90
4
176
1
 62
7
176
1
 62
257
176
1
 90
1
176
1
 90
1
176
1
 40
1.0
176
1
 90
8
176
1
 62
7
176
1
 40
1.0
176
1
 90
1
176
1
 90
6
176
1
 90
2
176
1
 62
7
176
1
 90
5
176
1
 90
0
176
1
 90
0
176
1
290
0
176
1
 90
1
176
1
 40
0.0
176
1
 90
0
176
1
290
0
176
1
290
1
176
1
290
1
176
1
290
0
176
1
290
0
176
1
290
0
176
1
290
0
176
1
290
0
176
1
290
0
176
1
 90
50
176
1
 40
0.0
176
1
 40
1.0
176
1
 90
0
176
1
 62
18
420
0
176
1
 90
50
176
1
 90
3
176
1
 62
5
420
255
176
1
290
0
176
1
 90
50
176
1
 90
50
176
1
 90
50
176
1
290
0
176
1
 90
50
176
1
 62
256
176
0
 40
1.0
176
0
 90
2
176
1
  1
strokes_ogs.tif
176
1
290
0
176
1
 40
1.0
176
1
 40
1.0
176
1
  0
VISUALSTYLE
  5
64
102
{ACAD_REACTORS
330
16
102
}
330
16
100
AcDbVisualStyle
  2
Gouraud
 70
2
177
3
291
1
 70
58
 90
2
176
1
 90
2
176
1
 90
0
176
1
 90
2
176
1
 40
0.6
176
1
 40
30.0
176
1
 62
7
420
16777215
176
1
 90
1
176
1
 90
4
176
1
 62
7
176
1
 62
257
176
1
 90
1
176
1
 90
1
176
1
 40
1.0
176
1
 90
8
176
1
 62
7
176
1
 40
1.0
176
1
 90
1
176
1
 90
6
176
1
 90
2
176
1
 62
7
176
1
 90
5
176
1
 90
0
176
1
 90
0
176
1
290
0
176
1
 90
1
176
1
 40
0.0
176
1
 90
0
176
1
290
0
176
1
290
1
176
1
290
1
176
1
290
0
176
1
290
0
176
1
290
0
176
1
290
0
176
1
290
0
176
1
290
0
176
1
 90
50
176
1
 40
0.0
176
1
 40
1.0
176
1
 90
0
176
1
 62
18
420
0
176
1
 90
50
176
1
 90
3
176
1
 62
5
420
255
176
1
290
0
176
1
 90
50
176
1
 90
50
176
1
 90
50
176
1
290
0
176
1
 90
50
176
1
 62
256
176
0
 40
1.0
176
0
 90
2
176
1
  1
strokes_ogs.tif
176
1
290
0
176
1
 40
1.0
176
1
 40
1.0
176
1
  0
VISUALSTYLE
  5
65
102
{ACAD_REACTORS
330
16
102
}
330
16
100
AcDbVisualStyle
  2
GouraudWithEdges
 70
3
177
3
291
1
 70
58
 90
2
176
1
 90
2
176
1
 90
0
176
1
 90
2
176
1
 40
0.6
176
1
 40
30.0
176
1
 62
7
420
16777215
176
1
 90
1
176
1
 90
4
176
1
 62
7
176
1
 62
257
176
1
 90
1
176
1
 90
1
176
1
 40
1.0
176
1
 90
8
176
1
 62
7
176
1
 40
1.0
176
1
 90
1
176
1
 90
6
176
1
 90
2
176
1
 62
7
176
1
 90
5
176
1
 90
0
176
1
 90
0
176
1
290
0
176
1
 90
1
176
1
 40
0.0
176
1
 90
0
176
1
290
0
176
1
290
1
176
1
290
1
176
1
290
0
176
1
290
0
176
1
290
0
176
1
290
0
176
1
290
0
176
1
290
0
176
1
 90
50
176
1
 40
0.0
176
1
 40
1.0
176
1
 90
0
176
1
 62
18
420
0
176
1
 90
50
176
1
 90
3
176
1
 62
5
420
255
176
1
290
0
176
1
 90
50
176
1
 90
50
176
1
 90
50
176
1
290
0
176
1
 90
50
176
1
 62
256
176
0
 40
1.0
176
0
 90
2
176
1
  1
strokes_ogs.tif
176
1
290
0
176
1
 40
1.0
176
1
 40
1.0
176
1
  0
VISUALSTYLE
  5
66
102
{ACAD_REACTORS
330
16
102
}
330
16
100
AcDbVisualStyle
  2
Hidden
 70
6
177
3
291
0
 70
58
 90
2
176
1
 90
2
176
1
 90
0
176
1
 90
1
176
1
 40
0.6
176
1
 40
30.0
176
1
 62
7
420
16777215
176
1
 90
1
176
1
 90
4
176
1
 62
7
176
1
 62
257
176
1
 90
1
176
1
 90
1
176
1
 40
1.0
176
1
 90
8
176
1
 62
7
176
1
 40
1.0
176
1
 90
1
176
1
 90
6
176
1
 90
2
176
1
 62
7
176
1
 90
5
176
1
 90
0
176
1
 90
0
176
1
290
0
176
1
 90
1
176
1
 40
0.0
176
1
 90
0
176
1
290
0
176
1
290
1
176
1
290
1
176
1
290
0
176
1
290
0
176
1
290
0
176
1
290
0
176
1
290
0
176
1
290
0
176
1
 90
50
176
1
 40
0.0
176
1
 40
1.0
176
1
 90
0
176
1
 62
18
420
0
176
1
 90
50
176
1
 90
3
176
1
 62
5
420
255
176
1
290
0
176
1
 90
50
176
1
 90
50
176
1
 90
50
176
1
290
0
176
1
 90
50
176
1
 62
256
176
0
 40
1.0
176
0
 90
2
176
1
  1
strokes_ogs.tif
176
1
290
0
176
1
 40
1.0
176
1
 40
1.0
176
1
  0
VISUALSTYLE
  5
67
102
{ACAD_REACTORS
330
16
102
}
330
16
100
AcDbVisualStyle
  2
JitterOff
 70
20
177
3
291
1
 70
58
 90
2
176
1
 90
2
176
1
 90
0
176
1
 90
2
176
1
 40
0.6
176
1
 40
30.0
176
1
 62
7
420
16777215
176
1
 90
1
176
1
 90
4
176
1
 62
7
176
1
 62
257
176
1
 90
1
176
1
 90
1
176
1
 40
1.0
176
1
 90
8
176
1
 62
7
176
1
 40
1.0
176
1
 90
1
176
1
 90
6
176
1
 90
2
176
1
 62
7
176
1
 90
5
176
1
 90
0
176
1
 90
0
176
1
290
0
176
1
 90
1
176
1
 40
0.0
176
1
 90
0
176
1
290
0
176
1
290
1
176
1
290
1
176
1
290
0
176
1
290
0
176
1
290
0
176
1
290
0
176
1
290
0
176
1
290
0
176
1
 90
50
176
1
 40
0.0
176
1
 40
1.0
176
1
 90
0
176
1
 62
18
420
0
176
1
 90
50
176
1
 90
3
176
1
 62
5
420
255
176
1
290
0
176
1
 90
50
176
1
 90
50
176
1
 90
50
176
1
290
0
176
1
 90
50
176
1
 62
256
176
0
 40
1.0
176
0
 90
2
176
1
  1
strokes_ogs.tif
176
1
290
0
176
1
 40
1.0
176
1
 40
1.0
176
1
  0
VISUALSTYLE
  5
68
102
{ACAD_REACTORS
330
16
102
}
330
16
100
AcDbVisualStyle
  2
Linepattern
 70
14
177
3
291
1
 70
58
 90
2
176
1
 90
2
176
1
 90
0
176
1
 90
2
176
1
 40
0.6
176
1
 40
30.0
176
1
 62
7
420
16777215
176
1
 90
1
176
1
 90
4
176
1
 62
7
176
1
 62
257
176
1
 90
1
176
1
 90
1
176
1
 40
1.0
176
1
 90
8
176
1
 62
7
176
1
 40
1.0
176
1
 90
1
176
1
 90
6
176
1
 90
2
176
1
 62
7
176
1
 90
5
176
1
 90
0
176
1
 90
0
176
1
290
0
176
1
 90
1
176
1
 40
0.0
176
1
 90
0
176
1
290
0
176
1
290
1
176
1
290
1
176
1
290
0
176
1
290
0
176
1
290
0
176
1
290
0
176
1
290
0
176
1
290
0
176
1
 90
50
176
1
 40
0.0
176
1
 40
1.0
176
1
 90
0
176
1
 62
18
420
0
176
1
 90
50
176
1
 90
3
176
1
 62
5
420
255
176
1
290
0
176
1
 90
50
176
1
 90
50
176
1
 90
50
176
1
290
0
176
1
 90
50
176
1
 62
256
176
0
 40
1.0
176
0
 90
2
176
1
  1
strokes_ogs.tif
176
1
290
0
176
1
 40
1.0
176
1
 40
1.0
176
1
  0
VISUALSTYLE
  5
69
102
{ACAD_REACTORS
330
16
102
}
330
16
100
AcDbVisualStyle
  2
Modeling
 70
10
177
3
291
0
 70
58
 90
2
176
1
 90
2
176
1
 90
0
176
1
 90
2
176
1
 40
0.6
176
1
 40
30.0
176
1
 62
7
420
16777215
176
1
 90
1
176
1
 90
4
176
1
 62
7
176
1
 62
257
176
1
 90
1
176
1
 90
1
176
1
 40
1.0
176
1
 90
8
176
1
 62
7
176
1
 40
1.0
176
1
 90
1
176
1
 90
6
176
1
 90
2
176
1
 62
7
176
1
 90
5
176
1
 90
0
176
1
 90
0
176
1
290
0
176
1
 90
1
176
1
 40
0.0
176
1
 90
0
176
1
290
0
176
1
290
1
176
1
290
1
176
1
290
0
176
1
290
0
176
1
290
0
176
1
290
0
176
1
290
0
176
1
290
0
176
1
 90
50
176
1
 40
0.0
176
1
 40
1.0
176
1
 90
0
176
1
 62
18
420
0
176
1
 90
50
176
1
 90
3
176
1
 62
5
420
255
176
1
290
0
176
1
 90
50
176
1
 90
50
176
1
 90
50
176
1
290
0
176
1
 90
50
176
1
 62
256
176
0
 40
1.0
176
0
 90
2
176
1
  1
strokes_ogs.tif
176
1
290
0
176
1
 40
1.0
176
1
 40
1.0
176
1
  0
VISUALSTYLE
  5
6A
102
{ACAD_REACTORS
330
16
102
}
330
16
100
AcDbVisualStyle
  2
OverhangOff
 70
21
177
3
291
1
 70
58
 90
2
176
1
 90
2
176
1
 90
0
176
1
 90
2
176
1
 40
0.6
176
1
 40
30.0
176
1
 62
7
420
16777215
176
1
 90
1
176
1
 90
4
176
1
 62
7
176
1
 62
257
176
1
 90
1
176
1
 90
1
176
1
 40
1.0
176
1
 90
8
176
1
 62
7
176
1
 40
1.0
176
1
 90
1
176
1
 90
6
176
1
 90
2
176
1
 62
7
176
1
 90
5
176
1
 90
0
176
1
 90
0
176
1
290
0
176
1
 90
1
176
1
 40
0.0
176
1
 90
0
176
1
290
0
176
1
290
1
176
1
290
1
176
1
290
0
176
1
290
0
176
1
290
0
176
1
290
0
176
1
290
0
176
1
290
0
176
1
 90
50
176
1
 40
0.0
176
1
 40
1.0
176
1
 90
0
176
1
 62
18
420
0
176
1
 90
50
176
1
 90
3
176
1
 62
5
420
255
176
1
290
0
176
1
 90
50
176
1
 90
50
176
1
 90
50
176
1
290
0
176
1
 90
50
176
1
 62
256
176
0
 40
1.0
176
0
 90
2
176
1
  1
strokes_ogs.tif
176
1
290
0
176
1
 40
1.0
176
1
 40
1.0
176
1
  0
VISUALSTYLE
  5
6B
102
{ACAD_REACTORS
330
16
102
}
330
16
100
AcDbVisualStyle
  2
Realistic
 70
8
177
3
291
0
 70
58
 90
2
176
1
 90
2
176
1
 90
0
176
1
 90
2
176
1
 40
0.6
176
1
 40
30.0
176
1
 62
7
420
16777215
176
1
 90
1
176
1
 90
4
176
1
 62
7
176
1
 62
257
176
1
 90
1
176
1
 90
1
176
1
 40
1.0
176
1
 90
8
176
1
 62
7
176
1
 40
1.0
176
1
 90
1
176
1
 90
6
176
1
 90
2
176
1
 62
7
176
1
 90
5
176
1
 90
0
176
1
 90
0
176
1
290
0
176
1
 90
1
176
1
 40
0.0
176
1
 90
0
176
1
290
0
176
1
290
1
176
1
290
1
176
1
290
0
176
1
290
0
176
1
290
0
176
1
290
0
176
1
290
0
176
1
290
0
176
1
 90
50
176
1
 40
0.0
176
1
 40
1.0
176
1
 90
0
176
1
 62
18
420
0
176
1
 90
50
176
1
 90
3
176
1
 62
5
420
255
176
1
290
0
176
1
 90
50
176
1
 90
50
176
1
 90
50
176
1
290
0
176
1
 90
50
176
1
 62
256
176
0
 40
1.0
176
0
 90
2
176
1
  1
strokes_ogs.tif
176
1
290
0
176
1
 40
1.0
176
1
 40
1.0
176
1
  0
VISUALSTYLE
  5
6C
102
{ACAD_REACTORS
330
16
102
}
330
16
100
AcDbVisualStyle
  2
Shaded
 70
27
177
3
291
0
 70
58
 90
2
176
1
 90
2
176
1
 90
0
176
1
 90
2
176
1
 40
0.6
176
1
 40
30.0
176
1
 62
7
420
16777215
176
1
 90
1
176
1
 90
4
176
1
 62
7
176
1
 62
257
176
1
 90
1
176
1
 90
1
176
1
 40
1.0
176
1
 90
8
176
1
 62
7
176
1
 40
1.0
176
1
 90
1
176
1
 90
6
176
1
 90
2
176
1
 62
7
176
1
 90
5
176
1
 90
0
176
1
 90
0
176
1
290
0
176
1
 90
1
176
1
 40
0.0
176
1
 90
0
176
1
290
0
176
1
290
1
176
1
290
1
176
1
290
0
176
1
290
0
176
1
290
0
176
1
290
0
176
1
290
0
176
1
290
0
176
1
 90
50
176
1
 40
0.0
176
1
 40
1.0
176
1
 90
0
176
1
 62
18
420
0
176
1
 90
50
176
1
 90
3
176
1
 62
5
420
255
176
1
290
0
176
1
 90
50
176
1
 90
50
176
1
 90
50
176
1
290
0
176
1
 90
50
176
1
 62
256
176
0
 40
1.0
176
0
 90
2
176
1
  1
strokes_ogs.tif
176
1
290
0
176
1
 40
1.0
176
1
 40
1.0
176
1
  0
VISUALSTYLE
  5
6D
102
{ACAD_REACTORS
330
16
102
}
330
16
100
AcDbVisualStyle
  2
Shaded with edges
 70
26
177
3
291
0
 70
58
 90
2
176
1
 90
2
176
1
 90
0
176
1
 90
2
176
1
 40
0.6
176
1
 40
30.0
176
1
 62
7
420
16777215
176
1
 90
1
176
1
 90
4
176
1
 62
7
176
1
 62
257
176
1
 90
1
176
1
 90
1
176
1
 40
1.0
176
1
 90
8
176
1
 62
7
176
1
 40
1.0
176
1
 90
1
176
1
 90
6
176
1
 90
2
176
1
 62
7
176
1
 90
5
176
1
 90
0
176
1
 90
0
176
1
290
0
176
1
 90
1
176
1
 40
0.0
176
1
 90
0
176
1
290
0
176
1
290
1
176
1
290
1
176
1
290
0
176
1
290
0
176
1
290
0
176
1
290
0
176
1
290
0
176
1
290
0
176
1
 90
50
176
1
 40
0.0
176
1
 40
1.0
176
1
 90
0
176
1
 62
18
420
0
176
1
 90
50
176
1
 90
3
176
1
 62
5
420
255
176
1
290
0
176
1
 90
50
176
1
 90
50
176
1
 90
50
176
1
290
0
176
1
 90
50
176
1
 62
256
176
0
 40
1.0
176
0
 90
2
176
1
  1
strokes_ogs.tif
176
1
290
0
176
1
 40
1.0
176
1
 40
1.0
176
1
  0
VISUALSTYLE
  5
6E
102
{ACAD_REACTORS
330
16
102
}
330
16
100
AcDbVisualStyle
  2
Shades of Gray
 70
23
177
3
291
0
 70
58
 90
2
176
1
 90
2
176
1
 90
0
176
1
 90
2
176
1
 40
0.6
176
1
 40
30.0
176
1
 62
7
420
16777215
176
1
 90
1
176
1
 90
4
176
1
 62
7
176
1
 62
257
176
1
 90
1
176
1
 90
1
176
1
 40
1.0
176
1
 90
8
176
1
 62
7
176
1
 40
1.0
176
1
 90
1
176
1
 90
6
176
1
 90
2
176
1
 62
7
176
1
 90
5
176
1
 90
0
176
1
 90
0
176
1
290
0
176
1
 90
1
176
1
 40
0.0
176
1
 90
0
176
1
290
0
176
1
290
1
176
1
290
1
176
1
290
0
176
1
290
0
176
1
290
0
176
1
290
0
176
1
290
0
176
1
290
0
176
1
 90
50
176
1
 40
0.0
176
1
 40
1.0
176
1
 90
0
176
1
 62
18
420
0
176
1
 90
50
176
1
 90
3
176
1
 62
5
420
255
176
1
290
0
176
1
 90
50
176
1
 90
50
176
1
 90
50
176
1
290
0
176
1
 90
50
176
1
 62
256
176
0
 40
1.0
176
0
 90
2
176
1
  1
strokes_ogs.tif
176
1
290
0
176
1
 40
1.0
176
1
 40
1.0
176
1
  0
VISUALSTYLE
  5
6F
102
{ACAD_REACTORS
330
16
102
}
330
16
100
AcDbVisualStyle
  2
Sketchy
 70
24
177
3
291
0
 70
58
 90
2
176
1
 90
2
176
1
 90
0
176
1
 90
1
176
1
 40
0.6
176
1
 40
30.0
176
1
 62
7
420
16777215
176
1
 90
1
176
1
 90
4
176
1
 62
7
176
1
 62
257
176
1
 90
1
176
1
 90
1
176
1
 40
1.0
176
1
 90
8
176
1
 62
7
176
1
 40
1.0
176
1
 90
1
176
1
 90
6
176
1
 90
2
176
1
 62
7
176
1
 90
5
176
1
 90
0
176
1
 90
0
176
1
290
0
176
1
 90
1
176
1
 40
0.0
176
1
 90
0
176
1
290
0
176
1
290
1
176
1
290
1
176
1
290
0
176
1
290
0
176
1
290
0
176
1
290
0
176
1
290
0
176
1
290
0
176
1
 90
50
176
1
 40
0.0
176
1
 40
1.0
176
1
 90
0
176
1
 62
18
420
0
176
1
 90
50
176
1
 90
3
176
1
 62
5
420
255
176
1
290
0
176
1
 90
50
176
1
 90
50
176
1
 90
50
176
1
290
0
176
1
 90
50
176
1
 62
256
176
0
 40
1.0
176
0
 90
2
176
1
  1
strokes_ogs.tif
176
1
290
0
176
1
 40
1.0
176
1
 40
1.0
176
1
  0
VISUALSTYLE
  5
70
102
{ACAD_REACTORS
330
16
102
}
330
16
100
AcDbVisualStyle
  2
Thicken
 70
13
177
3
291
1
 70
58
 90
2
176
1
 90
2
176
1
 90
0
176
1
 90
2
176
1
 40
0.6
176
1
 40
30.0
176
1
 62
7
420
16777215
176
1
 90
1
176
1
 90
4
176
1
 62
7
176
1
 62
257
176
1
 90
1
176
1
 90
1
176
1
 40
1.0
176
1
 90
8
176
1
 62
7
176
1
 40
1.0
176
1
 90
1
176
1
 90
6
176
1
 90
2
176
1
 62
7
176
1
 90
5
176
1
 90
0
176
1
 90
0
176
1
290
0
176
1
 90
1
176
1
 40
0.0
176
1
 90
0
176
1
290
0
176
1
290
1
176
1
290
1
176
1
290
0
176
1
290
0
176
1
290
0
176
1
290
0
176
1
290
0
176
1
290
0
176
1
 90
50
176
1
 40
0.0
176
1
 40
1.0
176
1
 90
0
176
1
 62
18
420
0
176
1
 90
50
176
1
 90
3
176
1
 62
5
420
255
176
1
290
0
176
1
 90
50
176
1
 90
50
176
1
 90
50
176
1
290
0
176
1
 90
50
176
1
 62
256
176
0
 40
1.0
176
0
 90
2
176
1
  1
strokes_ogs.tif
176
1
290
0
176
1
 40
1.0
176
1
 40
1.0
176
1
  0
VISUALSTYLE
  5
71
102
{ACAD_REACTORS
330
16
102
}
330
16
100
AcDbVisualStyle
  2
Wireframe
 70
5
177
3
291
0
 70
58
 90
2
176
1
 90
2
176
1
 90
0
176
1
 90
0
176
1
 40
0.6
176
1
 40
30.0
176
1
 62
7
420
16777215
176
1
 90
1
176
1
 90
4
176
1
 62
7
176
1
 62
257
176
1
 90
1
176
1
 90
1
176
1
 40
1.0
176
1
 90
8
176
1
 62
7
176
1
 40
1.0
176
1
 90
1
176
1
 90
6
176
1
 90
2
176
1
 62
7
176
1
 90
5
176
1
 90
0
176
1
 90
0
176
1
290
0
176
1
 90
1
176
1
 40
0.0
176
1
 90
0
176
1
290
0
176
1
290
1
176
1
290
1
176
1
290
0
176
1
290
0
176
1
290
0
176
1
290
0
176
1
290
0
176
1
290
0
176
1
 90
50
176
1
 40
0.0
176
1
 40
1.0
176
1
 90
0
176
1
 62
18
420
0
176
1
 90
50
176
1
 90
3
176
1
 62
5
420
255
176
1
290
0
176
1
 90
50
176
1
 90
50
176
1
 90
50
176
1
290
0
176
1
 90
50
176
1
 62
256
176
0
 40
1.0
176
0
 90
2
176
1
  1
strokes_ogs.tif
176
1
290
0
176
1
 40
1.0
176
1
 40
1.0
176
1
  0
VISUALSTYLE
  5
72
102
{ACAD_REACTORS
330
16
102
}
330
16
100
AcDbVisualStyle
  2
X-Ray
 70
25
177
3
291
0
 70
58
 90
2
176
1
 90
2
176
1
 90
0
176
1
 90
2
176
1
 40
0.5
176
1
 40
30.0
176
1
 62
7
420
16777215
176
1
 90
1
176
1
 90
4
176
1
 62
7
176
1
 62
257
176
1
 90
1
176
1
 90
1
176
1
 40
1.0
176
1
 90
8
176
1
 62
7
176
1
 40
1.0
176
1
 90
1
176
1
 90
6
176
1
 90
2
176
1
 62
7
176
1
 90
5
176
1
 90
0
176
1
 90
0
176
1
290
0
176
1
 90
1
176
1
 40
0.0
176
1
 90
0
176
1
290
0
176
1
290
1
176
1
290
1
176
1
290
0
176
1
290
0
176
1
290
0
176
1
290
0
176
1
290
0
176
1
290
0
176
1
 90
50
176
1
 40
0.0
176
1
 40
1.0
176
1
 90
0
176
1
 62
18
420
0
176
1
 90
50
176
1
 90
3
176
1
 62
5
420
255
176
1
290
0
176
1
 90
50
176
1
 90
50
176
1
 90
50
176
1
290
0
176
1
 90
50
176
1
 62
256
176
0
 40
1.0
176
0
 90
2
176
1
  1
strokes_ogs.tif
176
1
290
0
176
1
 40
1.0
176
1
 40
1.0
176
1
  0
DICTIONARYVAR
  5
658
330
2D
100
DictionaryVariables
280
0
  1
1.4.3 @ 2026-04-26T11:12:03.962809+00:00
  0
ENDSEC
  0
EOF
