  0
SECTION
  2
HEADER
  9
$ACADVER
  1
AC1032
  9
$ACADMAINTVER
 90
4
  9
$DWGCODEPAGE
  3
ANSI_1252
  9
$LASTSAVEDBY
  1
ezdxf
  9
$REQUIREDVERSIONS
160
0
  9
$INSBASE
 10
0.0
 20
0.0
 30
0.0
  9
$EXTMIN
 10
1e+20
 20
1e+20
 30
1e+20
  9
$EXTMAX
 10
-1e+20
 20
-1e+20
 30
-1e+20
  9
$LIMMIN
 10
0.0
 20
0.0
  9
$LIMMAX
 10
420.0
 20
297.0
  9
$ORTHOMODE
 70
0
  9
$REGENMODE
 70
1
  9
$FILLMODE
 70
1
  9
$QTEXTMODE
 70
0
  9
$MIRRTEXT
 70
1
  9
$LTSCALE
 40
1.0
  9
$ATTMODE
 70
1
  9
$TEXTSIZE
 40
2.5
  9
$TRACEWID
 40
1.0
  9
$TEXTSTYLE
  7
OpenSans
  9
$CLAYER
  8
0
  9
$CELTYPE
  6
ByLayer
  9
$CECOLOR
 62
256
  9
$CELTSCALE
 40
1.0
  9
$DISPSILH
 70
0
  9
$DIMSCALE
 40
1.0
  9
$DIMASZ
 40
0.175
  9
$DIMEXO
 40
0.125
  9
$DIMDLI
 40
3.75
  9
$DIMRND
 40
0.0
  9
$DIMDLE
 40
0.0
  9
$DIMEXE
 40
0.375
  9
$DIMTP
 40
0.0
  9
$DIMTM
 40
0.0
  9
$DIMTXT
 40
0.25
  9
$DIMCEN
 40
2.5
  9
$DIMTSZ
 40
0.0
  9
$DIMTOL
 70
0
  9
$DIMLIM
 70
0
  9
$DIMTIH
 70
0
  9
$DIMTOH
 70
0
  9
$DIMSE1
 70
0
  9
$DIMSE2
 70
0
  9
$DIMTAD
 70
1
  9
$DIMZIN
 70
12
  9
$DIMBLK
  1
ARCHTICK
  9
$DIMASO
 70
1
  9
$DIMSHO
 70
1
  9
$DIMPOST
  1

  9
$DIMAPOST
  1

  9
$DIMALT
 70
0
  9
$DIMALTD
 70
3
  9
$DIMALTF
 40
0.03937007874
  9
$DIMLFAC
 40
100.0
  9
$DIMTOFL
 70
1
  9
$DIMTVP
 40
0.0
  9
$DIMTIX
 70
0
  9
$DIMSOXD
 70
0
  9
$DIMSAH
 70
0
  9
$DIMBLK1
  1

  9
$DIMBLK2
  1

  9
$DIMSTYLE
  2
EZDXF
  9
$DIMCLRD
 70
0
  9
$DIMCLRE
 70
0
  9
$DIMCLRT
 70
0
  9
$DIMTFAC
 40
0.5
  9
$DIMGAP
 40
0.1
  9
$DIMJUST
 70
0
  9
$DIMSD1
 70
0
  9
$DIMSD2
 70
0
  9
$DIMTOLJ
 70
0
  9
$DIMTZIN
 70
8
  9
$DIMALTZ
 70
0
  9
$DIMALTTZ
 70
0
  9
$DIMUPT
 70
1
  9
$DIMDEC
 70
2
  9
$DIMTDEC
 70
2
  9
$DIMALTU
 70
2
  9
$DIMALTTD
 70
3
  9
$DIMTXSTY
  7
OpenSansCondensed-Light
  9
$DIMAUNIT
 70
0
  9
$DIMADEC
 70
2
  9
$DIMALTRND
 40
0.0
  9
$DIMAZIN
 70
3
  9
$DIMDSEP
 70
46
  9
$DIMATFIT
 70
3
  9
$DIMFRAC
 70
0
  9
$DIMLDRBLK
  1

  9
$DIMLUNIT
 70
2
  9
$DIMLWD
 70
-2
  9
$DIMLWE
 70
-2
  9
$DIMTMOVE
 70
2
  9
$DIMFXL
 40
1.0
  9
$DIMFXLON
 70
0
  9
$DIMJOGANG
 40
0.785398163397
  9
$DIMTFILL
 70
0
  9
$DIMTFILLCLR
 70
0
  9
$DIMARCSYM
 70
0
  9
$DIMLTYPE
  6

  9
$DIMLTEX1
  6

  9
$DIMLTEX2
  6

  9
$DIMTXTDIRECTION
 70
0
  9
$LUNITS
 70
2
  9
$LUPREC
 70
4
  9
$SKETCHINC
 40
1.0
  9
$FILLETRAD
 40
10.0
  9
$AUNITS
 70
0
  9
$AUPREC
 70
2
  9
$MENU
  1
.
  9
$ELEVATION
 40
0.0
  9
$PELEVATION
 40
0.0
  9
$THICKNESS
 40
0.0
  9
$LIMCHECK
 70
0
  9
$CHAMFERA
 40
0.0
  9
$CHAMFERB
 40
0.0
  9
$CHAMFERC
 40
0.0
  9
$CHAMFERD
 40
0.0
  9
$SKPOLY
 70
0
  9
$TDCREATE
 40
2461158.5606712964
  9
$TDUCREATE
 40
2458532.153996898
  9
$TDUPDATE
 40
2461158.5606828704
  9
$TDUUPDATE
 40
2458532.1544311
  9
$TDINDWG
 40
0.0
  9
$TDUSRTIMER
 40
0.0
  9
$USRTIMER
 70
1
  9
$ANGBASE
 50
0.0
  9
$ANGDIR
 70
0
  9
$PDMODE
 70
0
  9
$PDSIZE
 40
0.0
  9
$PLINEWID
 40
0.0
  9
$SPLFRAME
 70
0
  9
$SPLINETYPE
 70
6
  9
$SPLINESEGS
 70
8
  9
$HANDSEED
  5
A15
  9
$SURFTAB1
 70
6
  9
$SURFTAB2
 70
6
  9
$SURFTYPE
 70
6
  9
$SURFU
 70
6
  9
$SURFV
 70
6
  9
$UCSBASE
  2

  9
$UCSNAME
  2

  9
$UCSORG
 10
0.0
 20
0.0
 30
0.0
  9
$UCSXDIR
 10
1.0
 20
0.0
 30
0.0
  9
$UCSYDIR
 10
0.0
 20
1.0
 30
0.0
  9
$UCSORTHOREF
  2

  9
$UCSORTHOVIEW
 70
0
  9
$UCSORGTOP
 10
0.0
 20
0.0
 30
0.0
  9
$UCSORGBOTTOM
 10
0.0
 20
0.0
 30
0.0
  9
$UCSORGLEFT
 10
0.0
 20
0.0
 30
0.0
  9
$UCSORGRIGHT
 10
0.0
 20
0.0
 30
0.0
  9
$UCSORGFRONT
 10
0.0
 20
0.0
 30
0.0
  9
$UCSORGBACK
 10
0.0
 20
0.0
 30
0.0
  9
$PUCSBASE
  2

  9
$PUCSNAME
  2

  9
$PUCSORG
 10
0.0
 20
0.0
 30
0.0
  9
$PUCSXDIR
 10
1.0
 20
0.0
 30
0.0
  9
$PUCSYDIR
 10
0.0
 20
1.0
 30
0.0
  9
$PUCSORTHOREF
  2

  9
$PUCSORTHOVIEW
 70
0
  9
$PUCSORGTOP
 10
0.0
 20
0.0
 30
0.0
  9
$PUCSORGBOTTOM
 10
0.0
 20
0.0
 30
0.0
  9
$PUCSORGLEFT
 10
0.0
 20
0.0
 30
0.0
  9
$PUCSORGRIGHT
 10
0.0
 20
0.0
 30
0.0
  9
$PUCSORGFRONT
 10
0.0
 20
0.0
 30
0.0
  9
$PUCSORGBACK
 10
0.0
 20
0.0
 30
0.0
  9
$USERI1
 70
0
  9
$USERI2
 70
0
  9
$USERI3
 70
0
  9
$USERI4
 70
0
  9
$USERI5
 70
0
  9
$USERR1
 40
0.0
  9
$USERR2
 40
0.0
  9
$USERR3
 40
0.0
  9
$USERR4
 40
0.0
  9
$USERR5
 40
0.0
  9
$WORLDVIEW
 70
1
  9
$SHADEDGE
 70
3
  9
$SHADEDIF
 70
70
  9
$TILEMODE
 70
1
  9
$MAXACTVP
 70
64
  9
$PINSBASE
 10
0.0
 20
0.0
 30
0.0
  9
$PLIMCHECK
 70
0
  9
$PEXTMIN
 10
1e+20
 20
1e+20
 30
1e+20
  9
$PEXTMAX
 10
-1e+20
 20
-1e+20
 30
-1e+20
  9
$PLIMMIN
 10
0.0
 20
0.0
  9
$PLIMMAX
 10
420.0
 20
297.0
  9
$UNITMODE
 70
0
  9
$VISRETAIN
 70
1
  9
$PLINEGEN
 70
0
  9
$PSLTSCALE
 70
1
  9
$TREEDEPTH
 70
3020
  9
$CMLSTYLE
  2
Standard
  9
$CMLJUST
 70
0
  9
$CMLSCALE
 40
20.0
  9
$PROXYGRAPHICS
 70
1
  9
$MEASUREMENT
 70
1
  9
$CELWEIGHT
370
-1
  9
$ENDCAPS
280
0
  9
$JOINSTYLE
280
0
  9
$LWDISPLAY
290
0
  9
$INSUNITS
 70
4
  9
$HYPERLINKBASE
  1

  9
$STYLESHEET
  1

  9
$XEDIT
290
1
  9
$CEPSNTYPE
380
0
  9
$PSTYLEMODE
290
1
  9
$FINGERPRINTGUID
  2
{AFFCDE6F-B095-4C7E-BC70-9D61E713E22C}
  9
$VERSIONGUID
  2
{BF267771-508B-42A8-8BE7-76A1AE097CF5}
  9
$EXTNAMES
290
1
  9
$PSVPSCALE
 40
0.0
  9
$OLESTARTUP
290
0
  9
$SORTENTS
280
127
  9
$INDEXCTL
280
0
  9
$HIDETEXT
280
1
  9
$XCLIPFRAME
280
1
  9
$HALOGAP
280
0
  9
$OBSCOLOR
 70
257
  9
$OBSLTYPE
280
0
  9
$INTERSECTIONDISPLAY
280
0
  9
$INTERSECTIONCOLOR
 70
257
  9
$DIMASSOC
280
2
  9
$PROJECTNAME
  1

  9
$CAMERADISPLAY
290
0
  9
$LENSLENGTH
 40
50.0
  9
$CAMERAHEIGHT
 40
0.0
  9
$STEPSPERSEC
 40
24.0
  9
$STEPSIZE
 40
100.0
  9
$3DDWFPREC
 40
2.0
  9
$PSOLWIDTH
 40
0.005
  9
$PSOLHEIGHT
 40
0.08
  9
$LOFTANG1
 40
1.570796326795
  9
$LOFTANG2
 40
1.570796326795
  9
$LOFTMAG1
 40
0.0
  9
$LOFTMAG2
 40
0.0
  9
$LOFTPARAM
 70
7
  9
$LOFTNORMALS
280
1
  9
$LATITUDE
 40
37.795
  9
$LONGITUDE
 40
-122.394
  9
$NORTHDIRECTION
 40
0.0
  9
$TIMEZONE
 70
-8000
  9
$LIGHTGLYPHDISPLAY
280
1
  9
$TILEMODELIGHTSYNCH
280
1
  9
$CMATERIAL
347
20
  9
$SOLIDHIST
280
0
  9
$SHOWHIST
280
1
  9
$DWFFRAME
280
2
  9
$DGNFRAME
280
2
  9
$REALWORLDSCALE
290
1
  9
$INTERFERECOLOR
 62
256
  9
$CSHADOW
280
0
  9
$SHADOWPLANELOCATION
 40
0.0
  0
ENDSEC
  0
SECTION
  2
CLASSES
  0
CLASS
  1
ACDBDICTIONARYWDFLT
  2
AcDbDictionaryWithDefault
  3
ObjectDBX Classes
 90
0
 91
0
280
0
281
0
  0
CLASS
  1
SUN
  2
AcDbSun
  3
SCENEOE
 90
1153
 91
0
280
0
281
0
  0
CLASS
  1
VISUALSTYLE
  2
AcDbVisualStyle
  3
ObjectDBX Classes
 90
4095
 91
0
280
0
281
0
  0
CLASS
  1
MATERIAL
  2
AcDbMaterial
  3
ObjectDBX Classes
 90
1153
 91
0
280
0
281
0
  0
CLASS
  1
SCALE
  2
AcDbScale
  3
ObjectDBX Classes
 90
1153
 91
0
280
0
281
0
  0
CLASS
  1
TABLESTYLE
  2
AcDbTableStyle
  3
ObjectDBX Classes
 90
4095
 91
0
280
0
281
0
  0
CLASS
  1
MLEADERSTYLE
  2
AcDbMLeaderStyle
  3
ACDB_MLEADERSTYLE_CLASS
 90
4095
 91
0
280
0
281
0
  0
CLASS
  1
DICTIONARYVAR
  2
AcDbDictionaryVar
  3
ObjectDBX Classes
 90
0
 91
0
280
0
281
0
  0
CLASS
  1
CELLSTYLEMAP
  2
AcDbCellStyleMap
  3
ObjectDBX Classes
 90
1152
 91
0
280
0
281
0
  0
CLASS
  1
MENTALRAYRENDERSETTINGS
  2
AcDbMentalRayRenderSettings
  3
SCENEOE
 90
1024
 91
0
280
0
281
0
  0
CLASS
  1
ACDBDETAILVIEWSTYLE
  2
AcDbDetailViewStyle
  3
ObjectDBX Classes
 90
1025
 91
0
280
0
281
0
  0
CLASS
  1
ACDBSECTIONVIEWSTYLE
  2
AcDbSectionViewStyle
  3
ObjectDBX Classes
 90
1025
 91
0
280
0
281
0
  0
CLASS
  1
RASTERVARIABLES
  2
AcDbRasterVariables
  3
ISM
 90
0
 91
0
280
0
281
0
  0
CLASS
  1
ACDBPLACEHOLDER
  2
AcDbPlaceHolder
  3
ObjectDBX Classes
 90
0
 91
0
280
0
281
0
  0
CLASS
  1
LAYOUT
  2
AcDbLayout
  3
ObjectDBX Classes
 90
0
 91
0
280
0
281
0
  0
ENDSEC
  0
SECTION
  2
TABLES
  0
TABLE
  2
VPORT
  5
8
330
0
100
AcDbSymbolTable
 70
1
  0
VPORT
  5
23
330
8
100
AcDbSymbolTableRecord
100
AcDbViewportTableRecord
  2
*Active
 70
0
 10
0.0
 20
0.0
 11
1.0
 21
1.0
 12
0.0
 22
0.0
 13
0.0
 23
0.0
 14
0.5
 24
0.5
 15
0.5
 25
0.5
 16
0.0
 26
0.0
 36
1.0
 17
0.0
 27
0.0
 37
0.0
 40
1000.0
 41
1.34
 42
50.0
 43
0.0
 44
0.0
 50
0.0
 51
0.0
 71
0
 72
1000
 73
1
 74
3
 75
0
 76
0
 77
0
 78
0
281
0
 65
0
146
0.0
  0
ENDTAB
  0
TABLE
  2
LTYPE
  5
2
330
0
100
AcDbSymbolTable
 70
24
  0
LTYPE
  5
24
330
2
100
AcDbSymbolTableRecord
100
AcDbLinetypeTableRecord
  2
ByBlock
 70
0
  3

 72
65
 73
0
 40
0.0
  0
LTYPE
  5
25
330
2
100
AcDbSymbolTableRecord
100
AcDbLinetypeTableRecord
  2
ByLayer
 70
0
  3

 72
65
 73
0
 40
0.0
  0
LTYPE
  5
26
330
2
100
AcDbSymbolTableRecord
100
AcDbLinetypeTableRecord
  2
Continuous
 70
0
  3

 72
65
 73
0
 40
0.0
  0
LTYPE
  5
2F
330
2
100
AcDbSymbolTableRecord
100
AcDbLinetypeTableRecord
  2
CENTER
 70
0
  3
Center ____ _ ____ _ ____ _ ____ _ ____ _ ____
 72
65
 73
4
 40
5.08
 49
3.175
 74
0
 49
-0.635
 74
0
 49
0.635
 74
0
 49
-0.635
 74
0
  0
LTYPE
  5
30
330
2
100
AcDbSymbolTableRecord
100
AcDbLinetypeTableRecord
  2
CENTERX2
 70
0
  3
Center (2x) ________  __  ________  __  ________
 72
65
 73
4
 40
8.89
 49
6.35
 74
0
 49
-0.635
 74
0
 49
1.27
 74
0
 49
-0.635
 74
0
  0
LTYPE
  5
31
330
2
100
AcDbSymbolTableRecord
100
AcDbLinetypeTableRecord
  2
CENTER2
 70
0
  3
Center (.5x) ____ _ ____ _ ____ _ ____ _ ____
 72
65
 73
4
 40
2.54
 49
1.587
 74
0
 49
-0.318
 74
0
 49
0.318
 74
0
 49
-0.318
 74
0
  0
LTYPE
  5
32
330
2
100
AcDbSymbolTableRecord
100
AcDbLinetypeTableRecord
  2
DASHED
 70
0
  3
Dashed __ __ __ __ __ __ __ __ __ __ __ __ __ _
 72
65
 73
2
 40
1.524
 49
1.27
 74
0
 49
-0.254
 74
0
  0
LTYPE
  5
33
330
2
100
AcDbSymbolTableRecord
100
AcDbLinetypeTableRecord
  2
DASHEDX2
 70
0
  3
Dashed (2x) ____  ____  ____  ____  ____  ____
 72
65
 73
2
 40
3.048
 49
2.54
 74
0
 49
-0.508
 74
0
  0
LTYPE
  5
34
330
2
100
AcDbSymbolTableRecord
100
AcDbLinetypeTableRecord
  2
DASHED2
 70
0
  3
Dashed (.5x) _ _ _ _ _ _ _ _ _ _ _ _ _ _
 72
65
 73
2
 40
0.762
 49
0.635
 74
0
 49
-0.127
 74
0
  0
LTYPE
  5
35
330
2
100
AcDbSymbolTableRecord
100
AcDbLinetypeTableRecord
  2
PHANTOM
 70
0
  3
Phantom ______  __  __  ______  __  __  ______
 72
65
 73
6
 40
6.35
 49
3.175
 74
0
 49
-0.635
 74
0
 49
0.635
 74
0
 49
-0.635
 74
0
 49
0.635
 74
0
 49
-0.635
 74
0
  0
LTYPE
  5
36
330
2
100
AcDbSymbolTableRecord
100
AcDbLinetypeTableRecord
  2
PHANTOMX2
 70
0
  3
Phantom (2x)____________    ____    ____    ____________
 72
65
 73
6
 40
10.795
 49
6.35
 74
0
 49
-0.635
 74
0
 49
1.27
 74
0
 49
-0.635
 74
0
 49
1.27
 74
0
 49
-0.635
 74
0
  0
LTYPE
  5
37
330
2
100
AcDbSymbolTableRecord
100
AcDbLinetypeTableRecord
  2
PHANTOM2
 70
0
  3
Phantom (.5x) ___ _ _ ___ _ _ ___ _ _ ___ _ _ ___
 72
65
 73
6
 40
3.175
 49
1.587
 74
0
 49
-0.318
 74
0
 49
0.318
 74
0
 49
-0.318
 74
0
 49
0.318
 74
0
 49
-0.318
 74
0
  0
LTYPE
  5
38
330
2
100
AcDbSymbolTableRecord
100
AcDbLinetypeTableRecord
  2
DASHDOT
 70
0
  3
Dash dot __ . __ . __ . __ . __ . __ . __ . __
 72
65
 73
4
 40
3.556
 49
2.54
 74
0
 49
-0.508
 74
0
 49
0.0
 74
0
 49
-0.508
 74
0
  0
LTYPE
  5
39
330
2
100
AcDbSymbolTableRecord
100
AcDbLinetypeTableRecord
  2
DASHDOTX2
 70
0
  3
Dash dot (2x) ____  .  ____  .  ____  .  ____
 72
65
 73
4
 40
6.096
 49
5.08
 74
0
 49
-0.508
 74
0
 49
0.0
 74
0
 49
-0.508
 74
0
  0
LTYPE
  5
3A
330
2
100
AcDbSymbolTableRecord
100
AcDbLinetypeTableRecord
  2
DASHDOT2
 70
0
  3
Dash dot (.5x) _ . _ . _ . _ . _ . _ . _ . _
 72
65
 73
4
 40
1.778
 49
1.27
 74
0
 49
-0.254
 74
0
 49
0.0
 74
0
 49
-0.254
 74
0
  0
LTYPE
  5
3B
330
2
100
AcDbSymbolTableRecord
100
AcDbLinetypeTableRecord
  2
DOT
 70
0
  3
Dot .  .  .  .  .  .  .  .  .  .  .  .  .  .  .  .
 72
65
 73
2
 40
0.508
 49
0.0
 74
0
 49
-0.508
 74
0
  0
LTYPE
  5
3C
330
2
100
AcDbSymbolTableRecord
100
AcDbLinetypeTableRecord
  2
DOTX2
 70
0
  3
Dot (2x) .    .    .    .    .    .    .    . 
 72
65
 73
2
 40
1.016
 49
0.0
 74
0
 49
-1.016
 74
0
  0
LTYPE
  5
3D
330
2
100
AcDbSymbolTableRecord
100
AcDbLinetypeTableRecord
  2
DOT2
 70
0
  3
Dot (.5) . . . . . . . . . . . . . . . . . . . 
 72
65
 73
2
 40
0.254
 49
0.0
 74
0
 49
-0.254
 74
0
  0
LTYPE
  5
3E
330
2
100
AcDbSymbolTableRecord
100
AcDbLinetypeTableRecord
  2
DIVIDE
 70
0
  3
Divide __ . . __ . . __ . . __ . . __ . . __
 72
65
 73
6
 40
4.064
 49
2.54
 74
0
 49
-0.508
 74
0
 49
0.0
 74
0
 49
-0.508
 74
0
 49
0.0
 74
0
 49
-0.508
 74
0
  0
LTYPE
  5
3F
330
2
100
AcDbSymbolTableRecord
100
AcDbLinetypeTableRecord
  2
DIVIDEX2
 70
0
  3
Divide (2x) ____  . .  ____  . .  ____  . .  ____
 72
65
 73
6
 40
6.604
 49
5.08
 74
0
 49
-0.508
 74
0
 49
0.0
 74
0
 49
-0.508
 74
0
 49
0.0
 74
0
 49
-0.508
 74
0
  0
LTYPE
  5
40
330
2
100
AcDbSymbolTableRecord
100
AcDbLinetypeTableRecord
  2
DIVIDE2
 70
0
  3
Divide(.5x) _ . _ . _ . _ . _ . _ . _ . _
 72
65
 73
6
 40
2.032
 49
1.27
 74
0
 49
-0.254
 74
0
 49
0.0
 74
0
 49
-0.254
 74
0
 49
0.0
 74
0
 49
-0.254
 74
0
  0
LTYPE
  5
738
330
2
100
AcDbSymbolTableRecord
100
AcDbLinetypeTableRecord
  2
HIDDEN
 70
0
  3
__ __ __ __ __ __ __ __ __ __ __ __ __ __ __ __
 72
65
 73
2
 40
0.375
 49
0.25
 74
0
 49
-0.125
 74
0
  0
LTYPE
  5
739
330
2
100
AcDbSymbolTableRecord
100
AcDbLinetypeTableRecord
  2
HIDDEN2
 70
0
  3
Hidden (.5x) _ _ _ _ _ _ _ _ _ _ _ _ _ _ _ _ _
 72
65
 73
2
 40
0.1875
 49
0.125
 74
0
 49
-0.0625
 74
0
  0
LTYPE
  5
A13
330
2
100
AcDbSymbolTableRecord
100
AcDbLinetypeTableRecord
  2
PDF_IMPORT
 70
0
  3

 72
65
 73
2
 40
1.0
 49
0.8
 74
0
 49
-0.2
 74
0
  0
ENDTAB
  0
TABLE
  2
LAYER
  5
1
330
0
100
AcDbSymbolTable
 70
13
  0
LAYER
  5
27
330
1
100
AcDbSymbolTableRecord
100
AcDbLayerTableRecord
  2
0
 70
0
 62
7
  6
Continuous
370
-3
390
13
347
21
  0
LAYER
  5
28
330
1
100
AcDbSymbolTableRecord
100
AcDbLayerTableRecord
  2
Defpoints
 70
0
 62
7
  6
Continuous
290
0
370
-3
390
13
347
21
  0
LAYER
  5
72E
330
1
100
AcDbSymbolTableRecord
100
AcDbLayerTableRecord
  2
DOOR_TENT
 70
0
 62
42
  6
Continuous
370
-3
390
F
347
98
348
0
  0
LAYER
  5
72F
330
1
100
AcDbSymbolTableRecord
100
AcDbLayerTableRecord
  2
Key_Genset
 70
0
 62
241
420
16744351
  6
Continuous
370
-3
390
F
347
98
348
0
  0
LAYER
  5
730
330
1
100
AcDbSymbolTableRecord
100
AcDbLayerTableRecord
  2
Key_Cabins
 70
0
 62
151
420
8372223
  6
Continuous
370
-3
390
F
347
98
348
0
  0
LAYER
  5
731
330
1
100
AcDbSymbolTableRecord
100
AcDbLayerTableRecord
  2
WT
 70
0
 62
17
  6
Continuous
370
-3
390
F
347
98
348
0
  0
LAYER
  5
732
330
1
100
AcDbSymbolTableRecord
100
AcDbLayerTableRecord
  2
CONCRETE-1
 70
0
 62
7
  6
Continuous
370
0
390
F
347
98
348
0
  0
LAYER
  5
733
330
1
100
AcDbSymbolTableRecord
100
AcDbLayerTableRecord
  2
Key_Genaral
 70
0
 62
252
420
8684676
  6
Continuous
370
-3
390
F
347
98
348
0
  0
LAYER
  5
734
330
1
100
AcDbSymbolTableRecord
100
AcDbLayerTableRecord
  2
ELEV 4
 70
0
 62
5
  6
Continuous
370
-3
390
F
347
98
348
0
  0
LAYER
  5
735
330
1
100
AcDbSymbolTableRecord
100
AcDbLayerTableRecord
  2
ARROW
 70
0
 62
32
  6
Continuous
370
-3
390
F
347
98
348
0
  0
LAYER
  5
736
330
1
100
AcDbSymbolTableRecord
100
AcDbLayerTableRecord
  2
TEXT-CABINS
 70
0
 62
9
  6
Continuous
370
-3
390
F
347
98
348
0
  0
LAYER
  5
737
330
1
100
AcDbSymbolTableRecord
100
AcDbLayerTableRecord
  2
Key_Tents
 70
0
 62
132
420
51143
  6
Continuous
370
-3
390
F
347
98
348
0
  0
LAYER
  5
A12
330
1
100
AcDbSymbolTableRecord
100
AcDbLayerTableRecord
  2
6_Key_Toilets
 70
0
 62
41
420
16768895
  6
Continuous
370
-3
390
F
347
46
348
0
  0
ENDTAB
  0
TABLE
  2
STYLE
  5
5
330
0
100
AcDbSymbolTable
 70
31
  0
STYLE
  5
29
330
5
100
AcDbSymbolTableRecord
100
AcDbTextStyleTableRecord
  2
Standard
 70
0
 40
0.0
 41
1.0
 50
0.0
 71
0
 42
2.5
  3
txt
  4

  0
STYLE
  5
41
330
5
100
AcDbSymbolTableRecord
100
AcDbTextStyleTableRecord
  2
OpenSans-Light
 70
0
 40
0.0
 41
1.0
 50
0.0
 71
0
 42
2.5
  3
OpenSans-Light.ttf
  4

  0
STYLE
  5
42
330
5
100
AcDbSymbolTableRecord
100
AcDbTextStyleTableRecord
  2
OpenSans-Light-Italic
 70
0
 40
0.0
 41
1.0
 50
0.0
 71
0
 42
2.5
  3
OpenSans-LightItalic.ttf
  4

  0
STYLE
  5
43
330
5
100
AcDbSymbolTableRecord
100
AcDbTextStyleTableRecord
  2
OpenSans
 70
0
 40
0.0
 41
1.0
 50
0.0
 71
0
 42
2.5
  3
OpenSans-Regular.ttf
  4

  0
STYLE
  5
44
330
5
100
AcDbSymbolTableRecord
100
AcDbTextStyleTableRecord
  2
OpenSans-Italic
 70
0
 40
0.0
 41
1.0
 50
0.0
 71
0
 42
2.5
  3
OpenSans-Italic.ttf
  4

  0
STYLE
  5
45
330
5
100
AcDbSymbolTableRecord
100
AcDbTextStyleTableRecord
  2
OpenSans-SemiBold
 70
0
 40
0.0
 41
1.0
 50
0.0
 71
0
 42
2.5
  3
OpenSans-SemiBold.ttf
  4

  0
STYLE
  5
46
330
5
100
AcDbSymbolTableRecord
100
AcDbTextStyleTableRecord
  2
OpenSans-SemiBoldItalic
 70
0
 40
0.0
 41
1.0
 50
0.0
 71
0
 42
2.5
  3
OpenSans-SemiBoldItalic.ttf
  4

  0
STYLE
  5
47
330
5
100
AcDbSymbolTableRecord
100
AcDbTextStyleTableRecord
  2
OpenSans-Bold
 70
0
 40
0.0
 41
1.0
 50
0.0
 71
0
 42
2.5
  3
OpenSans-Bold.ttf
  4

  0
STYLE
  5
48
330
5
100
AcDbSymbolTableRecord
100
AcDbTextStyleTableRecord
  2
OpenSans-BoldItalic
 70
0
 40
0.0
 41
1.0
 50
0.0
 71
0
 42
2.5
  3
OpenSans-BoldItalic.ttf
  4

  0
STYLE
  5
49
330
5
100
AcDbSymbolTableRecord
100
AcDbTextStyleTableRecord
  2
OpenSans-ExtraBold
 70
0
 40
0.0
 41
1.0
 50
0.0
 71
0
 42
2.5
  3
OpenSans-ExtraBold.ttf
  4

  0
STYLE
  5
4A
330
5
100
AcDbSymbolTableRecord
100
AcDbTextStyleTableRecord
  2
OpenSans-ExtraBoldItalic
 70
0
 40
0.0
 41
1.0
 50
0.0
 71
0
 42
2.5
  3
OpenSans-ExtraBoldItalic.ttf
  4

  0
STYLE
  5
4B
330
5
100
AcDbSymbolTableRecord
100
AcDbTextStyleTableRecord
  2
OpenSansCondensed-Bold
 70
0
 40
0.0
 41
1.0
 50
0.0
 71
0
 42
2.5
  3
OpenSansCondensed-Bold.ttf
  4

  0
STYLE
  5
4C
330
5
100
AcDbSymbolTableRecord
100
AcDbTextStyleTableRecord
  2
OpenSansCondensed-Light
 70
0
 40
0.0
 41
1.0
 50
0.0
 71
0
 42
2.5
  3
OpenSansCondensed-Light.ttf
  4

  0
STYLE
  5
4D
330
5
100
AcDbSymbolTableRecord
100
AcDbTextStyleTableRecord
  2
OpenSansCondensed-Italic
 70
0
 40
0.0
 41
1.0
 50
0.0
 71
0
 42
2.5
  3
OpenSansCondensed-LightItalic.ttf
  4

  0
STYLE
  5
4E
330
5
100
AcDbSymbolTableRecord
100
AcDbTextStyleTableRecord
  2
LiberationSans
 70
0
 40
0.0
 41
1.0
 50
0.0
 71
0
 42
2.5
  3
LiberationSans-Regular.ttf
  4

  0
STYLE
  5
4F
330
5
100
AcDbSymbolTableRecord
100
AcDbTextStyleTableRecord
  2
LiberationSans-Bold
 70
0
 40
0.0
 41
1.0
 50
0.0
 71
0
 42
2.5
  3
LiberationSans-Bold.ttf
  4

  0
STYLE
  5
50
330
5
100
AcDbSymbolTableRecord
100
AcDbTextStyleTableRecord
  2
LiberationSans-BoldItalic
 70
0
 40
0.0
 41
1.0
 50
0.0
 71
0
 42
2.5
  3
LiberationSans-BoldItalic.ttf
  4

  0
STYLE
  5
51
330
5
100
AcDbSymbolTableRecord
100
AcDbTextStyleTableRecord
  2
LiberationSans-Italic
 70
0
 40
0.0
 41
1.0
 50
0.0
 71
0
 42
2.5
  3
LiberationSans-Italic.ttf
  4

  0
STYLE
  5
52
330
5
100
AcDbSymbolTableRecord
100
AcDbTextStyleTableRecord
  2
LiberationSerif
 70
0
 40
0.0
 41
1.0
 50
0.0
 71
0
 42
2.5
  3
LiberationSerif-Regular.ttf
  4

  0
STYLE
  5
53
330
5
100
AcDbSymbolTableRecord
100
AcDbTextStyleTableRecord
  2
LiberationSerif-Bold
 70
0
 40
0.0
 41
1.0
 50
0.0
 71
0
 42
2.5
  3
LiberationSerif-Bold.ttf
  4

  0
STYLE
  5
54
330
5
100
AcDbSymbolTableRecord
100
AcDbTextStyleTableRecord
  2
LiberationSerif-BoldItalic
 70
0
 40
0.0
 41
1.0
 50
0.0
 71
0
 42
2.5
  3
LiberationSerif-BoldItalic.ttf
  4

  0
STYLE
  5
55
330
5
100
AcDbSymbolTableRecord
100
AcDbTextStyleTableRecord
  2
LiberationSerif-Italic
 70
0
 40
0.0
 41
1.0
 50
0.0
 71
0
 42
2.5
  3
LiberationSerif-Italic.ttf
  4

  0
STYLE
  5
56
330
5
100
AcDbSymbolTableRecord
100
AcDbTextStyleTableRecord
  2
LiberationMono
 70
0
 40
0.0
 41
1.0
 50
0.0
 71
0
 42
2.5
  3
LiberationMono-Regular.ttf
  4

  0
STYLE
  5
57
330
5
100
AcDbSymbolTableRecord
100
AcDbTextStyleTableRecord
  2
LiberationMono-Bold
 70
0
 40
0.0
 41
1.0
 50
0.0
 71
0
 42
2.5
  3
LiberationMono-Bold.ttf
  4

  0
STYLE
  5
58
330
5
100
AcDbSymbolTableRecord
100
AcDbTextStyleTableRecord
  2
LiberationMono-BoldItalic
 70
0
 40
0.0
 41
1.0
 50
0.0
 71
0
 42
2.5
  3
LiberationMono-BoldItalic.ttf
  4

  0
STYLE
  5
59
330
5
100
AcDbSymbolTableRecord
100
AcDbTextStyleTableRecord
  2
LiberationMono-Italic
 70
0
 40
0.0
 41
1.0
 50
0.0
 71
0
 42
2.5
  3
LiberationMono-Italic.ttf
  4

  0
STYLE
  5
73A
330
5
100
AcDbSymbolTableRecord
100
AcDbTextStyleTableRecord
  2
Bahnschrift Light
 70
0
 40
0.0
 41
1.0
 50
0.0
 71
0
 42
0.2
  3
bahnschrift.ttf
  4

  0
STYLE
  5
73B
330
5
100
AcDbSymbolTableRecord
100
AcDbTextStyleTableRecord
  2
isocp- Blocks
 70
0
 40
0.0
 41
1.0
 50
0.0
 71
0
 42
0.2
  3
isocp.shx
  4

  0
STYLE
  5
73C
330
5
100
AcDbSymbolTableRecord
100
AcDbTextStyleTableRecord
  2
Arial Black
 70
0
 40
0.0
 41
1.0
 50
0.0
 71
0
 42
10.0
  3
ariblk.ttf
  4

  0
STYLE
  5
73D
330
5
100
AcDbSymbolTableRecord
100
AcDbTextStyleTableRecord
  2
CEB- Romand
 70
0
 40
0.0
 41
0.8
 50
0.0
 71
0
 42
200.0
  3
ROMAND.shx
  4

  0
STYLE
  5
A14
330
5
100
AcDbSymbolTableRecord
100
AcDbTextStyleTableRecord
  2
CourierNewPSMT
 70
0
 40
0.0
 41
1.0
 50
0.0
 71
0
 42
0.2
  3
arial.ttf
  4

  0
ENDTAB
  0
TABLE
  2
VIEW
  5
7
330
0
100
AcDbSymbolTable
 70
0
  0
ENDTAB
  0
TABLE
  2
UCS
  5
6
330
0
100
AcDbSymbolTable
 70
0
  0
ENDTAB
  0
TABLE
  2
APPID
  5
3
330
0
100
AcDbSymbolTable
 70
3
  0
APPID
  5
2A
330
3
100
AcDbSymbolTableRecord
100
AcDbRegAppTableRecord
  2
ACAD
 70
0
  0
APPID
  5
73E
330
3
100
AcDbSymbolTableRecord
100
AcDbRegAppTableRecord
  2
HATCHBACKGROUNDCOLOR
 70
0
  0
APPID
  5
73F
330
3
100
AcDbSymbolTableRecord
100
AcDbRegAppTableRecord
  2
EZDXF
 70
0
  0
ENDTAB
  0
TABLE
  2
DIMSTYLE
  5
4
330
0
100
AcDbSymbolTable
 70
12
100
AcDbDimStyleTable
  0
DIMSTYLE
105
2B
330
4
100
AcDbSymbolTableRecord
100
AcDbDimStyleTableRecord
  2
Standard
 70
0
 40
1.0
 41
2.5
 42
0.625
 43
3.75
 44
1.25
 45
0.0
 46
0.0
 47
0.0
 48
0.0
 49
2.5
140
2.5
141
2.5
142
0.0
143
0.03937007874
144
1.0
145
0.0
146
1.0
147
0.625
148
0.0
 69
0
 70
0
 71
0
 72
0
 73
0
 74
0
 75
0
 76
0
 77
1
 78
8
 79
3
170
0
171
3
172
1
173
0
174
0
175
0
176
0
177
0
178
0
179
2
271
2
272
2
273
2
274
3
275
0
276
0
277
2
278
44
279
0
280
0
281
0
282
0
283
0
284
8
285
0
286
0
288
0
289
3
290
0
371
-2
372
-2
  0
DIMSTYLE
105
73
330
4
100
AcDbSymbolTableRecord
100
AcDbDimStyleTableRecord
  2
EZDXF
 70
0
 40
1.0
 41
0.175
 42
0.125
 43
3.75
 44
0.375
 45
0.0
 46
0.0
 47
0.0
 48
0.0
 49
2.5
140
0.25
141
2.5
142
0.0
143
0.03937007874
144
100.0
145
0.0
146
0.5
147
0.1
148
0.0
 69
0
 70
0
 71
0
 72
0
 73
0
 74
0
 75
0
 76
0
 77
1
 78
12
 79
3
170
0
171
3
172
1
173
0
174
0
175
0
176
0
177
0
178
0
179
2
271
2
272
2
273
2
274
3
275
0
276
0
277
2
278
46
279
2
280
0
281
0
282
0
283
0
284
8
285
0
286
0
288
1
289
3
290
0
340
4C
342
74
371
-2
372
-2
  0
DIMSTYLE
105
7C
330
4
100
AcDbSymbolTableRecord
100
AcDbDimStyleTableRecord
  2
EZ_M_100_H25_CM
 70
0
 40
1.0
 41
0.25
 42
0.125
 43
3.75
 44
0.375
 45
0.0
 46
0.0
 47
0.0
 48
0.0
 49
2.5
140
0.25
141
2.5
142
0.125
143
0.03937007874
144
100.0
145
0.0
146
0.5
147
0.1
148
0.0
 69
0
 70
0
 71
0
 72
0
 73
0
 74
0
 75
0
 76
0
 77
1
 78
12
 79
3
170
0
171
3
172
1
173
0
174
0
175
0
176
0
177
0
178
0
179
2
271
2
272
2
273
2
274
3
275
0
276
0
277
2
278
46
279
2
280
0
281
0
282
0
283
0
284
8
285
0
286
0
288
1
289
3
290
0
340
4C
371
-2
372
-2
  0
DIMSTYLE
105
7D
330
4
100
AcDbSymbolTableRecord
100
AcDbDimStyleTableRecord
  2
EZ_M_50_H25_CM
 70
0
 40
1.0
 41
0.125
 42
0.0625
 43
3.75
 44
0.1875
 45
0.0
 46
0.0
 47
0.0
 48
0.0
 49
2.5
140
0.125
141
2.5
142
0.0625
143
0.03937007874
144
100.0
145
0.0
146
0.5
147
0.05
148
0.0
 69
0
 70
0
 71
0
 72
0
 73
0
 74
0
 75
0
 76
0
 77
1
 78
12
 79
3
170
0
171
3
172
1
173
0
174
0
175
0
176
0
177
0
178
0
179
2
271
2
272
2
273
2
274
3
275
0
276
0
277
2
278
46
279
2
280
0
281
0
282
0
283
0
284
8
285
0
286
0
288
1
289
3
290
0
340
4C
371
-2
372
-2
  0
DIMSTYLE
105
7E
330
4
100
AcDbSymbolTableRecord
100
AcDbDimStyleTableRecord
  2
EZ_M_25_H25_CM
 70
0
 40
1.0
 41
0.0625
 42
0.03125
 43
3.75
 44
0.09375
 45
0.0
 46
0.0
 47
0.0
 48
0.0
 49
2.5
140
0.0625
141
2.5
142
0.03125
143
0.03937007874
144
100.0
145
0.0
146
0.5
147
0.025
148
0.0
 69
0
 70
0
 71
0
 72
0
 73
0
 74
0
 75
0
 76
0
 77
1
 78
12
 79
3
170
0
171
3
172
1
173
0
174
0
175
0
176
0
177
0
178
0
179
2
271
2
272
2
273
2
274
3
275
0
276
0
277
2
278
46
279
2
280
0
281
0
282
0
283
0
284
8
285
0
286
0
288
1
289
3
290
0
340
4C
371
-2
372
-2
  0
DIMSTYLE
105
7F
330
4
100
AcDbSymbolTableRecord
100
AcDbDimStyleTableRecord
  2
EZ_M_20_H25_CM
 70
0
 40
1.0
 41
0.05
 42
0.025
 43
3.75
 44
0.07500000000000001
 45
0.0
 46
0.0
 47
0.0
 48
0.0
 49
2.5
140
0.05
141
2.5
142
0.025
143
0.03937007874
144
100.0
145
0.0
146
0.5
147
0.020000000000000004
148
0.0
 69
0
 70
0
 71
0
 72
0
 73
0
 74
0
 75
0
 76
0
 77
1
 78
12
 79
3
170
0
171
3
172
1
173
0
174
0
175
0
176
0
177
0
178
0
179
2
271
2
272
2
273
2
274
3
275
0
276
0
277
2
278
46
279
2
280
0
281
0
282
0
283
0
284
8
285
0
286
0
288
1
289
3
290
0
340
4C
371
-2
372
-2
  0
DIMSTYLE
105
80
330
4
100
AcDbSymbolTableRecord
100
AcDbDimStyleTableRecord
  2
EZ_M_10_H25_CM
 70
0
 40
1.0
 41
0.025
 42
0.0125
 43
3.75
 44
0.037500000000000006
 45
0.0
 46
0.0
 47
0.0
 48
0.0
 49
2.5
140
0.025
141
2.5
142
0.0125
143
0.03937007874
144
100.0
145
0.0
146
0.5
147
0.010000000000000002
148
0.0
 69
0
 70
0
 71
0
 72
0
 73
0
 74
0
 75
0
 76
0
 77
1
 78
12
 79
3
170
0
171
3
172
1
173
0
174
0
175
0
176
0
177
0
178
0
179
2
271
2
272
2
273
2
274
3
275
0
276
0
277
2
278
46
279
2
280
0
281
0
282
0
283
0
284
8
285
0
286
0
288
1
289
3
290
0
340
4C
371
-2
372
-2
  0
DIMSTYLE
105
81
330
4
100
AcDbSymbolTableRecord
100
AcDbDimStyleTableRecord
  2
EZ_M_5_H25_CM
 70
0
 40
1.0
 41
0.0125
 42
0.00625
 43
3.75
 44
0.018750000000000003
 45
0.0
 46
0.0
 47
0.0
 48
0.0
 49
2.5
140
0.0125
141
2.5
142
0.00625
143
0.03937007874
144
100.0
145
0.0
146
0.5
147
0.005000000000000001
148
0.0
 69
0
 70
0
 71
0
 72
0
 73
0
 74
0
 75
0
 76
0
 77
1
 78
12
 79
3
170
0
171
3
172
1
173
0
174
0
175
0
176
0
177
0
178
0
179
2
271
2
272
2
273
2
274
3
275
0
276
0
277
2
278
46
279
2
280
0
281
0
282
0
283
0
284
8
285
0
286
0
288
1
289
3
290
0
340
4C
371
-2
372
-2
  0
DIMSTYLE
105
82
330
4
100
AcDbSymbolTableRecord
100
AcDbDimStyleTableRecord
  2
EZ_M_1_H25_CM
 70
0
 40
1.0
 41
0.0025
 42
0.00125
 43
3.75
 44
0.00375
 45
0.0
 46
0.0
 47
0.0
 48
0.0
 49
2.5
140
0.0025
141
2.5
142
0.00125
143
0.03937007874
144
100.0
145
0.0
146
0.5
147
0.001
148
0.0
 69
0
 70
0
 71
0
 72
0
 73
0
 74
0
 75
0
 76
0
 77
1
 78
12
 79
3
170
0
171
3
172
1
173
0
174
0
175
0
176
0
177
0
178
0
179
2
271
2
272
2
273
2
274
3
275
0
276
0
277
2
278
46
279
2
280
0
281
0
282
0
283
0
284
8
285
0
286
0
288
1
289
3
290
0
340
4C
371
-2
372
-2
  0
DIMSTYLE
105
83
330
4
100
AcDbSymbolTableRecord
100
AcDbDimStyleTableRecord
  2
EZ_RADIUS
 70
0
 40
1.0
 41
0.25
 42
0.125
 43
3.75
 44
0.375
 45
0.0
 46
0.0
 47
0.0
 48
0.0
 49
2.5
140
0.25
141
0.0
142
0.0
143
0.03937007874
144
100.0
145
0.0
146
0.5
147
0.1
148
0.0
 69
0
 70
0
 71
0
 72
0
 73
0
 74
0
 75
0
 76
0
 77
1
 78
12
 79
3
170
0
171
3
172
0
173
0
174
0
175
0
176
0
177
0
178
0
179
2
271
2
272
2
273
2
274
3
275
0
276
0
277
2
278
46
279
1
280
0
281
0
282
0
283
0
284
8
285
0
286
0
288
1
289
3
290
0
340
4C
342
84
371
-2
372
-2
  0
DIMSTYLE
105
88
330
4
100
AcDbSymbolTableRecord
100
AcDbDimStyleTableRecord
  2
EZ_RADIUS_INSIDE
 70
0
 40
1.0
 41
0.25
 42
0.125
 43
3.75
 44
0.375
 45
0.0
 46
0.0
 47
0.0
 48
0.0
 49
2.5
140
0.25
141
0.0
142
0.0
143
0.03937007874
144
100.0
145
0.0
146
0.5
147
0.1
148
0.0
 69
0
 70
0
 71
0
 72
0
 73
0
 74
0
 75
0
 76
0
 77
0
 78
12
 79
3
170
0
171
3
172
0
173
0
174
1
175
0
176
0
177
0
178
0
179
2
271
2
272
2
273
2
274
3
275
0
276
0
277
2
278
46
279
0
280
0
281
0
282
0
283
0
284
8
285
0
286
0
288
1
289
0
290
0
340
4C
342
84
371
-2
372
-2
  0
DIMSTYLE
105
89
330
4
100
AcDbSymbolTableRecord
100
AcDbDimStyleTableRecord
  2
EZ_CURVED
 70
0
 40
1.0
 41
0.25
 42
0.125
 43
3.75
 44
0.375
 45
0.0
 46
0.0
 47
0.0
 48
0.0
 49
2.5
140
0.25
141
2.5
142
0.0
143
0.03937007874
144
100.0
145
0.0
146
0.5
147
0.1
148
0.0
 69
0
 70
0
 71
0
 72
0
 73
0
 74
0
 75
0
 76
0
 77
1
 78
12
 79
2
 90
2
170
0
171
3
172
1
173
0
174
0
175
0
176
0
177
0
178
0
179
2
271
2
272
2
273
2
274
3
275
0
276
0
277
2
278
46
279
2
280
0
281
0
282
0
283
0
284
8
285
0
286
0
288
1
289
3
290
0
340
4C
371
-2
372
-2
  0
ENDTAB
  0
TABLE
  2
BLOCK_RECORD
  5
9
330
0
100
AcDbSymbolTable
 70
42
  0
BLOCK_RECORD
  5
17
330
9
100
AcDbSymbolTableRecord
100
AcDbBlockTableRecord
  2
*Model_Space
340
1A
 70
0
280
1
281
0
  0
BLOCK_RECORD
  5
1B
330
9
100
AcDbSymbolTableRecord
100
AcDbBlockTableRecord
  2
*Paper_Space
340
1E
 70
0
280
1
281
0
  0
BLOCK_RECORD
  5
74
330
9
100
AcDbSymbolTableRecord
100
AcDbBlockTableRecord
  2
_ARCHTICK
340
0
 70
0
280
1
281
0
  0
BLOCK_RECORD
  5
78
330
9
100
AcDbSymbolTableRecord
100
AcDbBlockTableRecord
  2
_CLOSEDFILLED
340
0
 70
0
280
1
281
0
  0
BLOCK_RECORD
  5
84
330
9
100
AcDbSymbolTableRecord
100
AcDbBlockTableRecord
  2
_CLOSEDBLANK
340
0
 70
0
280
1
281
0
  0
BLOCK_RECORD
  5
8A
330
9
100
AcDbSymbolTableRecord
100
AcDbBlockTableRecord
  2
GENERATOR-DIESEL
340
0
 70
0
280
1
281
0
  0
BLOCK_RECORD
  5
DB
330
9
100
AcDbSymbolTableRecord
100
AcDbBlockTableRecord
  2
FUEL TANK
340
0
 70
0
280
1
281
0
  0
BLOCK_RECORD
  5
E1
330
9
100
AcDbSymbolTableRecord
100
AcDbBlockTableRecord
  2
MDB
340
0
 70
0
280
1
281
0
  0
BLOCK_RECORD
  5
E7
330
9
100
AcDbSymbolTableRecord
100
AcDbBlockTableRecord
  2
BYRNE_WT-1000_GAL
340
0
 70
0
280
1
281
0
  0
BLOCK_RECORD
  5
FB
330
9
100
AcDbSymbolTableRecord
100
AcDbBlockTableRecord
  2
EXHAUST
340
0
 70
0
280
1
281
0
  0
BLOCK_RECORD
  5
109
330
9
100
AcDbSymbolTableRecord
100
AcDbBlockTableRecord
  2
SYMB_OUTLET
340
0
 70
0
280
1
281
0
  0
BLOCK_RECORD
  5
10F
330
9
100
AcDbSymbolTableRecord
100
AcDbBlockTableRecord
  2
SYMB_1G1W-SWITCH
340
0
 70
0
280
1
281
0
  0
BLOCK_RECORD
  5
115
330
9
100
AcDbSymbolTableRecord
100
AcDbBlockTableRecord
  2
ELE-DP
340
0
 70
0
280
1
281
0
  0
BLOCK_RECORD
  5
11D
330
9
100
AcDbSymbolTableRecord
100
AcDbBlockTableRecord
  2
OPS_11x3.8000
340
0
 70
0
280
1
281
0
  0
BLOCK_RECORD
  5
15C
330
9
100
AcDbSymbolTableRecord
100
AcDbBlockTableRecord
  2
WC-BYRNE
340
0
 70
0
280
1
281
0
  0
BLOCK_RECORD
  5
189
330
9
100
AcDbSymbolTableRecord
100
AcDbBlockTableRecord
  2
AC27_TENT_STRUCTURE_15 x 15m
340
0
 70
0
280
1
281
0
  0
BLOCK_RECORD
  5
234
330
9
100
AcDbSymbolTableRecord
100
AcDbBlockTableRecord
  2
AC27_TENT_STRUCTURE_20 x 20m
340
0
 70
0
280
1
281
0
  0
BLOCK_RECORD
  5
317
330
9
100
AcDbSymbolTableRecord
100
AcDbBlockTableRecord
  2
Tent_20x10
340
0
 70
0
280
1
281
0
  0
BLOCK_RECORD
  5
350
330
9
100
AcDbSymbolTableRecord
100
AcDbBlockTableRecord
  2
SPLIT-AC
340
0
 70
0
280
1
281
0
  0
BLOCK_RECORD
  5
35D
330
9
100
AcDbSymbolTableRecord
100
AcDbBlockTableRecord
  2
CU-OUTDOOR-S
340
0
 70
0
280
1
281
0
  0
BLOCK_RECORD
  5
376
330
9
100
AcDbSymbolTableRecord
100
AcDbBlockTableRecord
  2
*U396
340
0
 70
0
280
1
281
0
  0
BLOCK_RECORD
  5
37D
330
9
100
AcDbSymbolTableRecord
100
AcDbBlockTableRecord
  2
WIN 1000
340
0
 70
0
280
1
281
0
  0
BLOCK_RECORD
  5
389
330
9
100
AcDbSymbolTableRecord
100
AcDbBlockTableRecord
  2
E_LIGHT
340
0
 70
0
280
1
281
0
  0
BLOCK_RECORD
  5
390
330
9
100
AcDbSymbolTableRecord
100
AcDbBlockTableRecord
  2
STEEL_BASE_PLATE_0.4x0.4m
340
0
 70
0
280
1
281
0
  0
BLOCK_RECORD
  5
3AE
330
9
100
AcDbSymbolTableRecord
100
AcDbBlockTableRecord
  2
SIDE_WALL_PANEL
340
0
 70
0
280
1
281
0
  0
BLOCK_RECORD
  5
3CC
330
9
100
AcDbSymbolTableRecord
100
AcDbBlockTableRecord
  2
AC27_TENT_BALLAST_BLOCK_0.8 x 0.8m
340
0
 70
0
280
1
281
0
  0
BLOCK_RECORD
  5
3D5
330
9
100
AcDbSymbolTableRecord
100
AcDbBlockTableRecord
  2
*U423
340
0
 70
0
280
1
281
0
  0
BLOCK_RECORD
  5
71A
330
9
100
AcDbSymbolTableRecord
100
AcDbBlockTableRecord
  2
opanable pvc
340
0
 70
0
280
1
281
0
  0
BLOCK_RECORD
  5
81C
330
9
100
AcDbSymbolTableRecord
100
AcDbBlockTableRecord
  2
F&BB
340
0
 70
0
280
1
281
0
  0
BLOCK_RECORD
  5
835
330
9
100
AcDbSymbolTableRecord
100
AcDbBlockTableRecord
  2
32FT VIP
340
0
 70
0
280
1
281
0
  0
BLOCK_RECORD
  5
8D8
330
9
100
AcDbSymbolTableRecord
100
AcDbBlockTableRecord
  2
TOILET-8FT
340
0
 70
0
280
1
281
0
  0
BLOCK_RECORD
  5
970
330
9
100
AcDbSymbolTableRecord
100
AcDbBlockTableRecord
  2
*U878
340
0
 70
0
280
1
281
0
  0
BLOCK_RECORD
  5
977
330
9
100
AcDbSymbolTableRecord
100
AcDbBlockTableRecord
  2
SPLIT-AC0
340
0
 70
0
280
1
281
0
  0
BLOCK_RECORD
  5
984
330
9
100
AcDbSymbolTableRecord
100
AcDbBlockTableRecord
  2
CU-OUTDOOR-S0
340
0
 70
0
280
1
281
0
  0
BLOCK_RECORD
  5
99D
330
9
100
AcDbSymbolTableRecord
100
AcDbBlockTableRecord
  2
EXHAUST0
340
0
 70
0
280
1
281
0
  0
BLOCK_RECORD
  5
9AB
330
9
100
AcDbSymbolTableRecord
100
AcDbBlockTableRecord
  2
WC-BYRNE0
340
0
 70
0
280
1
281
0
  0
BLOCK_RECORD
  5
9D8
330
9
100
AcDbSymbolTableRecord
100
AcDbBlockTableRecord
  2
*U877
340
0
 70
0
280
1
281
0
  0
BLOCK_RECORD
  5
9DF
330
9
100
AcDbSymbolTableRecord
100
AcDbBlockTableRecord
  2
URINE
340
0
 70
0
280
1
281
0
  0
BLOCK_RECORD
  5
9E7
330
9
100
AcDbSymbolTableRecord
100
AcDbBlockTableRecord
  2
WASH-03
340
0
 70
0
280
1
281
0
  0
BLOCK_RECORD
  5
9F7
330
9
100
AcDbSymbolTableRecord
100
AcDbBlockTableRecord
  2
WASH-02
340
0
 70
0
280
1
281
0
  0
BLOCK_RECORD
  5
A05
330
9
100
AcDbSymbolTableRecord
100
AcDbBlockTableRecord
  2
SYMB_1G1W-SWITCH0
340
0
 70
0
280
1
281
0
  0
BLOCK_RECORD
  5
A0B
330
9
100
AcDbSymbolTableRecord
100
AcDbBlockTableRecord
  2
E_LIGHT0
340
0
 70
0
280
1
281
0
  0
ENDTAB
  0
ENDSEC
  0
SECTION
  2
BLOCKS
  0
BLOCK
  5
18
330
17
100
AcDbEntity
  8
0
100
AcDbBlockBegin
  2
*Model_Space
 70
0
 10
0.0
 20
0.0
 30
0.0
  3
*Model_Space
  1

  0
ENDBLK
  5
19
330
17
100
AcDbEntity
  8
0
100
AcDbBlockEnd
  0
BLOCK
  5
1C
330
1B
100
AcDbEntity
  8
0
100
AcDbBlockBegin
  2
*Paper_Space
 70
0
 10
0.0
 20
0.0
 30
0.0
  3
*Paper_Space
  1

  0
ENDBLK
  5
1D
330
1B
100
AcDbEntity
  8
0
100
AcDbBlockEnd
  0
BLOCK
  5
75
330
74
100
AcDbEntity
  8
0
100
AcDbBlockBegin
  2
_ARCHTICK
 70
0
 10
0.0
 20
0.0
 30
0.0
  3
_ARCHTICK
  1

  0
LWPOLYLINE
  5
77
330
74
100
AcDbEntity
  8
0
  6
BYBLOCK
 62
0
100
AcDbPolyline
 90
2
 70
0
 43
0.15
 10
-0.5
 20
-0.5
 10
0.5
 20
0.5
  0
ENDBLK
  5
76
330
74
100
AcDbEntity
  8
0
100
AcDbBlockEnd
  0
BLOCK
  5
79
330
78
100
AcDbEntity
  8
0
100
AcDbBlockBegin
  2
_CLOSEDFILLED
 70
0
 10
0.0
 20
0.0
 30
0.0
  3
_CLOSEDFILLED
  1

  0
SOLID
  5
7B
330
78
100
AcDbEntity
  8
0
  6
BYBLOCK
 62
0
100
AcDbTrace
 10
-1.0
 20
0.16439898372402537
 30
0.0
 11
0.0
 21
0.0
 31
0.0
 12
-1.0
 22
-0.16439898372402537
 32
0.0
 13
-1.0
 23
-0.16439898372402537
 33
0.0
  0
ENDBLK
  5
7A
330
78
100
AcDbEntity
  8
0
100
AcDbBlockEnd
  0
BLOCK
  5
85
330
84
100
AcDbEntity
  8
0
100
AcDbBlockBegin
  2
_CLOSEDBLANK
 70
0
 10
0.0
 20
0.0
 30
0.0
  3
_CLOSEDBLANK
  1

  0
LWPOLYLINE
  5
87
330
84
100
AcDbEntity
  8
0
  6
BYBLOCK
 62
0
100
AcDbPolyline
 90
3
 70
1
 10
-1.0
 20
0.16439898372402537
 10
0.0
 20
0.0
 10
-1.0
 20
-0.16439898372402537
  0
ENDBLK
  5
86
330
84
100
AcDbEntity
  8
0
100
AcDbBlockEnd
  0
BLOCK
  5
8B
330
8A
100
AcDbEntity
  8
0
100
AcDbBlockBegin
  2
GENERATOR-DIESEL
 70
2
 10
0.0
 20
0.0
 30
0.0
  3
GENERATOR-DIESEL
  1

  0
HATCH
  5
8D
330
8A
100
AcDbEntity
  8
Key_Genset
440
33554559
100
AcDbHatch
 10
0.0
 20
0.0
 30
0.0
210
0.0
220
0.0
230
1.0
  2
SOLID
 70
1
 71
0
 91
1
 92
1
 93
4
 72
1
 10
-2.222333344185586
 20
0.0169789695935947
 11
-2.222376366545291
 21
1.464490101565332
 72
1
 10
-2.222376366545291
 20
1.464490101565332
 11
2.213559123818357
 21
1.464621944705016
 72
1
 10
2.213559123818357
 20
1.464621944705016
 11
2.213602146178118
 21
0.0171108127332502
 72
1
 10
2.213602146178118
 20
0.0171108127332502
 11
-2.222333344185586
 21
0.0169789695935947
 97
1
330
34E425
 75
1
 76
1
 98
1
 10
-444.1634929559013
 20
-185.9118768472446
450
0
451
0
460
0.0
461
0.0
452
0
462
0.0
453
2
463
0
 63
5
421
255
463
1
 63
2
421
16776960
470
LINEAR
  0
LWPOLYLINE
  5
8E
330
8A
100
AcDbEntity
  8
0
100
AcDbPolyline
 90
4
 70
1
 10
-2.222333344185586
 20
0.0169789695935947
 10
-2.222376366545291
 20
1.464490101565332
 10
2.213559123818357
 20
1.464621944705016
 10
2.213602146178118
 20
0.0171108127332502
  0
LWPOLYLINE
  5
8F
330
8A
100
AcDbEntity
  8
0
100
AcDbPolyline
 90
3
 70
0
 10
-2.239378240899214
 20
1.489986407834579
 10
-2.239375201704888
 20
1.387731034291704
 10
-2.2223326394477
 20
1.387731540824063
  0
LWPOLYLINE
  5
90
330
8A
100
AcDbEntity
  8
0
100
AcDbPolyline
 90
3
 70
0
 10
-2.239333954127687
 20
-6.65566079476e-05
 10
-2.239336993321899
 20
0.1021888169349836
 10
-2.222294431064824
 20
0.1021893234673712
  0
LWPOLYLINE
  5
91
330
8A
100
AcDbEntity
  8
0
100
AcDbPolyline
 90
6
 70
0
 10
2.230652544547411
 20
1.413538400105097
 10
2.256326832589934
 20
1.413539163186215
 10
2.256324556483378
 20
1.490120027354806
 10
-2.256413130026203
 20
1.48998590153019
 10
-2.256410853919704
 20
1.413405037361741
 10
-2.239368291662458
 20
1.413405543894072
  0
LWPOLYLINE
  5
92
330
8A
100
AcDbEntity
  8
0
100
AcDbPolyline
 90
5
 70
0
 10
-2.256411357760385
 20
1.430357035069619
 10
-2.265043304877736
 20
1.430356778514295
 10
-2.265044567919347
 20
1.472852518168452
 10
-2.256412620802053
 20
1.472852774723833
 10
-2.239370058544864
 20
1.472853281256164
  0
LWPOLYLINE
  5
93
330
8A
100
AcDbEntity
  8
0
100
AcDbPolyline
 90
6
 70
0
 10
2.230692279105824
 20
0.0766471639996666
 10
2.256366567148348
 20
0.0766479270806997
 10
2.256368843254791
 20
6.70629122794e-05
 10
-2.256368843254847
 20
-6.70629122794e-05
 10
-2.256371119361347
 20
0.0765138012562829
 10
-2.239328557104159
 20
0.0765143077886705
  0
LWPOLYLINE
  5
94
330
8A
100
AcDbEntity
  8
0
100
AcDbPolyline
 90
5
 70
0
 10
-2.256370613513127
 20
0.0594942583893499
 10
-2.265002560630364
 20
0.0594940018339685
 10
-2.265001297588583
 20
0.0169982621797544
 10
-2.256369350471459
 20
0.0169985187351358
 10
-2.239326788214214
 20
0.0169990252675802
  0
LWPOLYLINE
  5
95
330
8A
100
AcDbEntity
  8
0
100
AcDbPolyline
 90
5
 70
0
 10
2.256233440646497
 20
1.430491158133293
 10
2.264644055786277
 20
1.430491408110356
 10
2.264642792744667
 20
1.472987147764513
 10
2.256232177604716
 20
1.472986897787507
 10
2.23077900020769
 20
1.472986141278227
  0
LWPOLYLINE
  5
96
330
8A
100
AcDbEntity
  8
0
100
AcDbPolyline
 90
5
 70
0
 10
2.256274184893698
 20
0.0596283814530238
 10
2.264684800033706
 20
0.0596286314300016
 10
2.264686063075374
 20
0.017132891775816
 10
2.256275447935423
 20
0.0171326417988098
 10
2.230822270538511
 20
0.017131885289416
  0
LWPOLYLINE
  5
97
330
8A
100
AcDbEntity
  8
0
100
AcDbPolyline
 90
4
 70
1
 10
-2.162765990117805
 20
1.404820993679238
 10
-2.162726763461762
 20
0.0850184126474574
 10
-1.285809469138826
 20
0.0850444760403093
 10
-1.285848695794812
 20
1.404847057072118
  0
LWPOLYLINE
  5
98
330
8A
100
AcDbEntity
  8
0
100
AcDbPolyline
 90
2
 70
0
 10
-1.243221473911262
 20
1.464429908923591
 10
-1.243178451551557
 20
0.0169187769519112
  0
LWPOLYLINE
  5
99
330
8A
100
AcDbEntity
  8
0
100
AcDbPolyline
 90
2
 70
0
 10
-1.285752304751668
 20
1.157905335277292
 10
-2.162669599074775
 20
1.15787927188444
  0
LWPOLYLINE
  5
9A
330
8A
100
AcDbEntity
  8
0
100
AcDbPolyline
 90
2
 70
0
 10
-1.285742689185611
 20
0.8343842866967179
 10
-2.162659983508661
 20
0.834358223303866
  0
LWPOLYLINE
  5
9B
330
8A
100
AcDbEntity
  8
0
100
AcDbPolyline
 90
2
 70
0
 10
-1.345388510717839
 20
1.404845287453014
 10
-1.345381169287634
 20
1.157838800712909
  0
LWPOLYLINE
  5
9C
330
8A
100
AcDbEntity
  8
0
100
AcDbPolyline
 90
2
 70
0
 10
-1.345371555646352
 20
0.8343825144308994
 10
-1.34534928795722
 20
0.0851737710478915
  0
LWPOLYLINE
  5
9D
330
8A
100
AcDbEntity
  8
0
100
AcDbPolyline
 90
2
 70
0
 10
-1.396493178098979
 20
1.404843768540047
 10
-1.39648583666883
 20
1.157837281799942
  0
LWPOLYLINE
  5
9E
330
8A
100
AcDbEntity
  8
0
100
AcDbPolyline
 90
2
 70
0
 10
-1.396476223027605
 20
0.834380995517904
 10
-1.396453955338302
 20
0.0851722521350098
  0
LWPOLYLINE
  5
9F
330
8A
100
AcDbEntity
  8
0
100
AcDbPolyline
 90
2
 70
0
 10
-1.45605449940058
 20
1.404841998281768
 10
-1.456047157970488
 20
1.15783551154172
  0
LWPOLYLINE
  5
A0
330
8A
100
AcDbEntity
  8
0
100
AcDbPolyline
 90
2
 70
0
 10
-1.456037544329206
 20
0.8343792252596245
 10
-1.45601527663996
 20
0.085170481876645
  0
LWPOLYLINE
  5
A1
330
8A
100
AcDbEntity
  8
0
100
AcDbPolyline
 90
2
 70
0
 10
-1.507159166781832
 20
1.404840479368829
 10
-1.507151825351684
 20
1.157833992628753
  0
LWPOLYLINE
  5
A2
330
8A
100
AcDbEntity
  8
0
100
AcDbPolyline
 90
2
 70
0
 10
-1.507142211710459
 20
0.8343777063467428
 10
-1.507119944021269
 20
0.0851689629637349
  0
LWPOLYLINE
  5
A3
330
8A
100
AcDbEntity
  8
0
100
AcDbPolyline
 90
2
 70
0
 10
-1.558250325131326
 20
1.404838960857489
 10
-1.55824298370112
 20
1.157832474117328
  0
LWPOLYLINE
  5
A4
330
8A
100
AcDbEntity
  8
0
100
AcDbPolyline
 90
2
 70
0
 10
-1.558233370059952
 20
0.8343761878352893
 10
-1.558211102370592
 20
0.0851674444523951
  0
LWPOLYLINE
  5
A5
330
8A
100
AcDbEntity
  8
0
100
AcDbPolyline
 90
2
 70
0
 10
-1.617825155464743
 20
1.404837190197611
 10
-1.617817814034538
 20
1.157830703457506
  0
LWPOLYLINE
  5
A6
330
8A
100
AcDbEntity
  8
0
100
AcDbPolyline
 90
2
 70
0
 10
-1.61780820039337
 20
0.8343744171755247
 10
-1.617785932704123
 20
0.0851656737925168
  0
LWPOLYLINE
  5
A7
330
8A
100
AcDbEntity
  8
0
100
AcDbPolyline
 90
2
 70
0
 10
-1.668889295750432
 20
1.404835672489185
 10
-1.668881954320341
 20
1.157829185749137
  0
LWPOLYLINE
  5
A8
330
8A
100
AcDbEntity
  8
0
100
AcDbPolyline
 90
2
 70
0
 10
-1.668872340679059
 20
0.8343728994670414
 10
-1.668850072989869
 20
0.0851641560840619
  0
LWPOLYLINE
  5
A9
330
8A
100
AcDbEntity
  8
0
100
AcDbPolyline
 90
2
 70
0
 10
-1.728538425758984
 20
1.404833899621053
 10
-1.728531084328779
 20
1.15782741288092
  0
LWPOLYLINE
  5
AA
330
8A
100
AcDbEntity
  8
0
100
AcDbPolyline
 90
2
 70
0
 10
-1.72852147068761
 20
0.8343711265989668
 10
-1.72849920299825
 20
0.0851623832159589
  0
LWPOLYLINE
  5
AB
330
8A
100
AcDbEntity
  8
0
100
AcDbPolyline
 90
2
 70
0
 10
-1.779643093140294
 20
1.404832380708172
 10
-1.779635751710089
 20
1.157825893968038
  0
LWPOLYLINE
  5
AC
330
8A
100
AcDbEntity
  8
0
100
AcDbPolyline
 90
2
 70
0
 10
-1.779626138068807
 20
0.8343696076860283
 10
-1.77960387037956
 20
0.0851608643030772
  0
LWPOLYLINE
  5
AD
330
8A
100
AcDbEntity
  8
0
100
AcDbPolyline
 90
2
 70
0
 10
-1.839204414441838
 20
1.404830610449835
 10
-1.839197073011633
 20
1.15782412370973
  0
LWPOLYLINE
  5
AE
330
8A
100
AcDbEntity
  8
0
100
AcDbPolyline
 90
2
 70
0
 10
-1.839187459370464
 20
0.8343678374277488
 10
-1.839165191681104
 20
0.0851590940447409
  0
LWPOLYLINE
  5
AF
330
8A
100
AcDbEntity
  8
0
100
AcDbPolyline
 90
2
 70
0
 10
-1.89028881827528
 20
1.404829092139153
 10
-1.890281476845075
 20
1.157822605399048
  0
LWPOLYLINE
  5
B0
330
8A
100
AcDbEntity
  8
0
100
AcDbPolyline
 90
2
 70
0
 10
-1.890271863203907
 20
0.8343663191170663
 10
-1.890249595514717
 20
0.0851575757341152
  0
LWPOLYLINE
  5
B1
330
8A
100
AcDbEntity
  8
0
100
AcDbPolyline
 90
2
 70
0
 10
-1.949850139576938
 20
1.40482732188093
 10
-1.949842798146847
 20
1.157820835140825
  0
LWPOLYLINE
  5
B2
330
8A
100
AcDbEntity
  8
0
100
AcDbPolyline
 90
2
 70
0
 10
-1.949833184505565
 20
0.8343645488587299
 10
-1.949810916816261
 20
0.0851558054758357
  0
LWPOLYLINE
  5
B3
330
8A
100
AcDbEntity
  8
0
100
AcDbPolyline
 90
2
 70
0
 10
-2.000954806958248
 20
1.404825802967991
 10
-2.000947465528156
 20
1.15781931622783
  0
LWPOLYLINE
  5
B4
330
8A
100
AcDbEntity
  8
0
100
AcDbPolyline
 90
2
 70
0
 10
-2.000937851886874
 20
0.8343630299457914
 10
-2.000915584197571
 20
0.0851542865628971
  0
LWPOLYLINE
  5
B5
330
8A
100
AcDbEntity
  8
0
100
AcDbPolyline
 90
2
 70
0
 10
-2.060603936966572
 20
1.404824030099888
 10
-2.060596595536481
 20
1.157817543359727
  0
LWPOLYLINE
  5
B6
330
8A
100
AcDbEntity
  8
0
100
AcDbPolyline
 90
2
 70
0
 10
-2.060586981895199
 20
0.8343612570776884
 10
-2.060564714205896
 20
0.0851525136947657
  0
LWPOLYLINE
  5
B7
330
8A
100
AcDbEntity
  8
0
100
AcDbPolyline
 90
2
 70
0
 10
-2.111688340800129
 20
1.404822511789206
 10
-2.111680999369923
 20
1.157816025049101
  0
LWPOLYLINE
  5
B8
330
8A
100
AcDbEntity
  8
0
100
AcDbPolyline
 90
2
 70
0
 10
-2.111671385728755
 20
0.8343597387670059
 10
-2.111649118039509
 20
0.0851509953841401
  0
LWPOLYLINE
  5
B9
330
8A
100
AcDbEntity
  8
0
100
AcDbPolyline
 90
4
 70
1
 10
-0.068217877489019
 20
1.413404068848024
 10
-0.0681778943235258
 20
0.0681483104191898
 10
0.1447434679022876
 20
0.0681546387846197
 10
0.1447034847367945
 20
1.413410397213482
  0
LWPOLYLINE
  5
BA
330
8A
100
AcDbEntity
  8
0
100
AcDbPolyline
 90
2
 70
0
 10
0.127635522653236
 20
0.0681298410696911
 10
0.1275955394875155
 20
1.413385599498667
  0
LWPOLYLINE
  5
BB
330
8A
100
AcDbEntity
  8
0
100
AcDbPolyline
 90
2
 70
0
 10
0.1275985759893956
 20
1.311220817523008
 10
-0.0512376617222685
 20
1.311215502222268
  0
LWPOLYLINE
  5
BC
330
8A
100
AcDbEntity
  8
0
100
AcDbPolyline
 90
2
 70
0
 10
0.1276031315235286
 20
1.157947342474813
 10
-0.0512331061879649
 20
1.157942027174045
  0
LWPOLYLINE
  5
BD
330
8A
100
AcDbEntity
  8
0
100
AcDbPolyline
 90
2
 70
0
 10
0.1276324867344556
 20
0.1702750079311102
 10
-0.0512037509771517
 20
0.1702696926304839
  0
LWPOLYLINE
  5
BE
330
8A
100
AcDbEntity
  8
0
100
AcDbPolyline
 90
2
 70
0
 10
0.1276279312002089
 20
0.3235484829794473
 10
-0.0512083065113984
 20
0.3235431676787357
  0
LWPOLYLINE
  5
BF
330
8A
100
AcDbEntity
  8
0
100
AcDbPolyline
 90
2
 70
0
 10
0.127615278410417
 20
0.7492586027747734
 10
-0.0512209593010766
 20
0.7492532874740334
  0
LWPOLYLINE
  5
C0
330
8A
100
AcDbEntity
  8
0
100
AcDbPolyline
 90
2
 70
0
 10
0.1276157843132637
 20
0.73223722267943
 10
-0.0512204533982867
 20
0.7322319073787185
  0
LWPOLYLINE
  5
C1
330
8A
100
AcDbEntity
  8
0
100
AcDbPolyline
 90
4
 70
1
 10
1.702798793837701
 20
1.089868112287377
 10
1.702819541929784
 20
0.391787055675934
 10
2.137072881521249
 20
0.3917999623838
 10
2.137052133429222
 20
1.089881018995243
  0
LWPOLYLINE
  5
C2
330
8A
100
AcDbEntity
  8
0
100
AcDbPolyline
 90
22
 70
0
 10
-0.7323185919669299
 20
1.30269470112006
 10
-0.7493593846498356
 20
1.243155892676299
 10
-0.7920749366843438
 20
1.192026936284662
 10
-0.7920739236195686
 20
1.157941811770371
 10
-0.7834412199928806
 20
1.132488890928641
 10
-0.7409439607417312
 20
1.081362467198971
 10
-0.7068573166302485
 20
1.030235793492182
 10
-0.698223343383404
 20
0.9620658010189231
 10
-0.6811802745939985
 20
0.9450237452941508
 10
-0.6557268472199667
 20
0.9366138866635652
 10
-0.5875558416819331
 20
0.9111627353961467
 10
-0.55347071716767
 20
0.9111637484608082
 10
-0.5280175397705307
 20
0.911164504970202
 10
-0.4768911160408038
 20
0.9536617642215219
 10
-0.442807511123533
 20
1.00479046405772
 10
-0.4087241561833252
 20
1.064329779033841
 10
-0.4003142975528817
 20
1.089783206407901
 10
-0.4087259257574942
 20
1.123868080945215
 10
-0.4173596424487869
 20
1.183406126301151
 10
-0.3916869092269053
 20
1.24316652327775
 10
-0.3491926825914788
 20
1.294074141113498
 10
-0.7323183354116054
 20
1.294062754002823
  0
LWPOLYLINE
  5
C3
330
8A
100
AcDbEntity
  8
0
100
AcDbPolyline
 90
2
 70
0
 10
-0.4853946871363632
 20
1.106844719314751
 10
-0.4853921544744253
 20
1.021631908028894
  0
LWPOLYLINE
  5
C4
330
8A
100
AcDbEntity
  8
0
100
AcDbPolyline
 90
2
 70
0
 10
-0.5790392957239874
 20
1.106841936046266
 10
-0.5790367630619357
 20
1.021629124760409
  0
LWPOLYLINE
  5
C5
330
8A
100
AcDbEntity
  8
0
100
AcDbPolyline
 90
4
 70
0
 10
2.213702103903188
 20
1.140987964582109
 10
3.022670481174885
 20
1.141012008423843
 10
3.022671744216609
 20
1.098516268769629
 10
2.213703366945026
 20
1.098492224927952
  0
LWPOLYLINE
  5
C6
330
8A
100
AcDbEntity
  8
0
100
AcDbPolyline
 90
4
 70
0
 10
1.413262088654733
 20
1.464508863889051
 10
1.413229946873457
 20
2.545936905297992
 10
1.362102260102063
 20
2.54593538570083
 10
1.362134401883281
 20
1.464507344291974
  0
LWPOLYLINE
  5
C7
330
8A
100
AcDbEntity
  8
0
100
AcDbPolyline
 90
2
 70
0
 10
-0.4343170378186301
 20
1.106846237424634
 10
-0.6301958377873689
 20
1.106840415591535
  0
LWPOLYLINE
  5
C8
330
8A
100
AcDbEntity
  8
0
100
AcDbPolyline
 90
2
 70
0
 10
-0.5279376655661281
 20
1.209032526173985
 10
-0.5279318437331995
 20
1.013153726205303
  0
LWPOLYLINE
  5
C9
330
8A
100
AcDbEntity
  8
0
100
AcDbPolyline
 90
2
 70
0
 10
-1.694490273097131
 20
0.9961427942679393
 10
-2.154196790085734
 20
0.9961291310507079
  0
LWPOLYLINE
  5
CA
330
8A
100
AcDbEntity
  8
0
100
AcDbPolyline
 90
2
 70
0
 10
-1.924332862126448
 20
0.7662392592327478
 10
-1.924346525343765
 20
1.225945776221323
  0
LWPOLYLINE
  5
CB
330
8A
100
AcDbEntity
  8
0
100
AcDbPolyline
 90
2
 70
0
 10
-0.0511762338459789
 20
1.413404575353127
 10
-0.0511362506805426
 20
0.0681488169243494
  0
LWPOLYLINE
  5
CC
330
8A
100
AcDbEntity
  8
0
100
AcDbPolyline
 90
2
 70
0
 10
2.23075562378267
 20
0.0596276230003241
 10
2.256208801179639
 20
0.0596283795097463
  0
LWPOLYLINE
  5
CD
330
8A
100
AcDbEntity
  8
0
100
AcDbPolyline
 90
2
 70
0
 10
2.230714879535412
 20
1.43049039968065
 10
2.256168056932324
 20
1.430491156189987
  0
LWPOLYLINE
  5
CE
330
8A
100
AcDbEntity
  8
0
100
AcDbPolyline
 90
2
 70
0
 10
-2.239335724386024
 20
0.0594947646935964
 10
-2.256378286643098
 20
0.0594942581612656
  0
LWPOLYLINE
  5
CF
330
8A
100
AcDbEntity
  8
0
100
AcDbPolyline
 90
2
 70
0
 10
-2.239376468633225
 20
1.430357541373837
 10
-2.256419030890527
 20
1.430357034841506
  0
LWPOLYLINE
  5
D0
330
8A
100
AcDbEntity
  8
0
100
AcDbPolyline
 90
3
 70
0
 10
2.213732976722099
 20
0.1022548670107426
 10
2.230775538979231
 20
0.1022553735430449
 10
2.230778578173499
 20
1.137e-13
  0
LWPOLYLINE
  5
D1
330
8A
100
AcDbEntity
  8
0
100
AcDbPolyline
 90
3
 70
0
 10
2.213694765702769
 20
1.387885784670317
 10
2.230737327959901
 20
1.387886291202648
 10
2.230734288765689
 20
1.490141664745607
  0
ARC
  5
D2
330
8A
100
AcDbEntity
  8
0
100
AcDbCircle
 10
-0.5236399404369081
 20
1.025945361555841
 30
0.0
 40
0.0468997755184776
100
AcDbArc
 50
179.9735744456378
 51
359.9725066754797
  0
CIRCLE
  5
D3
330
8A
100
AcDbEntity
  8
0
100
AcDbCircle
 10
-1.920200863886805
 20
1.000299600095929
 30
0.0
 40
0.1488679936512526
  0
CIRCLE
  5
D4
330
8A
100
AcDbEntity
  8
0
100
AcDbCircle
 10
-1.920096057097908
 20
1.000426514547542
 30
0.0
 40
0.1149097606159905
  0
CIRCLE
  5
D5
330
8A
100
AcDbEntity
  8
0
100
AcDbCircle
 10
-0.5236424711594054
 20
1.111092789123404
 30
0.0
 40
0.0468997755144458
  0
ARC
  5
D6
330
8A
100
AcDbEntity
  8
0
  6
HIDDEN2
100
AcDbCircle
 10
2.213702103903302
 20
1.140987964582166
 30
0.0
 40
0.8089683776288636
100
AcDbArc
 50
269.9922575204321
 51
0.0017029227446702
  0
ARC
  5
D7
330
8A
100
AcDbEntity
  8
0
  6
HIDDEN2
100
AcDbCircle
 10
1.41326132819438
 20
1.490094970159305
 30
0.0
 40
1.055841935605077
100
AcDbArc
 50
90.00170292274304
 51
180.0017029227528
  0
LWPOLYLINE
  5
D8
330
8A
100
AcDbEntity
  8
0
100
AcDbPolyline
 90
4
 70
0
 10
-1.098498444433858
 20
1.464493697629052
 10
-1.098466302651445
 20
2.545921739037851
 10
-1.047338615879994
 20
2.545920219440774
 10
-1.047370757662577
 20
1.46449217803189
  0
ARC
  5
D9
330
8A
100
AcDbEntity
  8
0
  6
HIDDEN2
100
AcDbCircle
 10
-1.098497683973619
 20
1.490079803899306
 30
0.0
 40
1.055841935605077
100
AcDbArc
 50
359.9982970771756
 51
89.99829707718531
  0
ATTDEF
  5
DA
330
8A
100
AcDbEntity
  8
0
 62
7
100
AcDbText
 10
-1.292212392794379
 20
0.6162972739940533
 30
0.0
 40
0.3
  1
description
 50
5.5186794334e-06
  7
Arial Black
 72
1
 11
-2.27755915034e-05
 21
0.7662973984566293
 31
0.0
100
AcDbAttributeDefinition
  3
description
  2
DESCRIPTION
 70
0
 74
2
280
1
 71
4
 72
0
 11
-2.27755915034e-05
 21
0.7662973984566293
 31
0.0
101
Embedded Object
 10
-2.27755915034e-05
 20
0.7662973984566293
 30
0.0
 40
0.3
 41
0.0
 46
0.0
 71
5
 72
5
  1
description
  7
Arial Black
 11
0.9999999999999954
 21
9.631912710000002e-08
 31
0.0
  0
ENDBLK
  5
8C
330
8A
100
AcDbEntity
  8
0
100
AcDbBlockEnd
  0
BLOCK
  5
DC
330
DB
100
AcDbEntity
  8
0
100
AcDbBlockBegin
  2
FUEL TANK
 70
2
 10
0.0
 20
0.0
 30
0.0
  3
FUEL TANK
  1

  0
LWPOLYLINE
  5
DE
330
DB
100
AcDbEntity
  8
0
100
AcDbPolyline
 90
4
 70
1
 10
-1.199999999720603
 20
-1.199999999720603
 10
1.20000000030268
 20
-1.199999999720603
 10
1.199999999371357
 20
1.199999999720603
 10
-1.20000000030268
 20
1.200000000186265
  0
ATTDEF
  5
DF
330
DB
100
AcDbEntity
  8
0
 62
7
100
AcDbText
 10
-1.292189646215029
 20
-0.1499998760467391
 30
625.3159972478156
 40
0.3
  1
description
 50
359.9999944813205
  7
Arial Black
 72
1
 11
-1.164153e-10
 21
-5.093173e-10
 31
625.3159972478156
100
AcDbAttributeDefinition
  3
description1
  2
DESCRIPTION1
 70
0
 74
2
280
1
 71
4
 72
0
 11
-1.164153e-10
 21
-5.093173e-10
 31
625.3159972478156
101
Embedded Object
 10
-1.164153e-10
 20
-5.093173e-10
 30
625.3159972478156
 40
0.3
 41
0.0
 46
0.0
 71
5
 72
5
  1
description
  7
Arial Black
 11
0.9999999999999954
 21
-9.631912710000002e-08
 31
0.0
  0
HATCH
  5
E0
330
DB
100
AcDbEntity
  8
Key_Genset
440
33554559
100
AcDbHatch
 10
0.0
 20
0.0
 30
0.0
210
0.0
220
0.0
230
1.0
  2
SOLID
 70
1
 71
0
 91
2
 92
0
 93
4
 72
1
 10
-1.199999999720603
 20
-1.199999999720603
 11
1.20000000030268
 21
-1.199999999720603
 72
1
 10
1.20000000030268
 20
-1.199999999720603
 11
1.199999999371357
 21
1.199999999720603
 72
1
 10
1.199999999371357
 20
1.199999999720603
 11
-1.20000000030268
 21
1.200000000186265
 72
1
 10
-1.20000000030268
 20
1.200000000186265
 11
-1.199999999720603
 21
-1.199999999720603
 97
1
330
34E41A
 92
1
 93
4
 72
1
 10
-1.199999999691499
 20
-1.200000000244472
 11
1.20000000030268
 21
-1.199999999764259
 72
1
 10
1.20000000030268
 20
-1.199999999764259
 11
1.199999999458669
 21
1.199999999225838
 72
1
 10
1.199999999458669
 20
1.199999999225838
 11
-1.20000000030268
 21
1.199999999953433
 72
1
 10
-1.20000000030268
 20
1.199999999953433
 11
-1.199999999691499
 21
-1.200000000244472
 97
1
330
34E419
 75
1
 76
1
 98
1
 10
0.0
 20
0.0
450
0
451
0
460
0.0
461
0.0
452
0
462
0.0
453
2
463
0
 63
5
421
255
463
1
 63
2
421
16776960
470
LINEAR
  0
ENDBLK
  5
DD
330
DB
100
AcDbEntity
  8
0
100
AcDbBlockEnd
  0
BLOCK
  5
E2
330
E1
100
AcDbEntity
  8
0
100
AcDbBlockBegin
  2
MDB
 70
2
 10
0.0
 20
0.0
 30
0.0
  3
MDB
  1

  0
HATCH
  5
E4
330
E1
100
AcDbEntity
  8
0
440
33554559
100
AcDbHatch
 10
0.0
 20
0.0
 30
0.0
210
0.0
220
0.0
230
1.0
  2
SOLID
 70
1
 71
0
 91
1
 92
1
 93
4
 72
1
 10
-1.0
 20
-0.5
 11
1.000000000116415
 21
-0.5
 72
1
 10
1.000000000116415
 20
-0.5
 11
0.9999999997671694
 21
0.5
 72
1
 10
0.9999999997671694
 20
0.5
 11
-1.0
 21
0.5
 72
1
 10
-1.0
 20
0.5
 11
-1.0
 21
-0.5
 97
1
330
34E40E
 75
1
 76
1
 98
1
 10
-672179.2623325461
 20
-2763929.647509531
450
0
451
0
460
0.0
461
0.0
452
0
462
0.0
453
2
463
0
 63
5
421
255
463
1
 63
2
421
16776960
470
LINEAR
  0
LWPOLYLINE
  5
E5
330
E1
100
AcDbEntity
  8
0
100
AcDbPolyline
 90
4
 70
1
 10
-1.0
 20
-0.5
 10
1.000000000116415
 20
-0.5
 10
0.9999999997671694
 20
0.5
 10
-1.0
 20
0.5
  0
ATTDEF
  5
E6
330
E1
100
AcDbEntity
  8
0
 62
7
100
AcDbText
 10
-1.292189646098613
 20
-0.1499998755374219
 30
625.3159972478156
 40
0.3
  1
description
 50
359.9999944813205
  7
Arial Black
 72
1
 11
0.0
 21
0.0
 31
625.3159972478156
100
AcDbAttributeDefinition
  3
description
  2
DESCRIPTION
 70
0
 74
2
280
1
 71
4
 72
0
 11
0.0
 21
0.0
 31
625.3159972478156
101
Embedded Object
 10
0.0
 20
0.0
 30
625.3159972478156
 40
0.3
 41
0.0
 46
0.0
 71
5
 72
5
  1
description
  7
Arial Black
 11
0.9999999999999954
 21
-9.631912710000002e-08
 31
0.0
  0
ENDBLK
  5
E3
330
E1
100
AcDbEntity
  8
0
100
AcDbBlockEnd
  0
BLOCK
  5
E8
330
E7
100
AcDbEntity
  8
0
100
AcDbBlockBegin
  2
BYRNE_WT-1000_GAL
 70
2
 10
0.0
 20
0.0
 30
0.0
  3
BYRNE_WT-1000_GAL
  1

  0
LWPOLYLINE
  5
EA
330
E7
100
AcDbEntity
  8
0
100
AcDbPolyline
 90
2
 70
0
 10
-0.132628188644162
 20
0.8277200967646507
 10
-0.132628188644162
 20
0.2455136439496073
  0
LWPOLYLINE
  5
EB
330
E7
100
AcDbEntity
  8
0
100
AcDbPolyline
 90
2
 70
0
 10
0.1353315310032599
 20
0.8277200967646507
 10
0.1353315310032599
 20
0.2455136439496073
  0
LWPOLYLINE
  5
EC
330
E7
100
AcDbEntity
  8
0
100
AcDbPolyline
 90
2
 70
0
 10
-0.132628188644162
 20
-0.827713274691277
 10
-0.132628188644162
 20
-0.2468804838901377
  0
LWPOLYLINE
  5
ED
330
E7
100
AcDbEntity
  8
0
100
AcDbPolyline
 90
2
 70
0
 10
0.1353315310032599
 20
-0.827713274691277
 10
0.1353315310032599
 20
-0.2468804838901377
  0
LWPOLYLINE
  5
EE
330
E7
100
AcDbEntity
  8
0
100
AcDbPolyline
 90
2
 70
0
 10
-0.8250073422478295
 20
-0.1448567375455383
 10
-0.2319307760233187
 20
-0.1448567375455383
  0
LWPOLYLINE
  5
EF
330
E7
100
AcDbEntity
  8
0
100
AcDbPolyline
 90
2
 70
0
 10
-0.8263634196992484
 20
0.1353372977914518
 10
-0.2428131378743501
 20
0.1353372977914518
  0
LWPOLYLINE
  5
F0
330
E7
100
AcDbEntity
  8
0
100
AcDbPolyline
 90
2
 70
0
 10
0.8277020268544675
 20
-0.1448567375455383
 10
0.2346254606299567
 20
-0.1448567375455383
  0
LWPOLYLINE
  5
F1
330
E7
100
AcDbEntity
  8
0
100
AcDbPolyline
 90
2
 70
0
 10
0.8290667620583463
 20
0.1353372977914518
 10
0.245516480233448
 20
0.1353372977914518
  0
CIRCLE
  5
F2
330
E7
100
AcDbEntity
  8
0
100
AcDbCircle
 10
-3.78034483219e-05
 20
0.0040893816348699
 30
0.0
 40
0.2768356441210867
  0
CIRCLE
  5
F3
330
E7
100
AcDbEntity
  8
0
100
AcDbCircle
 10
-3.78034483219e-05
 20
0.0040893816348699
 30
0.0
 40
0.8400000000000066
  0
CIRCLE
  5
F4
330
E7
100
AcDbEntity
  8
0
100
AcDbCircle
 10
0.0
 20
0.0
 30
0.0
 40
0.1666188265980419
  0
CIRCLE
  5
F5
330
E7
100
AcDbEntity
  8
0
 62
0
100
AcDbCircle
 10
-0.6624549133296114
 20
-1.31317209764e-05
 30
0.0
 40
0.0306065990193934
  0
CIRCLE
  5
F6
330
E7
100
AcDbEntity
  8
0
 62
0
100
AcDbCircle
 10
0.663796580529322
 20
-1.31317209906e-05
 30
0.0
 40
0.0306065990194306
  0
LINE
  5
F7
330
E7
100
AcDbEntity
  8
0
  6
HIDDEN2
 62
0
100
AcDbLine
 10
-3.78034483219e-05
 20
-0.8359106183651335
 30
0.0
 11
-3.78034483219e-05
 21
0.8440893816348733
 31
0.0
  0
LINE
  5
F8
330
E7
100
AcDbEntity
  8
0
  6
HIDDEN2
 62
0
100
AcDbLine
 10
0.8399621965516815
 20
0.0040893816348699
 30
0.0
 11
-0.8400378034483253
 21
0.0040893816348699
 31
0.0
  0
ATTDEF
  5
F9
330
E7
100
AcDbEntity
  8
0
100
AcDbText
 10
-0.9424984333695823
 20
0.9005237627406639
 30
0.0
 40
0.2
  1
20' CABIN-OPEN
  7
isocp- Blocks
 72
4
 11
-3.78034483219e-05
 21
1.000883545203337
 31
0.0
100
AcDbAttributeDefinition
  3
20FT
  2
ANNO
 70
4
280
1
 71
1
 72
0
 11
-3.78034483219e-05
 21
1.000883545203337
 31
0.0
  0
HATCH
  5
FA
330
E7
100
AcDbEntity
  8
Key_Genaral
440
33554559
100
AcDbHatch
 10
0.0
 20
0.0
 30
0.0
210
0.0
220
0.0
230
1.0
  2
SOLID
 70
1
 71
0
 91
1
 92
1
 93
1
 72
2
 10
-3.78034483219e-05
 20
0.0040893816348699
 40
0.8400000000000066
 50
0.0
 51
360.0
 73
1
 97
1
330
34EBBA
 75
1
 76
1
 98
1
 10
0.0
 20
0.0
450
0
451
0
460
0.0
461
0.0
452
0
462
0.0
453
2
463
0
 63
5
421
255
463
1
 63
2
421
16776960
470
LINEAR
  0
ENDBLK
  5
E9
330
E7
100
AcDbEntity
  8
0
100
AcDbBlockEnd
  0
BLOCK
  5
FC
330
FB
100
AcDbEntity
  8
0
100
AcDbBlockBegin
  2
EXHAUST
 70
0
 10
0.0
 20
0.0
 30
0.0
  3
EXHAUST
  1

  0
ELLIPSE
  5
FE
330
FB
100
AcDbEntity
  8
0
100
AcDbEllipse
 10
-1.173248e-10
 20
1.073204e-10
 30
0.0
 11
-0.02767332413178155
 21
6.681098088151333e-12
 31
0.0
210
-2.044969436108568e-31
220
-8.470329472543003e-22
230
-1.0
 40
0.5415256044589456
 41
0.0
 42
6.283185307179585
  0
LINE
  5
FF
330
FB
100
AcDbEntity
  8
0
100
AcDbLine
 10
1.63709e-11
 20
0.0149858134145688
 30
0.0
 11
-0.0947210589206406
 21
0.0325958467528835
 31
0.0
  0
LINE
  5
100
330
FB
100
AcDbEntity
  8
0
100
AcDbLine
 10
-6.04814e-11
 20
-0.0149858136246621
 30
0.0
 11
-0.0947210589492897
 21
-0.0325958468633871
 31
0.0
  0
LINE
  5
101
330
FB
100
AcDbEntity
  8
0
100
AcDbLine
 10
1.63709e-11
 20
0.0149858134145688
 30
0.0
 11
0.0947210590893519
 21
0.0325958466778502
 31
0.0
  0
ARC
  5
102
330
FB
100
AcDbEntity
  8
0
100
AcDbCircle
 10
0.1029844911940927
 20
-1.69166e-10
 30
0.0
 40
0.0336269764297158
100
AcDbArc
 50
255.7745379634476
 51
104.2254626491605
  0
LINE
  5
103
330
FB
100
AcDbEntity
  8
0
100
AcDbLine
 10
-6.04814e-11
 20
-0.0149858136246621
 30
0.0
 11
0.0947210590079521
 21
-0.032595846962522
 31
0.0
  0
ARC
  5
104
330
FB
100
AcDbEntity
  8
0
100
AcDbCircle
 10
0.0704753581298974
 20
0.1173604676719151
 30
0.0
 40
0.1347125247813541
100
AcDbArc
 50
249.218526163071
 51
299.4025505782396
  0
ARC
  5
105
330
FB
100
AcDbEntity
  8
0
100
AcDbCircle
 10
-0.0704753583113416
 20
-0.1173604671648718
 30
0.0
 40
0.1347125244891531
100
AcDbArc
 50
69.21852614032825
 51
119.4025506108429
  0
ARC
  5
106
330
FB
100
AcDbEntity
  8
0
100
AcDbCircle
 10
-0.1029844910544853
 20
-1.63709e-11
 30
0.0
 40
0.0336269764297158
100
AcDbArc
 50
75.77453796344751
 51
284.2254626491605
  0
LWPOLYLINE
  5
107
330
FB
100
AcDbEntity
  8
0
100
AcDbPolyline
 90
4
 70
1
 10
0.1500000001092019
 20
-0.059999999802244
 10
0.1499999998663952
 20
0.0500000001034095
 10
-0.1500000000191903
 20
0.0499999999983629
 10
-0.1500000001160799
 20
-0.0599999996662746
  0
LWPOLYLINE
  5
108
330
FB
100
AcDbEntity
  8
0
100
AcDbPolyline
 90
4
 70
1
 10
-0.1700000001227977
 20
-0.0749999996550059
 10
0.1700000001279705
 20
-0.0749999996094175
 10
0.1700000001279705
 20
-0.0599999997522218
 10
-0.1700000001227977
 20
-0.0599999997978102
  0
ENDBLK
  5
FD
330
FB
100
AcDbEntity
  8
0
100
AcDbBlockEnd
  0
BLOCK
  5
10A
330
109
100
AcDbEntity
  8
0
100
AcDbBlockBegin
  2
SYMB_OUTLET
 70
0
 10
0.0
 20
0.0
 30
0.0
  3
SYMB_OUTLET
  1

  0
ARC
  5
10C
330
109
100
AcDbEntity
  8
0
 62
0
100
AcDbCircle
 10
0.0
 20
0.0
 30
0.0
 40
75.0
100
AcDbArc
 50
180.0192322822746
 51
0.019232282274618
  0
LINE
  5
10D
330
109
100
AcDbEntity
  8
0
 62
0
100
AcDbLine
 10
0.0
 20
0.0
 30
0.0
 11
0.0453149985987693
 21
-134.999992394587
 31
0.0
  0
LINE
  5
10E
330
109
100
AcDbEntity
  8
0
 62
0
100
AcDbLine
 10
74.9999957747641
 20
0.0251749992603436
 30
0.0
 11
-74.99999577482231
 21
-0.0251749992603436
 31
0.0
  0
ENDBLK
  5
10B
330
109
100
AcDbEntity
  8
0
100
AcDbBlockEnd
  0
BLOCK
  5
110
330
10F
100
AcDbEntity
  8
0
100
AcDbBlockBegin
  2
SYMB_1G1W-SWITCH
 70
0
 10
0.0
 20
0.0
 30
0.0
  3
SYMB_1G1W-SWITCH
  1

  0
HATCH
  5
112
330
10F
100
AcDbEntity
  8
0
 62
0
100
AcDbHatch
 10
0.0
 20
0.0
 30
0.0
210
0.0
220
0.0
230
1.0
  2
SOLID
 70
1
 71
0
 91
1
 92
1
 93
1
 72
2
 10
0.0
 20
40.0
 40
40.0
 50
0.0
 51
360.0
 73
1
 97
1
330
34E3EE
 75
1
 76
1
 98
1
 10
-44421776.80688362
 20
-5657472.545270169
450
0
451
0
460
0.0
461
0.0
452
0
462
1.0
453
2
463
0
 63
5
421
255
463
1
 63
2
421
16776960
470
LINEAR
  0
CIRCLE
  5
113
330
10F
100
AcDbEntity
  8
0
 62
0
100
AcDbCircle
 10
0.0
 20
40.0
 30
0.0
 40
40.0
  0
LWPOLYLINE
  5
114
330
10F
100
AcDbEntity
  8
0
 62
0
100
AcDbPolyline
 90
3
 70
0
 10
0.0
 20
40.0
 10
75.0
 20
169.9038105662912
 10
118.3012701869011
 20
144.9038105662912
  0
ENDBLK
  5
111
330
10F
100
AcDbEntity
  8
0
100
AcDbBlockEnd
  0
BLOCK
  5
116
330
115
100
AcDbEntity
  8
0
100
AcDbBlockBegin
  2
ELE-DP
 70
0
 10
0.0
 20
0.0
 30
0.0
  3
ELE-DP
  1

  0
HATCH
  5
118
330
115
100
AcDbEntity
  8
0
100
AcDbHatch
 10
0.0
 20
0.0
 30
6.49859599e-08
210
0.0
220
0.0
230
1.0
  2
SOLID
 70
1
 71
0
 91
1
 92
1
 93
5
 72
1
 10
-117.6470588235297
 20
-111.7647058823532
 11
117.6470588235297
 21
0.0
 72
1
 10
117.6470588235297
 20
0.0
 11
117.6470588235297
 21
-100.0
 72
1
 10
117.6470588235297
 20
-100.0
 11
147.0588235294144
 21
-100.0
 72
1
 10
147.0588235294144
 20
-100.0
 11
147.0588235294144
 21
-111.7647058823532
 72
1
 10
147.0588235294144
 20
-111.7647058823532
 11
-117.6470588235297
 21
-111.7647058823532
 97
0
 75
1
 76
1
 98
1
 10
45.7199172770288
 20
-69.70588235294053
  0
LWPOLYLINE
  5
119
330
115
100
AcDbEntity
  8
0
  6
ByBlock
 62
0
370
-2
100
AcDbPolyline
 90
7
 70
0
 10
117.6470588235297
 20
-100.0
 10
117.6470588235297
 20
0.0
 10
-117.6470588235297
 20
0.0
 10
-117.6470588235297
 20
-111.7647058823532
 10
147.0588235294144
 20
-111.7647058823532
 10
147.0588235294144
 20
-100.0
 10
117.6470588235297
 20
-100.0
  0
LINE
  5
11A
330
115
100
AcDbEntity
  8
0
  6
ByBlock
 62
0
370
-2
100
AcDbLine
 10
-117.6470588235297
 20
-111.7647058823532
 30
0.0
 11
117.6470588235297
 21
0.0
 31
0.0
  0
HATCH
  5
11B
330
115
100
AcDbEntity
  8
0
100
AcDbHatch
 10
0.0
 20
0.0
 30
6.49859599e-08
210
0.0
220
0.0
230
1.0
  2
SOLID
 70
1
 71
0
 91
1
 92
7
 72
0
 73
1
 93
4
 10
-117.6470588235297
 20
-100.0
 10
-117.6470588235297
 20
-111.7647058823532
 10
-147.0588235294108
 20
-111.7647058823532
 10
-147.0588235294108
 20
-100.0
 97
0
 75
1
 76
1
 47
0.7791551179311491
 98
1
 10
-130.162435664146
 20
-105.5882352941171
  0
LWPOLYLINE
  5
11C
330
115
100
AcDbEntity
  8
0
100
AcDbPolyline
 90
4
 70
1
 10
-117.6470588235297
 20
-100.0
 10
-147.0588235294108
 20
-100.0
 10
-147.0588235294108
 20
-111.7647058823532
 10
-117.6470588235297
 20
-111.7647058823532
  0
ENDBLK
  5
117
330
115
100
AcDbEntity
  8
0
100
AcDbBlockEnd
  0
BLOCK
  5
11E
330
11D
100
AcDbEntity
  8
0
100
AcDbBlockBegin
  2
OPS_11x3.8000
 70
2
 10
0.0
 20
0.0
 30
0.0
  3
OPS_11x3.8000
  1

  0
HATCH
  5
120
330
11D
100
AcDbEntity
  8
Key_Cabins
440
33554559
100
AcDbHatch
 10
0.0
 20
0.0
 30
0.0
210
0.0
220
0.0
230
1.0
  2
SOLID
 70
1
 71
0
 91
1
 92
1
 93
8
 72
1
 10
-5.400000000000091
 20
-3.699999999999818
 11
-0.5249999999990687
 21
-3.699999999999818
 72
1
 10
-0.5249999999990684
 20
-3.699999999999818
 11
-0.5249999999990684
 21
-3.799999999118882
 72
1
 10
-0.5249999999990684
 20
-3.799999999118882
 11
0.5249999999990684
 21
-3.799999999999534
 72
1
 10
0.5249999999990684
 20
-3.799999999999534
 11
0.5249999999990684
 21
-3.69999999911829
 72
1
 10
0.5249999999990684
 20
-3.69999999911829
 11
5.400000000000091
 21
-3.699999999999818
 72
1
 10
5.400000000000091
 20
-3.699999999999818
 11
5.400000000000091
 21
-0.0999999999999091
 72
1
 10
5.400000000000091
 20
-0.0999999999999091
 11
-5.400000000000091
 21
-0.0999999999999091
 72
1
 10
-5.400000000000091
 20
-0.0999999999999091
 11
-5.400000000000091
 21
-3.699999999999818
 97
1
330
3CD631
 75
1
 76
1
 98
1
 10
0.0
 20
0.0
450
0
451
0
460
0.0
461
0.0
452
0
462
0.0
453
2
463
0
 63
5
421
255
463
1
 63
2
421
16776960
470
LINEAR
  0
LWPOLYLINE
  5
121
330
11D
100
AcDbEntity
  8
Key_Cabins
100
AcDbPolyline
 90
8
 70
1
 10
-5.400000000000091
 20
-3.699999999999818
 10
-0.5249999999990684
 20
-3.699999999999818
 10
-0.5249999999990684
 20
-3.799999999118882
 10
0.5249999999990684
 20
-3.799999999999534
 10
0.5249999999990684
 20
-3.69999999911829
 10
5.400000000000091
 20
-3.699999999999818
 10
5.400000000000091
 20
-0.0999999999999091
 10
-5.400000000000091
 20
-0.0999999999999091
  0
INSERT
  5
122
330
11D
100
AcDbEntity
  8
0
 62
31
100
AcDbBlockReference
  2
SPLIT-AC
 10
-5.400000000000091
 20
-1.899999999999864
 30
0.0
 41
0.001
 42
0.001
 43
0.001
 50
270.0000001010131
  0
INSERT
  5
124
330
11D
100
AcDbEntity
  8
0
370
25
100
AcDbBlockReference
 66
1
  2
CU-OUTDOOR-S
 10
-5.699661404364455
 20
-1.900000001018043
 30
0.0
 50
270.0000001010131
  0
ATTRIB
  5
125
330
124
100
AcDbEntity
  8
0
100
AcDbText
 10
-5.968040702450122
 20
-1.720563962813448
 30
0.0923344369655969
 40
0.2
  1
CU
 50
270.0000000743327
  7
Bahnschrift Light
 72
1
 11
-5.768040702217331
 21
-1.900000001068421
 31
0.0923344369655969
210
3.895109417710759e-12
220
3.328159088912155e-08
230
0.9999999999999994
100
AcDbAttribute
  2
CU
 70
0
 74
3
280
1
 71
1
 72
0
 11
-5.768040702217331
 21
-1.900000001068421
 31
0.0923344369655969
  0
SEQEND
  5
126
330
124
100
AcDbEntity
  8
0
  0
LINE
  5
127
330
11D
100
AcDbEntity
  8
0
100
AcDbLine
 10
-5.677058256242893
 20
-2.159892492620884
 30
0.0
 11
-5.500000000969521
 21
-2.159892492171593
 31
0.0
  0
LINE
  5
128
330
11D
100
AcDbEntity
  8
0
100
AcDbLine
 10
-5.677058256172407
 20
-2.199892492620847
 30
0.0
 11
-5.500000000969521
 21
-2.199892492171557
 31
0.0
  0
LINE
  5
129
330
11D
100
AcDbEntity
  8
0
100
AcDbLine
 10
-5.677058257159209
 20
-1.640143351751021
 30
0.0
 11
-5.500000000969521
 21
-1.640143351301731
 31
0.0
  0
LINE
  5
12A
330
11D
100
AcDbEntity
  8
0
100
AcDbLine
 10
-5.677058257229695
 20
-1.600143351751058
 30
0.0
 11
-5.500000000969521
 21
-1.600143351301767
 31
0.0
  0
INSERT
  5
12B
330
11D
100
AcDbEntity
  8
0
100
AcDbBlockReference
  2
*U396
 10
0.5249999999990684
 20
-3.799999999999534
 30
0.0
 41
0.001
 42
0.001
 43
0.001
 50
180.0
  0
INSERT
  5
12D
330
11D
100
AcDbEntity
  8
0
100
AcDbBlockReference
  2
SYMB_1G1W-SWITCH
 10
0.8133101722688707
 20
-3.699999999999818
 30
0.0
 41
0.001
 42
0.001
 43
0.001
  0
INSERT
  5
12F
330
11D
100
AcDbEntity
  8
0
100
AcDbBlockReference
  2
SYMB_OUTLET
 10
-1.797043741677953
 20
-0.0999999999989996
 30
0.0
 41
0.001
 42
0.001
 43
0.001
  0
INSERT
  5
131
330
11D
100
AcDbEntity
  8
0
100
AcDbBlockReference
  2
SYMB_OUTLET
 10
-1.647043745903375
 20
-0.0999748250005723
 30
0.0
 41
0.001
 42
0.001
 43
0.001
  0
LINE
  5
133
330
11D
100
AcDbEntity
  8
WT
100
AcDbLine
 10
2.46249999999958
 20
-3.69999999911829
 30
0.0
 11
3.46249999999958
 21
-3.700000000881346
 31
0.0
  0
LINE
  5
134
330
11D
100
AcDbEntity
  8
WT
100
AcDbLine
 10
3.462499999798581
 20
-3.799999999999955
 30
0.0
 11
2.462499999798581
 21
-3.799999998236899
 31
0.0
  0
INSERT
  5
135
330
11D
100
AcDbEntity
  8
WT
100
AcDbBlockReference
  2
WIN 1000
 10
3.462499999851787
 20
-3.750000000881528
 30
0.0
 41
-1.0
 50
359.9999998989869
  0
INSERT
  5
137
330
11D
100
AcDbEntity
  8
0
 62
31
100
AcDbBlockReference
  2
SPLIT-AC
 10
5.399999999999864
 20
-1.900000000000092
 30
0.0
 41
-0.001
 42
0.001
 43
0.001
 50
90.0
  0
INSERT
  5
139
330
11D
100
AcDbEntity
  8
0
370
25
100
AcDbBlockReference
 66
1
  2
CU-OUTDOOR-S
 10
5.699661405105144
 20
-1.900000001018271
 30
0.0
 41
-1.0
 50
90.0
  0
ATTRIB
  5
13A
330
139
100
AcDbEntity
  8
0
100
AcDbText
 10
5.826087470412291
 20
-1.720563962406622
 30
0.0923344369655966
 40
0.2
  1
CU
 50
270.0000000266804
  7
Bahnschrift Light
 41
0.9999999999999999
 72
1
 11
5.76804070295802
 21
-1.900000000948096
 31
0.0923344369655966
210
-3.8951680935535e-12
220
3.328159088911467e-08
230
0.9999999999999996
100
AcDbAttribute
  2
CU
 70
0
 74
1
280
1
 71
1
 72
0
 11
5.76804070295802
 21
-1.900000000948096
 31
0.0923344369655966
  0
SEQEND
  5
13B
330
139
100
AcDbEntity
  8
0
  0
LINE
  5
13C
330
11D
100
AcDbEntity
  8
0
100
AcDbLine
 10
5.677058256983583
 20
-2.159892492621112
 30
0.0
 11
5.500000000969294
 21
-2.159892492171822
 31
0.0
  0
LINE
  5
13D
330
11D
100
AcDbEntity
  8
0
100
AcDbLine
 10
5.677058256913097
 20
-2.199892492621076
 30
0.0
 11
5.500000000969294
 21
-2.199892492171785
 31
0.0
  0
LINE
  5
13E
330
11D
100
AcDbEntity
  8
0
100
AcDbLine
 10
5.677058257899898
 20
-1.640143351751249
 30
0.0
 11
5.500000000969294
 21
-1.640143351301959
 31
0.0
  0
LINE
  5
13F
330
11D
100
AcDbEntity
  8
0
100
AcDbLine
 10
5.677058257970384
 20
-1.600143351751286
 30
0.0
 11
5.500000000969294
 21
-1.600143351301995
 31
0.0
  0
INSERT
  5
140
330
11D
100
AcDbEntity
  8
0
100
AcDbBlockReference
  2
SYMB_OUTLET
 10
-1.797043741677953
 20
-3.700000000001182
 30
0.0
 41
-0.001
 42
0.001
 43
0.001
 50
180.0
  0
INSERT
  5
142
330
11D
100
AcDbEntity
  8
0
100
AcDbBlockReference
  2
SYMB_OUTLET
 10
-1.647043745903375
 20
-3.700025174999155
 30
0.0
 41
-0.001
 42
0.001
 43
0.001
 50
180.0
  0
INSERT
  5
144
330
11D
100
AcDbEntity
  8
0
100
AcDbBlockReference
 66
1
  2
E_LIGHT
 10
-2.274e-13
 20
-3.800000000000182
 30
0.0
 41
0.001
 42
0.001
 43
0.001
  0
ATTRIB
  5
145
330
144
100
AcDbEntity
  8
0
 62
0
100
AcDbText
 10
-0.1005714285716559
 20
-3.880000000000091
 30
-1e-16
 40
0.06
  1
LIGHT
  7
CEB- Romand
 41
0.8
 72
1
 11
-2.274e-13
 21
-3.900000000000091
 31
-1e-16
100
AcDbAttribute
  2
LIGHT
 70
0
 74
1
280
1
 71
1
 72
0
 11
-2.274e-13
 21
-3.900000000000091
 31
-1e-16
  0
SEQEND
  5
146
330
144
100
AcDbEntity
  8
0
  0
INSERT
  5
147
330
11D
100
AcDbEntity
  8
0
100
AcDbBlockReference
  2
SYMB_OUTLET
 10
1.797043741677953
 20
-0.0999999999989996
 30
0.0
 41
-0.001
 42
0.001
 43
0.001
  0
INSERT
  5
149
330
11D
100
AcDbEntity
  8
0
100
AcDbBlockReference
  2
SYMB_OUTLET
 10
1.647043745903375
 20
-0.0999748250005723
 30
0.0
 41
-0.001
 42
0.001
 43
0.001
  0
INSERT
  5
14B
330
11D
100
AcDbEntity
  8
0
100
AcDbBlockReference
  2
SYMB_OUTLET
 10
1.797043741677953
 20
-3.700000000001182
 30
0.0
 41
0.001
 42
0.001
 43
0.001
 50
180.0
  0
INSERT
  5
14D
330
11D
100
AcDbEntity
  8
0
100
AcDbBlockReference
  2
SYMB_OUTLET
 10
1.647043745903375
 20
-3.700025174999155
 30
0.0
 41
0.001
 42
0.001
 43
0.001
 50
180.0
  0
INSERT
  5
14F
330
11D
100
AcDbEntity
  8
0
100
AcDbBlockReference
  2
ELE-DP
 10
5.5
 20
-3.488235294117658
 30
0.0
 41
0.001
 42
0.001
 43
0.001
 50
270.0
  0
LWPOLYLINE
  5
151
330
11D
100
AcDbEntity
  8
0
100
AcDbPolyline
 90
12
 70
1
 10
-5.400000000000091
 20
-3.699999999999818
 10
-3.462499999798581
 20
-3.699999999999818
 10
-3.462499999798581
 20
-3.800000000000182
 10
-5.5
 20
-3.800000000000182
 10
-5.5
 20
0.0
 10
5.5
 20
0.0
 10
5.5
 20
-3.800000000000183
 10
3.46249999999958
 20
-3.80000000088171
 10
3.46249999999958
 20
-3.700000000881346
 10
5.400000000000091
 20
-3.699999999999818
 10
5.400000000000091
 20
-0.0999999999999091
 10
-5.400000000000091
 20
-0.0999999999999091
  0
LWPOLYLINE
  5
152
330
11D
100
AcDbEntity
  8
0
100
AcDbPolyline
 90
4
 70
1
 10
-0.5249999999990684
 20
-3.799999999118882
 10
-2.46249999999958
 20
-3.799999999999955
 10
-2.46249999999958
 20
-3.699999999999591
 10
-0.5249999999990684
 20
-3.699999999118518
  0
ATTDEF
  5
153
330
11D
100
AcDbEntity
  8
TEXT-CABINS
100
AcDbText
 10
-5.519999999999982
 20
0.0399999999999636
 30
0.0
 40
0.2
  1
40' CABIN-SPLIT
  7
isocp- Blocks
100
AcDbAttributeDefinition
  3
40FT
  2
ANNO
 70
4
280
1
 71
1
 72
0
  0
LWPOLYLINE
  5
154
330
11D
100
AcDbEntity
  8
0
100
AcDbPolyline
 90
4
 70
1
 10
2.46249999999958
 20
-3.69999999911829
 10
0.5249999999990684
 20
-3.69999999911829
 10
0.5249999999990684
 20
-3.799999999999534
 10
2.46249999999958
 20
-3.799999999999534
  0
HATCH
  5
155
330
11D
100
AcDbEntity
  8
0
100
AcDbHatch
 10
0.0
 20
0.0
 30
0.0
210
0.0
220
0.0
230
1.0
  2
ANSI37
 70
0
 71
0
 91
1
 92
1
 93
4
 72
1
 10
2.46249999999958
 20
-3.69999999911829
 11
0.5249999999990684
 21
-3.69999999911829
 72
1
 10
0.5249999999990684
 20
-3.69999999911829
 11
0.5249999999990684
 21
-3.799999999999534
 72
1
 10
0.5249999999990684
 20
-3.799999999999534
 11
2.46249999999958
 21
-3.799999999999534
 72
1
 10
2.46249999999958
 20
-3.799999999999534
 11
2.46249999999958
 21
-3.69999999911829
 97
0
 75
1
 76
1
 52
0.0
 41
0.015
 77
0
 78
2
 53
45.0
 43
0.0
 44
0.0
 45
-0.0336759604540093
 46
0.0336759604540093
 79
0
 53
135.0
 43
0.0
 44
0.0
 45
-0.0336759604540093
 46
-0.0336759604540093
 79
0
 98
1
 10
0.0
 20
0.0
  0
HATCH
  5
156
330
11D
100
AcDbEntity
  8
0
100
AcDbHatch
 10
0.0
 20
0.0
 30
0.0
210
0.0
220
0.0
230
1.0
  2
ANSI37
 70
0
 71
0
 91
1
 92
1
 93
12
 72
1
 10
-5.400000000000091
 20
-3.699999999999818
 11
-3.462499999798581
 21
-3.699999999999818
 72
1
 10
-3.462499999798581
 20
-3.699999999999818
 11
-3.462499999798581
 21
-3.800000000000182
 72
1
 10
-3.462499999798581
 20
-3.800000000000182
 11
-5.5
 21
-3.800000000000182
 72
1
 10
-5.5
 20
-3.800000000000182
 11
-5.5
 21
0.0
 72
1
 10
-5.5
 20
0.0
 11
5.5
 21
0.0
 72
1
 10
5.5
 20
0.0
 11
5.5
 21
-3.800000000000183
 72
1
 10
5.5
 20
-3.800000000000183
 11
3.46249999999958
 21
-3.80000000088171
 72
1
 10
3.46249999999958
 20
-3.80000000088171
 11
3.46249999999958
 21
-3.700000000881346
 72
1
 10
3.46249999999958
 20
-3.700000000881346
 11
5.400000000000091
 21
-3.699999999999818
 72
1
 10
5.400000000000091
 20
-3.699999999999818
 11
5.400000000000091
 21
-0.0999999999999091
 72
1
 10
5.400000000000091
 20
-0.0999999999999091
 11
-5.400000000000091
 21
-0.0999999999999091
 72
1
 10
-5.400000000000091
 20
-0.0999999999999091
 11
-5.400000000000091
 21
-3.699999999999818
 97
0
 75
1
 76
1
 52
0.0
 41
0.015
 77
0
 78
2
 53
45.0
 43
0.0
 44
0.0
 45
-0.0336759604540093
 46
0.0336759604540093
 79
0
 53
135.0
 43
0.0
 44
0.0
 45
-0.0336759604540093
 46
-0.0336759604540093
 79
0
 98
1
 10
0.0
 20
0.0
  0
HATCH
  5
157
330
11D
100
AcDbEntity
  8
0
100
AcDbHatch
 10
0.0
 20
0.0
 30
0.0
210
0.0
220
0.0
230
1.0
  2
ANSI37
 70
0
 71
0
 91
1
 92
1
 93
4
 72
1
 10
-0.5249999999990684
 20
-3.799999999118882
 11
-2.462499999946374
 21
-3.800000003724567
 72
1
 10
-2.462499999946374
 20
-3.800000003724567
 11
-2.462499999946374
 21
-3.700000003724203
 72
1
 10
-2.462499999946374
 20
-3.700000003724203
 11
-0.5249999999990684
 21
-3.699999999118518
 72
1
 10
-0.5249999999990684
 20
-3.699999999118518
 11
-0.5249999999990684
 21
-3.799999999118882
 97
0
 75
1
 76
1
 52
0.0
 41
0.015
 77
0
 78
2
 53
45.0
 43
0.0
 44
0.0
 45
-0.0336759604540093
 46
0.0336759604540093
 79
0
 53
135.0
 43
0.0
 44
0.0
 45
-0.0336759604540093
 46
-0.0336759604540093
 79
0
 98
1
 10
0.0
 20
0.0
  0
LINE
  5
158
330
11D
100
AcDbEntity
  8
WT
100
AcDbLine
 10
-3.462499999798581
 20
-3.69999999911829
 30
0.0
 11
-2.462499999798581
 21
-3.700000000881346
 31
0.0
  0
LINE
  5
159
330
11D
100
AcDbEntity
  8
WT
100
AcDbLine
 10
-2.46249999999958
 20
-3.799999999999955
 30
0.0
 11
-3.46249999999958
 21
-3.799999998236899
 31
0.0
  0
INSERT
  5
15A
330
11D
100
AcDbEntity
  8
WT
100
AcDbBlockReference
  2
WIN 1000
 10
-2.462499999946374
 20
-3.750000000881528
 30
0.0
 41
-1.0
 50
359.9999998989869
  0
ENDBLK
  5
11F
330
11D
100
AcDbEntity
  8
0
100
AcDbBlockEnd
  0
BLOCK
  5
15D
330
15C
100
AcDbEntity
  8
0
100
AcDbBlockBegin
  2
WC-BYRNE
 70
0
 10
0.0
 20
0.0
 30
0.0
  3
WC-BYRNE
  1

  0
HATCH
  5
15F
330
15C
100
AcDbEntity
  8
0
440
33554687
100
AcDbHatch
 10
0.0
 20
0.0
 30
0.0
210
0.0
220
0.0
230
1.0
  2
SOLID
 70
1
 71
0
 91
1
 92
7
 72
1
 73
1
 93
2
 10
-0.0025000000368891
 20
-0.0949999998888984
 42
-1.0
 10
0.0025000000541695
 20
-0.09500000014026
 42
-1.0
 97
0
 75
0
 76
1
 47
0.1921731148604266
 98
1
 10
0.0007256940211846
 20
-0.0950140889121371
  0
ARC
  5
160
330
15C
100
AcDbEntity
  8
0
440
33554687
100
AcDbCircle
 10
0.1706822931746501
 20
-0.2178776098342041
 30
0.0
 40
0.0483692514763066
100
AcDbArc
 50
193.1963600960688
 51
221.6410115811554
  0
LINE
  5
161
330
15C
100
AcDbEntity
  8
0
440
33554687
100
AcDbLine
 10
0.1362583748414181
 20
-0.2757279347307531
 30
0.0
 11
-0.136258374863246
 21
-0.2757279345149755
 31
0.0
  0
ARC
  5
162
330
15C
100
AcDbEntity
  8
0
440
33554687
100
AcDbCircle
 10
0.1671000000756067
 20
-0.0254000001871759
 30
0.0
 40
0.0254000000000087
100
AcDbArc
 50
1.035885795e-07
 51
90.00000044194668
  0
LINE
  5
163
330
15C
100
AcDbEntity
  8
0
440
33554687
100
AcDbLine
 10
0.1924999999509964
 20
-0.1646000000172307
 30
0.0
 11
0.1925000000132968
 21
-0.0254000000654173
 31
0.0
  0
LINE
  5
164
330
15C
100
AcDbEntity
  8
0
440
33554687
100
AcDbLine
 10
0.1671000000360436
 20
-1.48475e-10
 30
0.0
 11
-0.1671000000355889
 21
1.48475e-10
 31
0.0
  0
ARC
  5
165
330
15C
100
AcDbEntity
  8
0
440
33554687
100
AcDbCircle
 10
0.1671000000133063
 20
-0.1646000001389893
 30
0.0
 40
0.0254000000000014
100
AcDbArc
 50
270.0000004419467
 51
1.035885795e-07
  0
ARC
  5
166
330
15C
100
AcDbEntity
  8
0
440
33554687
100
AcDbCircle
 10
-0.1671000000492313
 20
-0.0253999999141001
 30
0.0
 40
0.0254000000000014
100
AcDbArc
 50
90.00000044194668
 51
180.0000001035886
  0
LINE
  5
167
330
15C
100
AcDbEntity
  8
0
440
33554687
100
AcDbLine
 10
-0.1671000000719687
 20
-0.1899999999046145
 30
0.0
 11
0.1671000000528693
 21
-0.1900000001776903
 31
0.0
  0
LINE
  5
168
330
15C
100
AcDbEntity
  8
0
440
33554687
100
AcDbLine
 10
-0.192499999933716
 20
-0.0254000000119845
 30
0.0
 11
-0.1924999999960164
 21
-0.1645999999637411
 31
0.0
  0
ARC
  5
169
330
15C
100
AcDbEntity
  8
0
440
33554687
100
AcDbCircle
 10
-0.1671000000583263
 20
-0.1645999998419825
 30
0.0
 40
0.0254000000000087
100
AcDbArc
 50
180.0000001035886
 51
270.0000004419467
  0
CIRCLE
  5
16A
330
15C
100
AcDbEntity
  8
0
440
33554687
100
AcDbCircle
 10
-1.77351e-11
 20
-0.0950000000265732
 30
0.0
 40
0.02
  0
CIRCLE
  5
16B
330
15C
100
AcDbEntity
  8
0
440
33554687
100
AcDbCircle
 10
-1.77351e-11
 20
-0.0950000000265732
 30
0.0
 40
0.0025
  0
ARC
  5
16C
330
15C
100
AcDbEntity
  8
0
440
33554687
100
AcDbCircle
 10
-1.168701e-10
 20
-0.6107943190065157
 30
0.0
 40
0.1799336154918607
100
AcDbArc
 50
180.0000001035886
 51
270.0000004419467
  0
ARC
  5
16D
330
15C
100
AcDbEntity
  8
0
440
33554687
100
AcDbCircle
 10
-1.168701e-10
 20
-0.6107943190065157
 30
0.0
 40
0.1699336154918606
100
AcDbArc
 50
180.0000001035886
 51
270.0000004419467
  0
ARC
  5
16E
330
15C
100
AcDbEntity
  8
0
440
33554687
100
AcDbCircle
 10
0.0001327689724349
 20
-0.6107943191767049
 30
0.0
 40
0.1799336154918607
100
AcDbArc
 50
270.0000004419467
 51
1.035885795e-07
  0
ARC
  5
16F
330
15C
100
AcDbEntity
  8
0
440
33554687
100
AcDbCircle
 10
0.0001327689724349
 20
-0.6107943191767049
 30
0.0
 40
0.1699336154918606
100
AcDbArc
 50
270.0000004419467
 51
1.035885795e-07
  0
LINE
  5
170
330
15C
100
AcDbEntity
  8
0
440
33554687
100
AcDbLine
 10
0.180066384312795
 20
-0.6107943189384173
 30
0.0
 11
0.1799999999088868
 21
-0.3695760301388873
 31
0.0
  0
LINE
  5
171
330
15C
100
AcDbEntity
  8
0
440
33554687
100
AcDbLine
 10
0.1700663848769182
 20
-0.6107970713451323
 30
0.0
 11
0.1700000002283559
 21
-0.3695787821450267
 31
0.0
  0
LINE
  5
172
330
15C
100
AcDbEntity
  8
0
440
33554687
100
AcDbLine
 10
-0.1799336155104356
 20
-0.6107943192687344
 30
0.0
 11
-0.1800000001057924
 21
-0.3695760300447546
 31
0.0
  0
LINE
  5
173
330
15C
100
AcDbEntity
  8
0
440
33554687
100
AcDbLine
 10
-0.1699336160213534
 20
-0.6107915668380883
 30
0.0
 11
-0.170000000478467
 21
-0.3695732780625463
 31
0.0
  0
ARC
  5
174
330
15C
100
AcDbEntity
  8
0
440
33554687
100
AcDbCircle
 10
6.63845153213e-05
 20
-0.369576030401106
 30
0.0
 40
0.1799336154918607
100
AcDbArc
 50
1.035885795e-07
 51
41.6410115811554
  0
ARC
  5
175
330
15C
100
AcDbEntity
  8
0
440
33554687
100
AcDbCircle
 10
6.63845153213e-05
 20
-0.369576030401106
 30
0.0
 40
0.1699336154918606
100
AcDbArc
 50
1.035885795e-07
 51
31.61898623629538
  0
ARC
  5
176
330
15C
100
AcDbEntity
  8
0
440
33554687
100
AcDbCircle
 10
0.1362583748641555
 20
-0.2857279348030488
 30
0.0
 40
0.01
100
AcDbArc
 50
31.61898623629538
 51
90.00000044194668
  0
ARC
  5
177
330
15C
100
AcDbEntity
  8
0
440
33554687
100
AcDbCircle
 10
-0.2584928423048041
 20
-0.1972877157472794
 30
0.0
 40
0.1385614698479354
100
AcDbArc
 50
346.8036398271119
 51
3.014893846381284
  0
ARC
  5
178
330
15C
100
AcDbEntity
  8
0
440
33554687
100
AcDbCircle
 10
-0.1706822930927956
 20
-0.217877609762013
 30
0.0
 40
0.0483692514763066
100
AcDbArc
 50
318.3589885187675
 51
346.8036398271119
  0
ARC
  5
179
330
15C
100
AcDbEntity
  8
0
440
33554687
100
AcDbCircle
 10
-6.63845739837e-05
 20
-0.3695760302309168
 30
0.0
 40
0.1799336154918607
100
AcDbArc
 50
138.3589885187675
 51
180.0000001035886
  0
ARC
  5
17A
330
15C
100
AcDbEntity
  8
0
440
33554687
100
AcDbCircle
 10
-6.63845739837e-05
 20
-0.3695760302309168
 30
0.0
 40
0.1699336154918606
100
AcDbArc
 50
148.3810136048679
 51
180.0000001035886
  0
ARC
  5
17B
330
15C
100
AcDbEntity
  8
0
440
33554687
100
AcDbCircle
 10
-0.1362583747877579
 20
-0.285727934563397
 30
0.0
 40
0.01
100
AcDbArc
 50
90.00000044194668
 51
148.3810136048679
  0
LINE
  5
17C
330
15C
100
AcDbEntity
  8
0
440
33554687
100
AcDbLine
 10
0.0001327689401478
 20
-0.7907279347667213
 30
0.0
 11
-1.491571e-10
 21
-0.7907279345965321
 31
0.0
  0
LINE
  5
17D
330
15C
100
AcDbEntity
  8
0
440
33554687
100
AcDbLine
 10
0.0001327689546997
 20
-0.781054084460493
 30
0.0
 11
-1.3506e-10
 21
-0.7810540842903038
 31
0.0
  0
LINE
  5
17E
330
15C
100
AcDbEntity
  8
0
440
33554687
100
AcDbLine
 10
-0.0431291873651389
 20
-0.2657279346382211
 30
0.0
 11
-0.0931291873366717
 21
-0.265727934767483
 31
0.0
  0
LINE
  5
17F
330
15C
100
AcDbEntity
  8
0
440
33554687
100
AcDbLine
 10
-0.0931291873366717
 20
-0.265727934767483
 30
0.0
 11
-0.0931291874521776
 21
-0.2757279343913979
 31
0.0
  0
LINE
  5
180
330
15C
100
AcDbEntity
  8
0
440
33554687
100
AcDbLine
 10
-0.0931291874521776
 20
-0.2757279343913979
 30
0.0
 11
-0.0431291873424016
 21
-0.2757279347105737
 31
0.0
  0
LINE
  5
181
330
15C
100
AcDbEntity
  8
0
440
33554687
100
AcDbLine
 10
-0.0431291873424016
 20
-0.2757279347105737
 30
0.0
 11
-0.0431291873651389
 21
-0.2657279346382211
 31
0.0
  0
LINE
  5
182
330
15C
100
AcDbEntity
  8
0
440
33554687
100
AcDbLine
 10
-0.0681291873511327
 20
-0.2657279347028521
 30
0.0
 11
-0.0681291873283953
 21
-0.2757279347752046
 31
0.0
  0
ARC
  5
183
330
15C
100
AcDbEntity
  8
0
440
33554687
100
AcDbCircle
 10
0.2584928421588302
 20
-0.1972877159077484
 30
0.0
 40
0.1385614698479354
100
AcDbArc
 50
176.9851058303382
 51
193.1963600960688
  0
LINE
  5
184
330
15C
100
AcDbEntity
  8
0
440
33554687
100
AcDbLine
 10
0.0431291873510418
 20
-0.2657279344388712
 30
0.0
 11
0.0931291874608178
 21
-0.265727934758047
 31
0.0
  0
LINE
  5
185
330
15C
100
AcDbEntity
  8
0
440
33554687
100
AcDbLine
 10
0.0931291874608178
 20
-0.265727934758047
 30
0.0
 11
0.0931291872921065
 21
-0.2757279344058929
 31
0.0
  0
LINE
  5
186
330
15C
100
AcDbEntity
  8
0
440
33554687
100
AcDbLine
 10
0.0931291872921065
 20
-0.2757279344058929
 30
0.0
 11
0.0431291873205737
 21
-0.2757279345351549
 31
0.0
  0
LINE
  5
187
330
15C
100
AcDbEntity
  8
0
440
33554687
100
AcDbLine
 10
0.0431291873205737
 20
-0.2757279345351549
 30
0.0
 11
0.0431291873510418
 21
-0.2657279344388712
 31
0.0
  0
LINE
  5
188
330
15C
100
AcDbEntity
  8
0
440
33554687
100
AcDbLine
 10
0.0681291872833754
 20
-0.2657279343981713
 30
0.0
 11
0.0681291873061127
 21
-0.2757279344705239
 31
0.0
  0
ENDBLK
  5
15E
330
15C
100
AcDbEntity
  8
0
100
AcDbBlockEnd
  0
BLOCK
  5
18A
330
189
100
AcDbEntity
  8
0
100
AcDbBlockBegin
  2
AC27_TENT_STRUCTURE_15 x 15m
 70
0
 10
0.0
 20
0.0
 30
0.0
  3
AC27_TENT_STRUCTURE_15 x 15m
  1

  0
INSERT
  5
18C
330
189
100
AcDbEntity
  8
0
100
AcDbBlockReference
  2
STEEL_BASE_PLATE_0.4x0.4m
 10
-591.4414705519976
 20
-37.04784430043469
 30
0.0
  0
INSERT
  5
18E
330
189
100
AcDbEntity
  8
0
100
AcDbBlockReference
  2
SIDE_WALL_PANEL
 10
-595.7783473028276
 20
-51.00187680077102
 30
-3.2e-15
  0
INSERT
  5
190
330
189
100
AcDbEntity
  8
0
100
AcDbBlockReference
  2
SIDE_WALL_PANEL
 10
7033.789505114406
 20
8370.95307451732
 30
1.8e-15
 50
270.0
  0
INSERT
  5
192
330
189
100
AcDbEntity
  8
0
100
AcDbBlockReference
  2
STEEL_BASE_PLATE_0.4x0.4m
 10
-586.4414705519976
 20
-37.04784430043469
 30
0.0
  0
INSERT
  5
194
330
189
100
AcDbEntity
  8
0
100
AcDbBlockReference
  2
STEEL_BASE_PLATE_0.4x0.4m
 10
-591.4414705519976
 20
-52.04784430043469
 30
0.0
  0
INSERT
  5
196
330
189
100
AcDbEntity
  8
0
100
AcDbBlockReference
  2
STEEL_BASE_PLATE_0.4x0.4m
 10
-586.4414705519976
 20
-52.04784430043469
 30
0.0
  0
INSERT
  5
198
330
189
100
AcDbEntity
  8
0
100
AcDbBlockReference
  2
SIDE_WALL_PANEL
 10
7033.789505114406
 20
8369.953074517316
 30
3.6e-15
 50
270.0
  0
INSERT
  5
19A
330
189
100
AcDbEntity
  8
0
100
AcDbBlockReference
  2
SIDE_WALL_PANEL
 10
7033.789505114406
 20
8368.953074517312
 30
5.5e-15
 50
270.0
  0
INSERT
  5
19C
330
189
100
AcDbEntity
  8
0
100
AcDbBlockReference
  2
SIDE_WALL_PANEL
 10
7033.789505114406
 20
8367.953074517309
 30
7.3e-15
 50
270.0
  0
INSERT
  5
19E
330
189
100
AcDbEntity
  8
0
100
AcDbBlockReference
  2
SIDE_WALL_PANEL
 10
7033.789505114406
 20
8366.953074517305
 30
9.1e-15
 50
270.0
  0
INSERT
  5
1A0
330
189
100
AcDbEntity
  8
0
100
AcDbBlockReference
  2
SIDE_WALL_PANEL
 10
-594.7783473028276
 20
-51.00187680077102
 30
-3.2e-15
  0
INSERT
  5
1A2
330
189
100
AcDbEntity
  8
0
100
AcDbBlockReference
  2
SIDE_WALL_PANEL
 10
-593.7783473028276
 20
-51.00187680077102
 30
-3.2e-15
  0
INSERT
  5
1A4
330
189
100
AcDbEntity
  8
0
100
AcDbBlockReference
  2
SIDE_WALL_PANEL
 10
-592.7783473028276
 20
-51.00187680077102
 30
-3.2e-15
  0
INSERT
  5
1A6
330
189
100
AcDbEntity
  8
0
100
AcDbBlockReference
  2
SIDE_WALL_PANEL
 10
-591.7783473028276
 20
-51.00187680077102
 30
-3.2e-15
  0
INSERT
  5
1A8
330
189
100
AcDbEntity
  8
0
100
AcDbBlockReference
  2
SIDE_WALL_PANEL
 10
-595.7783473028276
 20
726.2352221000676
 30
-3.2e-15
 41
-1.0
 50
180.0
  0
INSERT
  5
1AA
330
189
100
AcDbEntity
  8
0
100
AcDbBlockReference
  2
SIDE_WALL_PANEL
 10
-594.7783473028276
 20
726.2352221000676
 30
-3.2e-15
 41
-1.0
 50
180.0
  0
INSERT
  5
1AC
330
189
100
AcDbEntity
  8
0
100
AcDbBlockReference
  2
SIDE_WALL_PANEL
 10
-593.7783473028276
 20
726.2352221000676
 30
-3.2e-15
 41
-1.0
 50
180.0
  0
INSERT
  5
1AE
330
189
100
AcDbEntity
  8
0
100
AcDbBlockReference
  2
SIDE_WALL_PANEL
 10
-592.7783473028276
 20
726.2352221000676
 30
-3.2e-15
 41
-1.0
 50
180.0
  0
INSERT
  5
1B0
330
189
100
AcDbEntity
  8
0
100
AcDbBlockReference
  2
SIDE_WALL_PANEL
 10
-591.7783473028276
 20
726.2352221000676
 30
-3.2e-15
 41
-1.0
 50
180.0
  0
INSERT
  5
1B2
330
189
100
AcDbEntity
  8
0
100
AcDbBlockReference
  2
SIDE_WALL_PANEL
 10
7841.326604015264
 20
8370.95307451732
 30
1.8e-15
 41
-1.0
 50
90.0
  0
INSERT
  5
1B4
330
189
100
AcDbEntity
  8
0
100
AcDbBlockReference
  2
SIDE_WALL_PANEL
 10
7841.326604015264
 20
8369.953074517316
 30
3.6e-15
 41
-1.0
 50
90.0
  0
INSERT
  5
1B6
330
189
100
AcDbEntity
  8
0
100
AcDbBlockReference
  2
SIDE_WALL_PANEL
 10
7841.326604015264
 20
8368.953074517312
 30
5.5e-15
 41
-1.0
 50
90.0
  0
INSERT
  5
1B8
330
189
100
AcDbEntity
  8
0
100
AcDbBlockReference
  2
SIDE_WALL_PANEL
 10
7841.326604015264
 20
8367.953074517309
 30
7.3e-15
 41
-1.0
 50
90.0
  0
INSERT
  5
1BA
330
189
100
AcDbEntity
  8
0
100
AcDbBlockReference
  2
SIDE_WALL_PANEL
 10
7841.326604015264
 20
8366.953074517305
 30
9.1e-15
 41
-1.0
 50
90.0
  0
INSERT
  5
1BC
330
189
100
AcDbEntity
  8
0
100
AcDbBlockReference
  2
STEEL_BASE_PLATE_0.4x0.4m
 10
-581.4414705519976
 20
-37.04784430043469
 30
0.0
  0
INSERT
  5
1BE
330
189
100
AcDbEntity
  8
0
100
AcDbBlockReference
  2
STEEL_BASE_PLATE_0.4x0.4m
 10
-581.4414705519976
 20
-52.04784430043469
 30
0.0
  0
INSERT
  5
1C0
330
189
100
AcDbEntity
  8
0
100
AcDbBlockReference
  2
SIDE_WALL_PANEL
 10
-590.7783473028157
 20
-51.00187680077102
 30
-6.4e-15
  0
INSERT
  5
1C2
330
189
100
AcDbEntity
  8
0
100
AcDbBlockReference
  2
SIDE_WALL_PANEL
 10
-589.7783473028157
 20
-51.00187680077102
 30
-6.4e-15
  0
INSERT
  5
1C4
330
189
100
AcDbEntity
  8
0
100
AcDbBlockReference
  2
SIDE_WALL_PANEL
 10
-588.7783473028157
 20
-51.00187680077102
 30
-6.4e-15
  0
INSERT
  5
1C6
330
189
100
AcDbEntity
  8
0
100
AcDbBlockReference
  2
SIDE_WALL_PANEL
 10
-587.7783473028157
 20
-51.00187680077102
 30
-6.4e-15
  0
INSERT
  5
1C8
330
189
100
AcDbEntity
  8
0
100
AcDbBlockReference
  2
SIDE_WALL_PANEL
 10
-586.7783473028157
 20
-51.00187680077102
 30
-6.4e-15
  0
INSERT
  5
1CA
330
189
100
AcDbEntity
  8
0
100
AcDbBlockReference
  2
SIDE_WALL_PANEL
 10
-590.7783473028276
 20
726.2352221000676
 30
-3.2e-15
 41
-1.0
 50
180.0
  0
INSERT
  5
1CC
330
189
100
AcDbEntity
  8
0
100
AcDbBlockReference
  2
SIDE_WALL_PANEL
 10
-589.7783473028276
 20
726.2352221000676
 30
-3.2e-15
 41
-1.0
 50
180.0
  0
INSERT
  5
1CE
330
189
100
AcDbEntity
  8
0
100
AcDbBlockReference
  2
SIDE_WALL_PANEL
 10
-588.7783473028276
 20
726.2352221000676
 30
-3.2e-15
 41
-1.0
 50
180.0
  0
INSERT
  5
1D0
330
189
100
AcDbEntity
  8
0
100
AcDbBlockReference
  2
SIDE_WALL_PANEL
 10
-587.7783473028276
 20
726.2352221000676
 30
-3.2e-15
 41
-1.0
 50
180.0
  0
INSERT
  5
1D2
330
189
100
AcDbEntity
  8
0
100
AcDbBlockReference
  2
SIDE_WALL_PANEL
 10
-586.7783473028276
 20
726.2352221000676
 30
-3.2e-15
 41
-1.0
 50
180.0
  0
INSERT
  5
1D4
330
189
100
AcDbEntity
  8
0
100
AcDbBlockReference
  2
STEEL_BASE_PLATE_0.4x0.4m
 10
-576.4414705519976
 20
-37.04784430043469
 30
0.0
  0
INSERT
  5
1D6
330
189
100
AcDbEntity
  8
0
100
AcDbBlockReference
  2
STEEL_BASE_PLATE_0.4x0.4m
 10
-576.4414705519976
 20
-52.04784430043469
 30
0.0
  0
INSERT
  5
1D8
330
189
100
AcDbEntity
  8
0
100
AcDbBlockReference
  2
SIDE_WALL_PANEL
 10
-585.7783473027921
 20
-51.00187680077102
 30
-1.27e-14
  0
INSERT
  5
1DA
330
189
100
AcDbEntity
  8
0
100
AcDbBlockReference
  2
SIDE_WALL_PANEL
 10
-584.7783473027921
 20
-51.00187680077102
 30
-1.27e-14
  0
INSERT
  5
1DC
330
189
100
AcDbEntity
  8
0
100
AcDbBlockReference
  2
SIDE_WALL_PANEL
 10
-583.7783473027921
 20
-51.00187680077102
 30
-1.27e-14
  0
INSERT
  5
1DE
330
189
100
AcDbEntity
  8
0
100
AcDbBlockReference
  2
SIDE_WALL_PANEL
 10
-582.7783473027921
 20
-51.00187680077102
 30
-1.27e-14
  0
INSERT
  5
1E0
330
189
100
AcDbEntity
  8
0
100
AcDbBlockReference
  2
SIDE_WALL_PANEL
 10
-581.7783473027921
 20
-51.00187680077102
 30
-1.27e-14
  0
INSERT
  5
1E2
330
189
100
AcDbEntity
  8
0
100
AcDbBlockReference
  2
SIDE_WALL_PANEL
 10
-585.7783473028276
 20
726.2352221000676
 30
-3.2e-15
 41
-1.0
 50
180.0
  0
INSERT
  5
1E4
330
189
100
AcDbEntity
  8
0
100
AcDbBlockReference
  2
SIDE_WALL_PANEL
 10
-584.7783473028276
 20
726.2352221000676
 30
-3.2e-15
 41
-1.0
 50
180.0
  0
INSERT
  5
1E6
330
189
100
AcDbEntity
  8
0
100
AcDbBlockReference
  2
SIDE_WALL_PANEL
 10
-583.7783473028276
 20
726.2352221000676
 30
-3.2e-15
 41
-1.0
 50
180.0
  0
INSERT
  5
1E8
330
189
100
AcDbEntity
  8
0
100
AcDbBlockReference
  2
SIDE_WALL_PANEL
 10
-582.7783473028276
 20
726.2352221000676
 30
-3.2e-15
 41
-1.0
 50
180.0
  0
INSERT
  5
1EA
330
189
100
AcDbEntity
  8
0
100
AcDbBlockReference
  2
SIDE_WALL_PANEL
 10
-581.7783473028276
 20
726.2352221000676
 30
-3.2e-15
 41
-1.0
 50
180.0
  0
INSERT
  5
1EC
330
189
100
AcDbEntity
  8
0
100
AcDbBlockReference
  2
AC27_TENT_BALLAST_BLOCK_0.8 x 0.8m
 10
-765.6942093176103
 20
103.4961953176486
 30
0.0
  0
INSERT
  5
1EE
330
189
100
AcDbEntity
  8
0
100
AcDbBlockReference
  2
AC27_TENT_BALLAST_BLOCK_0.8 x 0.8m
 10
15640.81031844735
 20
103.4961953176486
 30
0.0
 41
-1.0
  0
INSERT
  5
1F0
330
189
100
AcDbEntity
  8
0
100
AcDbBlockReference
  2
AC27_TENT_BALLAST_BLOCK_0.8 x 0.8m
 10
-760.2442093176096
 20
103.5461953176459
 30
0.0
  0
INSERT
  5
1F2
330
189
100
AcDbEntity
  8
0
100
AcDbBlockReference
  2
AC27_TENT_BALLAST_BLOCK_0.8 x 0.8m
 10
-755.2442093176096
 20
103.5461953176459
 30
0.0
  0
INSERT
  5
1F4
330
189
100
AcDbEntity
  8
0
100
AcDbBlockReference
  2
STEEL_BASE_PLATE_0.4x0.4m
 10
-591.4414705519976
 20
-47.04784430043469
 30
0.0
  0
INSERT
  5
1F6
330
189
100
AcDbEntity
  8
0
100
AcDbBlockReference
  2
STEEL_BASE_PLATE_0.4x0.4m
 10
-576.4414705519976
 20
-47.04784430043469
 30
0.0
  0
INSERT
  5
1F8
330
189
100
AcDbEntity
  8
0
100
AcDbBlockReference
  2
STEEL_BASE_PLATE_0.4x0.4m
 10
-591.4414705519976
 20
-42.04784430043469
 30
0.0
  0
INSERT
  5
1FA
330
189
100
AcDbEntity
  8
0
100
AcDbBlockReference
  2
STEEL_BASE_PLATE_0.4x0.4m
 10
-576.4414705519976
 20
-42.04784430043469
 30
0.0
  0
INSERT
  5
1FC
330
189
100
AcDbEntity
  8
0
100
AcDbBlockReference
  2
SIDE_WALL_PANEL
 10
7033.789505114406
 20
8365.95307451732
 30
1.8e-15
 50
270.0
  0
INSERT
  5
1FE
330
189
100
AcDbEntity
  8
0
100
AcDbBlockReference
  2
SIDE_WALL_PANEL
 10
7033.789505114406
 20
8364.953074517316
 30
3.6e-15
 50
270.0
  0
INSERT
  5
200
330
189
100
AcDbEntity
  8
0
100
AcDbBlockReference
  2
SIDE_WALL_PANEL
 10
7033.789505114406
 20
8363.953074517312
 30
5.5e-15
 50
270.0
  0
INSERT
  5
202
330
189
100
AcDbEntity
  8
0
100
AcDbBlockReference
  2
SIDE_WALL_PANEL
 10
7033.789505114406
 20
8362.953074517309
 30
7.3e-15
 50
270.0
  0
INSERT
  5
204
330
189
100
AcDbEntity
  8
0
100
AcDbBlockReference
  2
SIDE_WALL_PANEL
 10
7033.789505114406
 20
8361.953074517305
 30
9.1e-15
 50
270.0
  0
INSERT
  5
206
330
189
100
AcDbEntity
  8
0
100
AcDbBlockReference
  2
SIDE_WALL_PANEL
 10
7841.326604015264
 20
8365.95307451732
 30
1.8e-15
 41
-1.0
 50
90.0
  0
INSERT
  5
208
330
189
100
AcDbEntity
  8
0
100
AcDbBlockReference
  2
SIDE_WALL_PANEL
 10
7841.326604015264
 20
8364.953074517316
 30
3.6e-15
 41
-1.0
 50
90.0
  0
INSERT
  5
20A
330
189
100
AcDbEntity
  8
0
100
AcDbBlockReference
  2
SIDE_WALL_PANEL
 10
7841.326604015264
 20
8363.953074517312
 30
5.5e-15
 41
-1.0
 50
90.0
  0
INSERT
  5
20C
330
189
100
AcDbEntity
  8
0
100
AcDbBlockReference
  2
SIDE_WALL_PANEL
 10
7841.326604015264
 20
8362.953074517309
 30
7.3e-15
 41
-1.0
 50
90.0
  0
INSERT
  5
20E
330
189
100
AcDbEntity
  8
0
100
AcDbBlockReference
  2
SIDE_WALL_PANEL
 10
7841.326604015264
 20
8361.953074517305
 30
9.1e-15
 41
-1.0
 50
90.0
  0
INSERT
  5
210
330
189
100
AcDbEntity
  8
0
100
AcDbBlockReference
  2
SIDE_WALL_PANEL
 10
7033.789505114406
 20
8360.953074517303
 30
1.09e-14
 50
270.0
  0
INSERT
  5
212
330
189
100
AcDbEntity
  8
0
100
AcDbBlockReference
  2
SIDE_WALL_PANEL
 10
7033.789505114406
 20
8359.9530745173
 30
1.27e-14
 50
270.0
  0
INSERT
  5
214
330
189
100
AcDbEntity
  8
0
100
AcDbBlockReference
  2
SIDE_WALL_PANEL
 10
7033.789505114406
 20
8358.953074517296
 30
1.46e-14
 50
270.0
  0
INSERT
  5
216
330
189
100
AcDbEntity
  8
0
100
AcDbBlockReference
  2
SIDE_WALL_PANEL
 10
7033.789505114406
 20
8357.953074517292
 30
1.64e-14
 50
270.0
  0
INSERT
  5
218
330
189
100
AcDbEntity
  8
0
100
AcDbBlockReference
  2
SIDE_WALL_PANEL
 10
7033.789505114406
 20
8356.953074517289
 30
1.82e-14
 50
270.0
  0
INSERT
  5
21A
330
189
100
AcDbEntity
  8
0
100
AcDbBlockReference
  2
SIDE_WALL_PANEL
 10
7841.326604015264
 20
8360.953074517303
 30
1.09e-14
 41
-1.0
 50
90.0
  0
INSERT
  5
21C
330
189
100
AcDbEntity
  8
0
100
AcDbBlockReference
  2
SIDE_WALL_PANEL
 10
7841.326604015264
 20
8359.9530745173
 30
1.27e-14
 41
-1.0
 50
90.0
  0
INSERT
  5
21E
330
189
100
AcDbEntity
  8
0
100
AcDbBlockReference
  2
SIDE_WALL_PANEL
 10
7841.326604015264
 20
8358.953074517296
 30
1.46e-14
 41
-1.0
 50
90.0
  0
INSERT
  5
220
330
189
100
AcDbEntity
  8
0
100
AcDbBlockReference
  2
SIDE_WALL_PANEL
 10
7841.326604015264
 20
8357.953074517292
 30
1.64e-14
 41
-1.0
 50
90.0
  0
INSERT
  5
222
330
189
100
AcDbEntity
  8
0
100
AcDbBlockReference
  2
SIDE_WALL_PANEL
 10
7841.326604015264
 20
8356.953074517289
 30
1.82e-14
 41
-1.0
 50
90.0
  0
INSERT
  5
224
330
189
100
AcDbEntity
  8
0
100
AcDbBlockReference
  2
AC27_TENT_BALLAST_BLOCK_0.8 x 0.8m
 10
-765.6942093176103
 20
571.7371499816479
 30
0.0
 41
-1.0
 50
180.0
  0
INSERT
  5
226
330
189
100
AcDbEntity
  8
0
100
AcDbBlockReference
  2
AC27_TENT_BALLAST_BLOCK_0.8 x 0.8m
 10
15640.81031844735
 20
571.7371499816479
 30
0.0
 50
180.0
  0
INSERT
  5
228
330
189
100
AcDbEntity
  8
0
100
AcDbBlockReference
  2
AC27_TENT_BALLAST_BLOCK_0.8 x 0.8m
 10
-760.2442093176096
 20
571.6871499816507
 30
0.0
 41
-1.0
 50
180.0
  0
INSERT
  5
22A
330
189
100
AcDbEntity
  8
0
100
AcDbBlockReference
  2
AC27_TENT_BALLAST_BLOCK_0.8 x 0.8m
 10
-755.2442093176096
 20
571.6871499816507
 30
0.0
 41
-1.0
 50
180.0
  0
INSERT
  5
22C
330
189
100
AcDbEntity
  8
0
100
AcDbBlockReference
  2
AC27_TENT_BALLAST_BLOCK_0.8 x 0.8m
 10
-765.7442093176123
 20
98.04619531764854
 30
0.0
  0
INSERT
  5
22E
330
189
100
AcDbEntity
  8
0
100
AcDbBlockReference
  2
AC27_TENT_BALLAST_BLOCK_0.8 x 0.8m
 10
-765.7442093176123
 20
93.04619531764854
 30
0.0
  0
INSERT
  5
230
330
189
100
AcDbEntity
  8
0
100
AcDbBlockReference
  2
AC27_TENT_BALLAST_BLOCK_0.8 x 0.8m
 10
15640.86031844727
 20
98.04619531764854
 30
0.0
 41
-1.0
  0
INSERT
  5
232
330
189
100
AcDbEntity
  8
0
100
AcDbBlockReference
  2
AC27_TENT_BALLAST_BLOCK_0.8 x 0.8m
 10
15640.86031844727
 20
93.04619531764854
 30
0.0
 41
-1.0
  0
ENDBLK
  5
18B
330
189
100
AcDbEntity
  8
0
100
AcDbBlockEnd
  0
BLOCK
  5
235
330
234
100
AcDbEntity
  8
0
100
AcDbBlockBegin
  2
AC27_TENT_STRUCTURE_20 x 20m
 70
0
 10
0.0
 20
0.0
 30
0.0
  3
AC27_TENT_STRUCTURE_20 x 20m
  1

  0
INSERT
  5
237
330
234
100
AcDbEntity
  8
0
100
AcDbBlockReference
  2
AC27_TENT_BALLAST_BLOCK_0.8 x 0.8m
 10
-8194.952263882446
 20
-231.220477331993
 30
0.0
  0
INSERT
  5
239
330
234
100
AcDbEntity
  8
0
100
AcDbBlockReference
  2
STEEL_BASE_PLATE_0.4x0.4m
 10
-8020.649525116832
 20
-361.3145169500763
 30
0.0
  0
INSERT
  5
23B
330
234
100
AcDbEntity
  8
0
100
AcDbBlockReference
  2
SIDE_WALL_PANEL
 10
-8024.986401867662
 20
-375.2685494504126
 30
-3.2e-15
  0
INSERT
  5
23D
330
234
100
AcDbEntity
  8
0
100
AcDbBlockReference
  2
SIDE_WALL_PANEL
 10
-395.4185494504281
 20
8041.68640186768
 30
1.8e-15
 50
270.0
  0
INSERT
  5
23F
330
234
100
AcDbEntity
  8
0
100
AcDbBlockReference
  2
STEEL_BASE_PLATE_0.4x0.4m
 10
-8015.649525116832
 20
-361.3145169500763
 30
0.0
  0
INSERT
  5
241
330
234
100
AcDbEntity
  8
0
100
AcDbBlockReference
  2
STEEL_BASE_PLATE_0.4x0.4m
 10
-8020.649525116832
 20
-371.3145169500763
 30
0.0
  0
INSERT
  5
243
330
234
100
AcDbEntity
  8
0
100
AcDbBlockReference
  2
SIDE_WALL_PANEL
 10
-395.4185494504281
 20
8040.686401867676
 30
3.6e-15
 50
270.0
  0
INSERT
  5
245
330
234
100
AcDbEntity
  8
0
100
AcDbBlockReference
  2
SIDE_WALL_PANEL
 10
-395.4185494504281
 20
8039.686401867672
 30
5.5e-15
 50
270.0
  0
INSERT
  5
247
330
234
100
AcDbEntity
  8
0
100
AcDbBlockReference
  2
SIDE_WALL_PANEL
 10
-395.4185494504281
 20
8038.686401867669
 30
7.3e-15
 50
270.0
  0
INSERT
  5
249
330
234
100
AcDbEntity
  8
0
100
AcDbBlockReference
  2
SIDE_WALL_PANEL
 10
-395.4185494504281
 20
8037.686401867665
 30
9.1e-15
 50
270.0
  0
INSERT
  5
24B
330
234
100
AcDbEntity
  8
0
100
AcDbBlockReference
  2
SIDE_WALL_PANEL
 10
-8023.986401867662
 20
-375.2685494504126
 30
-3.2e-15
  0
INSERT
  5
24D
330
234
100
AcDbEntity
  8
0
100
AcDbBlockReference
  2
SIDE_WALL_PANEL
 10
-8022.986401867662
 20
-375.2685494504126
 30
-3.2e-15
  0
INSERT
  5
24F
330
234
100
AcDbEntity
  8
0
100
AcDbBlockReference
  2
SIDE_WALL_PANEL
 10
-8021.986401867662
 20
-375.2685494504126
 30
-3.2e-15
  0
INSERT
  5
251
330
234
100
AcDbEntity
  8
0
100
AcDbBlockReference
  2
SIDE_WALL_PANEL
 10
-8020.986401867662
 20
-375.2685494504126
 30
-3.2e-15
  0
INSERT
  5
253
330
234
100
AcDbEntity
  8
0
100
AcDbBlockReference
  2
STEEL_BASE_PLATE_0.4x0.4m
 10
-8020.649525116832
 20
-376.3145169500763
 30
0.0
  0
INSERT
  5
255
330
234
100
AcDbEntity
  8
0
100
AcDbBlockReference
  2
STEEL_BASE_PLATE_0.4x0.4m
 10
-8010.649525116832
 20
-361.3145169500763
 30
0.0
  0
INSERT
  5
257
330
234
100
AcDbEntity
  8
0
100
AcDbBlockReference
  2
SIDE_WALL_PANEL
 10
-395.4185494504281
 20
8036.686401867662
 30
1.09e-14
 50
270.0
  0
INSERT
  5
259
330
234
100
AcDbEntity
  8
0
100
AcDbBlockReference
  2
SIDE_WALL_PANEL
 10
-395.4185494504281
 20
8035.686401867658
 30
1.27e-14
 50
270.0
  0
INSERT
  5
25B
330
234
100
AcDbEntity
  8
0
100
AcDbBlockReference
  2
SIDE_WALL_PANEL
 10
-395.4185494504281
 20
8034.686401867654
 30
1.46e-14
 50
270.0
  0
INSERT
  5
25D
330
234
100
AcDbEntity
  8
0
100
AcDbBlockReference
  2
SIDE_WALL_PANEL
 10
-395.4185494504281
 20
8033.686401867651
 30
1.64e-14
 50
270.0
  0
INSERT
  5
25F
330
234
100
AcDbEntity
  8
0
100
AcDbBlockReference
  2
SIDE_WALL_PANEL
 10
-395.4185494504281
 20
8032.686401867647
 30
1.82e-14
 50
270.0
  0
INSERT
  5
261
330
234
100
AcDbEntity
  8
0
100
AcDbBlockReference
  2
SIDE_WALL_PANEL
 10
-8019.986401867662
 20
-375.2685494504126
 30
-3.2e-15
  0
INSERT
  5
263
330
234
100
AcDbEntity
  8
0
100
AcDbBlockReference
  2
SIDE_WALL_PANEL
 10
-8018.986401867662
 20
-375.2685494504126
 30
-3.2e-15
  0
INSERT
  5
265
330
234
100
AcDbEntity
  8
0
100
AcDbBlockReference
  2
SIDE_WALL_PANEL
 10
-8017.986401867662
 20
-375.2685494504126
 30
-3.2e-15
  0
INSERT
  5
267
330
234
100
AcDbEntity
  8
0
100
AcDbBlockReference
  2
SIDE_WALL_PANEL
 10
-8016.986401867662
 20
-375.2685494504126
 30
-3.2e-15
  0
INSERT
  5
269
330
234
100
AcDbEntity
  8
0
100
AcDbBlockReference
  2
SIDE_WALL_PANEL
 10
-8015.986401867662
 20
-375.2685494504126
 30
-3.2e-15
  0
INSERT
  5
26B
330
234
100
AcDbEntity
  8
0
100
AcDbBlockReference
  2
SIDE_WALL_PANEL
 10
417.118549450418
 20
8041.68640186768
 30
1.8e-15
 41
-1.0
 50
90.0
  0
INSERT
  5
26D
330
234
100
AcDbEntity
  8
0
100
AcDbBlockReference
  2
SIDE_WALL_PANEL
 10
417.118549450418
 20
8040.686401867676
 30
3.6e-15
 41
-1.0
 50
90.0
  0
INSERT
  5
26F
330
234
100
AcDbEntity
  8
0
100
AcDbBlockReference
  2
SIDE_WALL_PANEL
 10
417.118549450418
 20
8039.686401867672
 30
5.5e-15
 41
-1.0
 50
90.0
  0
INSERT
  5
271
330
234
100
AcDbEntity
  8
0
100
AcDbBlockReference
  2
SIDE_WALL_PANEL
 10
417.118549450418
 20
8038.686401867669
 30
7.3e-15
 41
-1.0
 50
90.0
  0
INSERT
  5
273
330
234
100
AcDbEntity
  8
0
100
AcDbBlockReference
  2
SIDE_WALL_PANEL
 10
417.118549450418
 20
8037.686401867665
 30
9.1e-15
 41
-1.0
 50
90.0
  0
INSERT
  5
275
330
234
100
AcDbEntity
  8
0
100
AcDbBlockReference
  2
SIDE_WALL_PANEL
 10
417.118549450418
 20
8036.686401867662
 30
1.09e-14
 41
-1.0
 50
90.0
  0
INSERT
  5
277
330
234
100
AcDbEntity
  8
0
100
AcDbBlockReference
  2
SIDE_WALL_PANEL
 10
417.118549450418
 20
8035.686401867658
 30
1.27e-14
 41
-1.0
 50
90.0
  0
INSERT
  5
279
330
234
100
AcDbEntity
  8
0
100
AcDbBlockReference
  2
SIDE_WALL_PANEL
 10
417.118549450418
 20
8034.686401867654
 30
1.46e-14
 41
-1.0
 50
90.0
  0
INSERT
  5
27B
330
234
100
AcDbEntity
  8
0
100
AcDbBlockReference
  2
SIDE_WALL_PANEL
 10
417.118549450418
 20
8033.686401867651
 30
1.64e-14
 41
-1.0
 50
90.0
  0
INSERT
  5
27D
330
234
100
AcDbEntity
  8
0
100
AcDbBlockReference
  2
SIDE_WALL_PANEL
 10
417.118549450418
 20
8032.686401867647
 30
1.82e-14
 41
-1.0
 50
90.0
  0
INSERT
  5
27F
330
234
100
AcDbEntity
  8
0
100
AcDbBlockReference
  2
AC27_TENT_BALLAST_BLOCK_0.8 x 0.8m
 10
8216.602263882436
 20
-220.770477331993
 30
0.0
 41
-1.0
  0
INSERT
  5
281
330
234
100
AcDbEntity
  8
0
100
AcDbBlockReference
  2
AC27_TENT_BALLAST_BLOCK_0.8 x 0.8m
 10
-8189.452263882444
 20
-220.7204773319957
 30
0.0
  0
INSERT
  5
283
330
234
100
AcDbEntity
  8
0
100
AcDbBlockReference
  2
AC27_TENT_BALLAST_BLOCK_0.8 x 0.8m
 10
8216.652263882446
 20
-231.220477331993
 30
0.0
 41
-1.0
  0
INSERT
  5
285
330
234
100
AcDbEntity
  8
0
100
AcDbBlockReference
  2
AC27_TENT_BALLAST_BLOCK_0.8 x 0.8m
 10
-8194.902263882434
 20
-220.770477331993
 30
0.0
  0
INSERT
  5
287
330
234
100
AcDbEntity
  8
0
100
AcDbBlockReference
  2
STEEL_BASE_PLATE_0.4x0.4m
 10
-8005.649525116832
 20
-361.3145169500763
 30
0.0
  0
INSERT
  5
289
330
234
100
AcDbEntity
  8
0
100
AcDbBlockReference
  2
SIDE_WALL_PANEL
 10
-8014.986401867662
 20
-375.2685494504126
 30
-3.2e-15
  0
INSERT
  5
28B
330
234
100
AcDbEntity
  8
0
100
AcDbBlockReference
  2
SIDE_WALL_PANEL
 10
-8013.986401867662
 20
-375.2685494504126
 30
-3.2e-15
  0
INSERT
  5
28D
330
234
100
AcDbEntity
  8
0
100
AcDbBlockReference
  2
SIDE_WALL_PANEL
 10
-8012.986401867662
 20
-375.2685494504126
 30
-3.2e-15
  0
INSERT
  5
28F
330
234
100
AcDbEntity
  8
0
100
AcDbBlockReference
  2
SIDE_WALL_PANEL
 10
-8011.986401867662
 20
-375.2685494504126
 30
-3.2e-15
  0
INSERT
  5
291
330
234
100
AcDbEntity
  8
0
100
AcDbBlockReference
  2
SIDE_WALL_PANEL
 10
-8010.986401867662
 20
-375.2685494504126
 30
-3.2e-15
  0
INSERT
  5
293
330
234
100
AcDbEntity
  8
0
100
AcDbBlockReference
  2
AC27_TENT_BALLAST_BLOCK_0.8 x 0.8m
 10
-8184.452263882444
 20
-220.7204773319957
 30
0.0
  0
INSERT
  5
295
330
234
100
AcDbEntity
  8
0
100
AcDbBlockReference
  2
STEEL_BASE_PLATE_0.4x0.4m
 10
-8000.649525116832
 20
-361.3145169500763
 30
0.0
  0
INSERT
  5
297
330
234
100
AcDbEntity
  8
0
100
AcDbBlockReference
  2
STEEL_BASE_PLATE_0.4x0.4m
 10
-8000.649525116832
 20
-376.3145169500763
 30
0.0
  0
INSERT
  5
299
330
234
100
AcDbEntity
  8
0
100
AcDbBlockReference
  2
STEEL_BASE_PLATE_0.4x0.4m
 10
-8000.649525116832
 20
-371.3145169500763
 30
0.0
  0
INSERT
  5
29B
330
234
100
AcDbEntity
  8
0
100
AcDbBlockReference
  2
SIDE_WALL_PANEL
 10
-8009.986401867662
 20
-375.2685494504126
 30
-3.2e-15
  0
INSERT
  5
29D
330
234
100
AcDbEntity
  8
0
100
AcDbBlockReference
  2
SIDE_WALL_PANEL
 10
-8008.986401867662
 20
-375.2685494504126
 30
-3.2e-15
  0
INSERT
  5
29F
330
234
100
AcDbEntity
  8
0
100
AcDbBlockReference
  2
SIDE_WALL_PANEL
 10
-8007.986401867662
 20
-375.2685494504126
 30
-3.2e-15
  0
INSERT
  5
2A1
330
234
100
AcDbEntity
  8
0
100
AcDbBlockReference
  2
SIDE_WALL_PANEL
 10
-8006.986401867662
 20
-375.2685494504126
 30
-3.2e-15
  0
INSERT
  5
2A3
330
234
100
AcDbEntity
  8
0
100
AcDbBlockReference
  2
SIDE_WALL_PANEL
 10
-8005.986401867662
 20
-375.2685494504126
 30
-3.2e-15
  0
INSERT
  5
2A5
330
234
100
AcDbEntity
  8
0
100
AcDbBlockReference
  2
AC27_TENT_BALLAST_BLOCK_0.8 x 0.8m
 10
-8179.452263882444
 20
-220.7204773319957
 30
0.0
  0
INSERT
  5
2A7
330
234
100
AcDbEntity
  8
0
100
AcDbBlockReference
  2
STEEL_BASE_PLATE_0.4x0.4m
 10
-8020.649525116832
 20
-381.3145169500763
 30
0.0
  0
INSERT
  5
2A9
330
234
100
AcDbEntity
  8
0
100
AcDbBlockReference
  2
STEEL_BASE_PLATE_0.4x0.4m
 10
-8015.649525116832
 20
-381.3145169500763
 30
0.0
  0
INSERT
  5
2AB
330
234
100
AcDbEntity
  8
0
100
AcDbBlockReference
  2
STEEL_BASE_PLATE_0.4x0.4m
 10
-8010.649525116832
 20
-381.3145169500763
 30
0.0
  0
INSERT
  5
2AD
330
234
100
AcDbEntity
  8
0
100
AcDbBlockReference
  2
SIDE_WALL_PANEL
 10
-8024.986401867662
 20
396.9685494504261
 30
-3.2e-15
 41
-1.0
 50
180.0
  0
INSERT
  5
2AF
330
234
100
AcDbEntity
  8
0
100
AcDbBlockReference
  2
SIDE_WALL_PANEL
 10
-8023.986401867662
 20
396.9685494504261
 30
-3.2e-15
 41
-1.0
 50
180.0
  0
INSERT
  5
2B1
330
234
100
AcDbEntity
  8
0
100
AcDbBlockReference
  2
SIDE_WALL_PANEL
 10
-8022.986401867662
 20
396.9685494504261
 30
-3.2e-15
 41
-1.0
 50
180.0
  0
INSERT
  5
2B3
330
234
100
AcDbEntity
  8
0
100
AcDbBlockReference
  2
SIDE_WALL_PANEL
 10
-8021.986401867662
 20
396.9685494504261
 30
-3.2e-15
 41
-1.0
 50
180.0
  0
INSERT
  5
2B5
330
234
100
AcDbEntity
  8
0
100
AcDbBlockReference
  2
SIDE_WALL_PANEL
 10
-8020.986401867662
 20
396.9685494504261
 30
-3.2e-15
 41
-1.0
 50
180.0
  0
INSERT
  5
2B7
330
234
100
AcDbEntity
  8
0
100
AcDbBlockReference
  2
SIDE_WALL_PANEL
 10
-8019.986401867662
 20
396.9685494504261
 30
-3.2e-15
 41
-1.0
 50
180.0
  0
INSERT
  5
2B9
330
234
100
AcDbEntity
  8
0
100
AcDbBlockReference
  2
SIDE_WALL_PANEL
 10
-8018.986401867662
 20
396.9685494504261
 30
-3.2e-15
 41
-1.0
 50
180.0
  0
INSERT
  5
2BB
330
234
100
AcDbEntity
  8
0
100
AcDbBlockReference
  2
SIDE_WALL_PANEL
 10
-8017.986401867662
 20
396.9685494504261
 30
-3.2e-15
 41
-1.0
 50
180.0
  0
INSERT
  5
2BD
330
234
100
AcDbEntity
  8
0
100
AcDbBlockReference
  2
SIDE_WALL_PANEL
 10
-8016.986401867662
 20
396.9685494504261
 30
-3.2e-15
 41
-1.0
 50
180.0
  0
INSERT
  5
2BF
330
234
100
AcDbEntity
  8
0
100
AcDbBlockReference
  2
SIDE_WALL_PANEL
 10
-8015.986401867662
 20
396.9685494504261
 30
-3.2e-15
 41
-1.0
 50
180.0
  0
INSERT
  5
2C1
330
234
100
AcDbEntity
  8
0
100
AcDbBlockReference
  2
AC27_TENT_BALLAST_BLOCK_0.8 x 0.8m
 10
-8194.902263882444
 20
242.4704773320064
 30
0.0
 41
-1.0
 50
180.0
  0
INSERT
  5
2C3
330
234
100
AcDbEntity
  8
0
100
AcDbBlockReference
  2
AC27_TENT_BALLAST_BLOCK_0.8 x 0.8m
 10
8216.602263882436
 20
242.4704773320064
 30
0.0
 50
180.0
  0
INSERT
  5
2C5
330
234
100
AcDbEntity
  8
0
100
AcDbBlockReference
  2
AC27_TENT_BALLAST_BLOCK_0.8 x 0.8m
 10
-8189.452263882444
 20
242.4204773320092
 30
0.0
 41
-1.0
 50
180.0
  0
INSERT
  5
2C7
330
234
100
AcDbEntity
  8
0
100
AcDbBlockReference
  2
STEEL_BASE_PLATE_0.4x0.4m
 10
-8005.649525116832
 20
-381.3145169500763
 30
0.0
  0
INSERT
  5
2C9
330
234
100
AcDbEntity
  8
0
100
AcDbBlockReference
  2
SIDE_WALL_PANEL
 10
-8014.986401867674
 20
-395.4185494504129
 30
0.0
  0
INSERT
  5
2CB
330
234
100
AcDbEntity
  8
0
100
AcDbBlockReference
  2
SIDE_WALL_PANEL
 10
-8013.986401867674
 20
-395.4185494504129
 30
0.0
  0
INSERT
  5
2CD
330
234
100
AcDbEntity
  8
0
100
AcDbBlockReference
  2
SIDE_WALL_PANEL
 10
-8012.986401867674
 20
-395.4185494504129
 30
0.0
  0
INSERT
  5
2CF
330
234
100
AcDbEntity
  8
0
100
AcDbBlockReference
  2
SIDE_WALL_PANEL
 10
-8011.986401867674
 20
-395.4185494504129
 30
0.0
  0
INSERT
  5
2D1
330
234
100
AcDbEntity
  8
0
100
AcDbBlockReference
  2
SIDE_WALL_PANEL
 10
-8010.986401867674
 20
-395.4185494504129
 30
0.0
  0
INSERT
  5
2D3
330
234
100
AcDbEntity
  8
0
100
AcDbBlockReference
  2
AC27_TENT_BALLAST_BLOCK_0.8 x 0.8m
 10
-8184.452263882444
 20
242.4204773320092
 30
0.0
 41
-1.0
 50
180.0
  0
INSERT
  5
2D5
330
234
100
AcDbEntity
  8
0
100
AcDbBlockReference
  2
STEEL_BASE_PLATE_0.4x0.4m
 10
-8000.649525116832
 20
-381.3145169500763
 30
0.0
  0
INSERT
  5
2D7
330
234
100
AcDbEntity
  8
0
100
AcDbBlockReference
  2
SIDE_WALL_PANEL
 10
-8009.986401867674
 20
-395.4185494504129
 30
0.0
  0
INSERT
  5
2D9
330
234
100
AcDbEntity
  8
0
100
AcDbBlockReference
  2
SIDE_WALL_PANEL
 10
-8008.986401867674
 20
-395.4185494504129
 30
0.0
  0
INSERT
  5
2DB
330
234
100
AcDbEntity
  8
0
100
AcDbBlockReference
  2
SIDE_WALL_PANEL
 10
-8007.986401867674
 20
-395.4185494504129
 30
0.0
  0
INSERT
  5
2DD
330
234
100
AcDbEntity
  8
0
100
AcDbBlockReference
  2
SIDE_WALL_PANEL
 10
-8006.986401867674
 20
-395.4185494504129
 30
0.0
  0
INSERT
  5
2DF
330
234
100
AcDbEntity
  8
0
100
AcDbBlockReference
  2
SIDE_WALL_PANEL
 10
-8005.986401867674
 20
-395.4185494504129
 30
0.0
  0
INSERT
  5
2E1
330
234
100
AcDbEntity
  8
0
100
AcDbBlockReference
  2
AC27_TENT_BALLAST_BLOCK_0.8 x 0.8m
 10
-8179.452263882444
 20
242.4204773320092
 30
0.0
 41
-1.0
 50
180.0
  0
INSERT
  5
2E3
330
234
100
AcDbEntity
  8
0
100
AcDbBlockReference
  2
SIDE_WALL_PANEL
 10
-395.4185494504281
 20
8031.686401867647
 30
1.82e-14
 50
270.0
  0
INSERT
  5
2E5
330
234
100
AcDbEntity
  8
0
100
AcDbBlockReference
  2
SIDE_WALL_PANEL
 10
-395.4185494504281
 20
8030.686401867643
 30
2e-14
 50
270.0
  0
INSERT
  5
2E7
330
234
100
AcDbEntity
  8
0
100
AcDbBlockReference
  2
SIDE_WALL_PANEL
 10
-395.4185494504281
 20
8029.68640186764
 30
2.18e-14
 50
270.0
  0
INSERT
  5
2E9
330
234
100
AcDbEntity
  8
0
100
AcDbBlockReference
  2
SIDE_WALL_PANEL
 10
-395.4185494504281
 20
8028.686401867636
 30
2.36e-14
 50
270.0
  0
INSERT
  5
2EB
330
234
100
AcDbEntity
  8
0
100
AcDbBlockReference
  2
SIDE_WALL_PANEL
 10
-395.4185494504281
 20
8027.686401867632
 30
2.55e-14
 50
270.0
  0
INSERT
  5
2ED
330
234
100
AcDbEntity
  8
0
100
AcDbBlockReference
  2
SIDE_WALL_PANEL
 10
417.118549450418
 20
8031.686401867647
 30
1.82e-14
 41
-1.0
 50
90.0
  0
INSERT
  5
2EF
330
234
100
AcDbEntity
  8
0
100
AcDbBlockReference
  2
SIDE_WALL_PANEL
 10
417.118549450418
 20
8030.686401867643
 30
2e-14
 41
-1.0
 50
90.0
  0
INSERT
  5
2F1
330
234
100
AcDbEntity
  8
0
100
AcDbBlockReference
  2
SIDE_WALL_PANEL
 10
417.118549450418
 20
8029.68640186764
 30
2.18e-14
 41
-1.0
 50
90.0
  0
INSERT
  5
2F3
330
234
100
AcDbEntity
  8
0
100
AcDbBlockReference
  2
SIDE_WALL_PANEL
 10
417.118549450418
 20
8028.686401867636
 30
2.36e-14
 41
-1.0
 50
90.0
  0
INSERT
  5
2F5
330
234
100
AcDbEntity
  8
0
100
AcDbBlockReference
  2
SIDE_WALL_PANEL
 10
417.118549450418
 20
8027.686401867632
 30
2.55e-14
 41
-1.0
 50
90.0
  0
INSERT
  5
2F7
330
234
100
AcDbEntity
  8
0
100
AcDbBlockReference
  2
AC27_TENT_BALLAST_BLOCK_0.8 x 0.8m
 10
-8194.952263882446
 20
-236.220477331993
 30
0.0
  0
INSERT
  5
2F9
330
234
100
AcDbEntity
  8
0
100
AcDbBlockReference
  2
AC27_TENT_BALLAST_BLOCK_0.8 x 0.8m
 10
8216.652263882446
 20
-236.220477331993
 30
0.0
 41
-1.0
  0
INSERT
  5
2FB
330
234
100
AcDbEntity
  8
0
100
AcDbBlockReference
  2
AC27_TENT_BALLAST_BLOCK_0.8 x 0.8m
 10
-8194.952263882446
 20
-226.220477331993
 30
0.0
  0
INSERT
  5
2FD
330
234
100
AcDbEntity
  8
0
100
AcDbBlockReference
  2
SIDE_WALL_PANEL
 10
-395.4185494504281
 20
8046.68640186768
 30
1.8e-15
 50
270.0
  0
INSERT
  5
2FF
330
234
100
AcDbEntity
  8
0
100
AcDbBlockReference
  2
STEEL_BASE_PLATE_0.4x0.4m
 10
-8020.649525116832
 20
-366.3145169500763
 30
0.0
  0
INSERT
  5
301
330
234
100
AcDbEntity
  8
0
100
AcDbBlockReference
  2
SIDE_WALL_PANEL
 10
-395.4185494504281
 20
8045.686401867676
 30
3.6e-15
 50
270.0
  0
INSERT
  5
303
330
234
100
AcDbEntity
  8
0
100
AcDbBlockReference
  2
SIDE_WALL_PANEL
 10
-395.4185494504281
 20
8044.686401867672
 30
5.5e-15
 50
270.0
  0
INSERT
  5
305
330
234
100
AcDbEntity
  8
0
100
AcDbBlockReference
  2
SIDE_WALL_PANEL
 10
-395.4185494504281
 20
8043.686401867669
 30
7.3e-15
 50
270.0
  0
INSERT
  5
307
330
234
100
AcDbEntity
  8
0
100
AcDbBlockReference
  2
SIDE_WALL_PANEL
 10
-395.4185494504281
 20
8042.686401867665
 30
9.1e-15
 50
270.0
  0
INSERT
  5
309
330
234
100
AcDbEntity
  8
0
100
AcDbBlockReference
  2
SIDE_WALL_PANEL
 10
417.118549450418
 20
8046.68640186768
 30
1.8e-15
 41
-1.0
 50
90.0
  0
INSERT
  5
30B
330
234
100
AcDbEntity
  8
0
100
AcDbBlockReference
  2
SIDE_WALL_PANEL
 10
417.118549450418
 20
8045.686401867676
 30
3.6e-15
 41
-1.0
 50
90.0
  0
INSERT
  5
30D
330
234
100
AcDbEntity
  8
0
100
AcDbBlockReference
  2
SIDE_WALL_PANEL
 10
417.118549450418
 20
8044.686401867672
 30
5.5e-15
 41
-1.0
 50
90.0
  0
INSERT
  5
30F
330
234
100
AcDbEntity
  8
0
100
AcDbBlockReference
  2
SIDE_WALL_PANEL
 10
417.118549450418
 20
8043.686401867669
 30
7.3e-15
 41
-1.0
 50
90.0
  0
INSERT
  5
311
330
234
100
AcDbEntity
  8
0
100
AcDbBlockReference
  2
SIDE_WALL_PANEL
 10
417.118549450418
 20
8042.686401867665
 30
9.1e-15
 41
-1.0
 50
90.0
  0
INSERT
  5
313
330
234
100
AcDbEntity
  8
0
100
AcDbBlockReference
  2
AC27_TENT_BALLAST_BLOCK_0.8 x 0.8m
 10
8216.652263882446
 20
-226.220477331993
 30
0.0
 41
-1.0
  0
INSERT
  5
315
330
234
100
AcDbEntity
  8
0
100
AcDbBlockReference
  2
STEEL_BASE_PLATE_0.4x0.4m
 10
-8000.649525116832
 20
-366.3145169500763
 30
0.0
  0
ENDBLK
  5
236
330
234
100
AcDbEntity
  8
0
100
AcDbBlockEnd
  0
BLOCK
  5
318
330
317
100
AcDbEntity
  8
0
100
AcDbBlockBegin
  2
Tent_20x10
 70
0
 10
0.0
 20
0.0
 30
0.0
  3
Tent_20x10
  1

  0
HATCH
  5
31A
330
317
100
AcDbEntity
  8
Key_Tents
440
33554559
100
AcDbHatch
 10
0.0
 20
0.0
 30
-3.54736974e-07
210
0.0
220
0.0
230
1.0
  2
SOLID
 70
1
 71
0
 91
1
 92
1
 93
4
 72
1
 10
-10.07499999999982
 20
-10.15000000000009
 11
10.07500000000027
 21
-10.15000000000009
 72
1
 10
10.07500000000027
 20
-10.15000000000009
 11
10.07500000000027
 21
0.0
 72
1
 10
10.07500000000027
 20
0.0
 11
-10.07499999999982
 21
0.0
 72
1
 10
-10.07499999999982
 20
0.0
 11
-10.07499999999982
 21
-10.15000000000009
 97
0
 75
1
 76
1
 98
1
 10
-3488.233798489707
 20
-2403.45889284498
450
0
451
0
460
0.0
461
0.0
452
0
462
0.0
453
2
463
0
 63
5
421
255
463
1
 63
2
421
16776960
470
LINEAR
  0
LWPOLYLINE
  5
31B
330
317
100
AcDbEntity
  8
0
100
AcDbPolyline
 90
4
 70
1
 10
-10.07499999999982
 20
-10.15000000000009
 10
10.07500000000027
 20
-10.15000000000009
 10
10.07500000000027
 20
0.0
 10
-10.07499999999982
 20
0.0
  0
LWPOLYLINE
  5
31C
330
317
100
AcDbEntity
  8
0
100
AcDbPolyline
 90
3
 70
0
 10
10.07500000000027
 20
-10.15000000000009
 10
8.825000000000273
 20
-5.075000000000045
 10
10.07500000000027
 20
0.0
  0
LWPOLYLINE
  5
31D
330
317
100
AcDbEntity
  8
0
100
AcDbPolyline
 90
4
 70
1
 10
9.925000000000182
 20
-5.150000000000318
 10
10.07500000000027
 20
-5.150000000000318
 10
10.07500000000027
 20
-5.000000000000227
 10
9.925000000000182
 20
-5.000000000000227
  0
LWPOLYLINE
  5
31E
330
317
100
AcDbEntity
  8
0
100
AcDbPolyline
 90
4
 70
1
 10
9.925000000000182
 20
-10.15000000000009
 10
10.07500000000027
 20
-10.15000000000009
 10
10.07500000000027
 20
-10.0
 10
9.925000000000182
 20
-10.0
  0
LWPOLYLINE
  5
31F
330
317
100
AcDbEntity
  8
0
100
AcDbPolyline
 90
4
 70
1
 10
9.925000000000182
 20
-0.1500000000000909
 10
10.07500000000027
 20
-0.1500000000000909
 10
10.07500000000027
 20
0.0
 10
9.925000000000182
 20
0.0
  0
LWPOLYLINE
  5
320
330
317
100
AcDbEntity
  8
0
100
AcDbPolyline
 90
3
 70
0
 10
-10.07499999999982
 20
-10.15000000000009
 10
-8.824999999999818
 20
-5.075000000000045
 10
-10.07499999999982
 20
0.0
  0
LWPOLYLINE
  5
321
330
317
100
AcDbEntity
  8
0
100
AcDbPolyline
 90
4
 70
1
 10
-9.924999999999727
 20
-5.150000000000318
 10
-10.07499999999982
 20
-5.150000000000318
 10
-10.07499999999982
 20
-5.000000000000227
 10
-9.924999999999727
 20
-5.000000000000227
  0
LWPOLYLINE
  5
322
330
317
100
AcDbEntity
  8
0
100
AcDbPolyline
 90
4
 70
1
 10
-9.924999999999727
 20
-10.15000000000009
 10
-10.07499999999982
 20
-10.15000000000009
 10
-10.07499999999982
 20
-10.0
 10
-9.924999999999727
 20
-10.0
  0
LWPOLYLINE
  5
323
330
317
100
AcDbEntity
  8
0
100
AcDbPolyline
 90
4
 70
1
 10
-9.924999999999727
 20
-0.1500000000000909
 10
-10.07499999999982
 20
-0.1500000000000909
 10
-10.07499999999982
 20
0.0
 10
-9.924999999999727
 20
0.0
  0
LWPOLYLINE
  5
324
330
317
100
AcDbEntity
  8
0
100
AcDbPolyline
 90
4
 70
1
 10
-4.924999999999727
 20
-10.15000000000009
 10
-5.074999999999818
 20
-10.15000000000009
 10
-5.074999999999818
 20
-10.0
 10
-4.924999999999727
 20
-10.0
  0
LWPOLYLINE
  5
325
330
317
100
AcDbEntity
  8
0
100
AcDbPolyline
 90
4
 70
1
 10
-4.924999999999727
 20
-0.1500000000000909
 10
-5.074999999999818
 20
-0.1500000000000909
 10
-5.074999999999818
 20
0.0
 10
-4.924999999999727
 20
0.0
  0
LINE
  5
326
330
317
100
AcDbEntity
  8
0
  6
HIDDEN2
100
AcDbLine
 10
-4.999999999999545
 20
-10.0
 30
0.0
 11
-4.999999999999545
 21
-0.1500000000000909
 31
0.0
  0
LINE
  5
327
330
317
100
AcDbEntity
  8
0
100
AcDbLine
 10
-8.824999999999818
 20
-5.075000000000045
 30
0.0
 11
8.825000000000273
 21
-5.075000000000045
 31
0.0
  0
INSERT
  5
328
330
317
100
AcDbEntity
  8
0
100
AcDbBlockReference
  2
*U423
 10
-156.500829322446
 20
-814.4547115697961
 30
2.43279969893382
 41
0.001016
 42
0.001
 43
0.001
 50
89.99999995122823
210
-0.3438586227938806
220
5.648553430548375e-09
230
0.9390214308152375
  0
LWPOLYLINE
  5
32A
330
317
100
AcDbEntity
  8
0
100
AcDbPolyline
 90
4
 70
1
 38
-277.7728243941918
 10
-8.075000008831466
 20
-10.15049999688699
 10
-8.075000011624525
 20
-11.15049999712073
 10
-6.075000012091095
 20
-11.15050000282463
 10
-6.075000008365805
 20
-10.15050000311612
  0
LWPOLYLINE
  5
32B
330
317
100
AcDbEntity
  8
0
100
AcDbPolyline
 90
3
 70
0
 38
-277.7728243941918
 10
-6.075000012091095
 20
-11.15050000363954
 10
-7.075000010694112
 20
-10.81716666968578
 10
-8.075000011624525
 20
-11.15049999898292
  0
LWPOLYLINE
  5
32C
330
317
100
AcDbEntity
  8
0
100
AcDbPolyline
 90
3
 70
0
 38
-277.7728243941918
 10
-6.075000009762789
 20
-10.8171666736439
 10
-7.075000009762789
 20
-10.48383333835091
 10
-8.075000011159773
 20
-10.81716666793864
  0
LWPOLYLINE
  5
32D
330
317
100
AcDbEntity
  8
0
100
AcDbPolyline
 90
3
 70
0
 38
-277.7728243941918
 10
-6.075000009762789
 20
-10.48383333741958
 10
-7.075000008831466
 20
-10.1505000029415
 10
-8.075000009762789
 20
-10.48383333258835
  0
LINE
  5
32E
330
317
100
AcDbEntity
  8
0
100
AcDbLine
 10
-8.075000014419402
 20
-10.48383333334505
 30
-277.7728243941955
 11
-6.075000014885063
 21
-10.48383333916536
 31
-277.7728243941954
  0
LINE
  5
32F
330
317
100
AcDbEntity
  8
0
100
AcDbLine
 10
-6.075000015349815
 20
-10.81716667480759
 30
-277.7728243941954
 11
-8.075000015816386
 21
-10.81716667003411
 31
-277.7728243941953
  0
LINE
  5
330
330
317
100
AcDbEntity
  8
0
  6
HIDDEN2
100
AcDbLine
 10
2.274e-13
 20
-0.0750000000000437
 30
0.0
 11
2.274e-13
 21
-10.07500000000005
 31
0.0
  0
LINE
  5
331
330
317
100
AcDbEntity
  8
0
  6
HIDDEN2
100
AcDbLine
 10
5.000000000000227
 20
-0.0750000000000428
 30
0.0
 11
5.000000000000227
 21
-10.07500000000005
 31
0.0
  0
INSERT
  5
332
330
317
100
AcDbEntity
  8
0
100
AcDbBlockReference
  2
*U423
 10
-156.5008295688506
 20
-800.3693901075679
 30
-2.725079642974322
 41
0.001016
 42
0.001
 43
0.001
 50
89.99999995122823
210
-0.3438586227938806
220
5.648553430548375e-09
230
0.9390214308152375
  0
LWPOLYLINE
  5
334
330
317
100
AcDbEntity
  8
0
100
AcDbPolyline
 90
4
 70
1
 38
-277.7728243941918
 10
6.924999991168534
 20
-10.15049999688699
 10
6.924999988375475
 20
-11.15049999712073
 10
8.924999987908905
 20
-11.15050000282463
 10
8.924999991634195
 20
-10.15050000311612
  0
LWPOLYLINE
  5
335
330
317
100
AcDbEntity
  8
0
100
AcDbPolyline
 90
3
 70
0
 38
-277.7728243941918
 10
8.924999987908905
 20
-11.15050000363954
 10
7.924999989305888
 20
-10.81716666968578
 10
6.924999988375475
 20
-11.15049999898292
  0
LWPOLYLINE
  5
336
330
317
100
AcDbEntity
  8
0
100
AcDbPolyline
 90
3
 70
0
 38
-277.7728243941918
 10
8.924999990237211
 20
-10.8171666736439
 10
7.924999990237211
 20
-10.48383333835091
 10
6.924999988840227
 20
-10.81716666793864
  0
LWPOLYLINE
  5
337
330
317
100
AcDbEntity
  8
0
100
AcDbPolyline
 90
3
 70
0
 38
-277.7728243941918
 10
8.924999990237211
 20
-10.48383333741958
 10
7.924999991168534
 20
-10.1505000029415
 10
6.924999990237211
 20
-10.48383333258835
  0
LINE
  5
338
330
317
100
AcDbEntity
  8
0
100
AcDbLine
 10
6.924999985580598
 20
-10.48383333334505
 30
-277.7728243941955
 11
8.924999985114937
 21
-10.48383333916536
 31
-277.7728243941954
  0
LINE
  5
339
330
317
100
AcDbEntity
  8
0
100
AcDbLine
 10
8.924999984650185
 20
-10.81716667480759
 30
-277.7728243941954
 11
6.924999984183614
 21
-10.81716667003411
 31
-277.7728243941953
  0
LWPOLYLINE
  5
33A
330
317
100
AcDbEntity
  8
0
100
AcDbPolyline
 90
4
 70
1
 10
0.0750000000000455
 20
-10.15000000000009
 10
-0.0750000000000455
 20
-10.15000000000009
 10
-0.0750000000000455
 20
-10.0
 10
0.0750000000000455
 20
-10.0
  0
LWPOLYLINE
  5
33B
330
317
100
AcDbEntity
  8
0
100
AcDbPolyline
 90
4
 70
1
 10
0.0750000000000455
 20
-0.1500000000000909
 10
-0.0750000000000455
 20
-0.1500000000000909
 10
-0.0750000000000455
 20
0.0
 10
0.0750000000000455
 20
0.0
  0
LWPOLYLINE
  5
33C
330
317
100
AcDbEntity
  8
0
100
AcDbPolyline
 90
4
 70
1
 10
5.075000000000045
 20
-10.15000000000009
 10
4.924999999999955
 20
-10.15000000000009
 10
4.924999999999955
 20
-10.0
 10
5.075000000000045
 20
-10.0
  0
LWPOLYLINE
  5
33D
330
317
100
AcDbEntity
  8
0
100
AcDbPolyline
 90
4
 70
1
 10
5.075000000000045
 20
-0.1500000000000909
 10
4.924999999999955
 20
-0.1500000000000909
 10
4.924999999999955
 20
0.0
 10
5.075000000000045
 20
0.0
  0
LWPOLYLINE
  5
33E
330
317
100
AcDbEntity
  8
0
100
AcDbPolyline
 90
4
 70
1
 10
-0.0750000000000455
 20
-10.0
 10
0.0750000000000455
 20
-10.0
 10
0.0750000000000455
 20
-0.1500000000000909
 10
-0.0750000000000455
 20
-0.1500000000000909
  0
INSERT
  5
33F
330
317
100
AcDbEntity
  8
0
100
AcDbBlockReference
  2
*U423
 10
-156.5008294045809
 20
-809.7596044157202
 30
0.7135065849644207
 41
0.001016
 42
0.001
 43
0.001
 50
89.99999995122823
210
-0.3438586227938806
220
5.648553430548375e-09
230
0.9390214308152375
  0
LWPOLYLINE
  5
341
330
317
100
AcDbEntity
  8
0
100
AcDbPolyline
 90
4
 70
1
 38
-277.7728243941918
 10
-3.075000008831466
 20
-10.15049999688699
 10
-3.075000011624525
 20
-11.15049999712073
 10
-1.075000012091095
 20
-11.15050000282463
 10
-1.075000008365805
 20
-10.15050000311612
  0
LWPOLYLINE
  5
342
330
317
100
AcDbEntity
  8
0
100
AcDbPolyline
 90
3
 70
0
 38
-277.7728243941918
 10
-1.075000012091095
 20
-11.15050000363954
 10
-2.075000010694112
 20
-10.81716666968578
 10
-3.075000011624525
 20
-11.15049999898292
  0
LWPOLYLINE
  5
343
330
317
100
AcDbEntity
  8
0
100
AcDbPolyline
 90
3
 70
0
 38
-277.7728243941918
 10
-1.075000009762789
 20
-10.8171666736439
 10
-2.075000009762789
 20
-10.48383333835091
 10
-3.075000011159773
 20
-10.81716666793864
  0
LWPOLYLINE
  5
344
330
317
100
AcDbEntity
  8
0
100
AcDbPolyline
 90
3
 70
0
 38
-277.7728243941918
 10
-1.075000009762789
 20
-10.48383333741958
 10
-2.075000008831466
 20
-10.1505000029415
 10
-3.075000009762789
 20
-10.48383333258835
  0
LINE
  5
345
330
317
100
AcDbEntity
  8
0
100
AcDbLine
 10
-3.075000014419402
 20
-10.48383333334505
 30
-277.7728243941955
 11
-1.075000014885063
 21
-10.48383333916536
 31
-277.7728243941954
  0
LINE
  5
346
330
317
100
AcDbEntity
  8
0
100
AcDbLine
 10
-1.075000015349815
 20
-10.81716667480759
 30
-277.7728243941954
 11
-3.075000015816386
 21
-10.81716667003411
 31
-277.7728243941953
  0
INSERT
  5
347
330
317
100
AcDbEntity
  8
0
100
AcDbBlockReference
  2
*U423
 10
-156.5008294867158
 20
-805.0644972616445
 30
-1.005786529004865
 41
0.001016
 42
0.001
 43
0.001
 50
89.99999995122823
210
-0.3438586227938806
220
5.648553430548375e-09
230
0.9390214308152375
  0
LWPOLYLINE
  5
349
330
317
100
AcDbEntity
  8
0
100
AcDbPolyline
 90
4
 70
1
 38
-277.7728243941918
 10
1.924999991168534
 20
-10.15049999688699
 10
1.924999988375475
 20
-11.15049999712073
 10
3.924999987908905
 20
-11.15050000282463
 10
3.924999991634195
 20
-10.15050000311612
  0
LWPOLYLINE
  5
34A
330
317
100
AcDbEntity
  8
0
100
AcDbPolyline
 90
3
 70
0
 38
-277.7728243941918
 10
3.924999987908905
 20
-11.15050000363954
 10
2.924999989305888
 20
-10.81716666968578
 10
1.924999988375475
 20
-11.15049999898292
  0
LWPOLYLINE
  5
34B
330
317
100
AcDbEntity
  8
0
100
AcDbPolyline
 90
3
 70
0
 38
-277.7728243941918
 10
3.924999990237211
 20
-10.8171666736439
 10
2.924999990237211
 20
-10.48383333835091
 10
1.924999988840227
 20
-10.81716666793864
  0
LWPOLYLINE
  5
34C
330
317
100
AcDbEntity
  8
0
100
AcDbPolyline
 90
3
 70
0
 38
-277.7728243941918
 10
3.924999990237211
 20
-10.48383333741958
 10
2.924999991168534
 20
-10.1505000029415
 10
1.924999990237211
 20
-10.48383333258835
  0
LINE
  5
34D
330
317
100
AcDbEntity
  8
0
100
AcDbLine
 10
1.924999985580598
 20
-10.48383333334505
 30
-277.7728243941955
 11
3.924999985114937
 21
-10.48383333916536
 31
-277.7728243941954
  0
LINE
  5
34E
330
317
100
AcDbEntity
  8
0
100
AcDbLine
 10
3.924999984650185
 20
-10.81716667480759
 30
-277.7728243941954
 11
1.924999984183614
 21
-10.81716667003411
 31
-277.7728243941953
  0
LWPOLYLINE
  5
34F
330
317
100
AcDbEntity
  8
0
  6
HIDDEN2
100
AcDbPolyline
 90
4
 70
1
 10
-9.999999999999773
 20
-10.07500000000005
 10
10.00000000000023
 20
-10.07500000000005
 10
10.00000000000023
 20
-0.0750000000000419
 10
-9.999999999999773
 20
-0.0750000000000455
  0
ENDBLK
  5
319
330
317
100
AcDbEntity
  8
0
100
AcDbBlockEnd
  0
BLOCK
  5
351
330
350
100
AcDbEntity
  8
0
100
AcDbBlockBegin
  2
SPLIT-AC
 70
0
 10
0.0
 20
0.0
 30
0.0
  3
SPLIT-AC
  1

  0
LWPOLYLINE
  5
353
330
350
100
AcDbEntity
  8
0
100
AcDbPolyline
 90
6
 70
1
 10
-550.0
 20
0.0
 10
550.0
 20
0.0
 10
550.0
 20
100.0
 42
0.4142135623730951
 10
450.0
 20
200.0
 10
-450.0
 20
200.0
 42
0.4142135623730951
 10
-550.0
 20
100.0
  0
LINE
  5
354
330
350
100
AcDbEntity
  8
0
100
AcDbLine
 10
-510.0
 20
180.0
 30
0.0
 11
510.0
 21
180.0
 31
0.0
  0
LINE
  5
355
330
350
100
AcDbEntity
  8
0
100
AcDbLine
 10
-533.5164654424296
 20
155.0
 30
0.0
 11
533.5164654424296
 21
155.0
 31
0.0
  0
LINE
  5
356
330
350
100
AcDbEntity
  8
0
100
AcDbLine
 10
-546.824583655165
 20
125.0
 30
0.0
 11
546.824583655165
 21
125.0
 31
0.0
  0
LWPOLYLINE
  5
357
330
350
100
AcDbEntity
  8
0
100
AcDbPolyline
 90
6
 70
0
 10
-282.4424843986053
 20
250.0
 10
-404.5435421586152
 20
372.1010577818161
 10
-475.2892091659014
 20
339.9560871909962
 10
-387.6437287004664
 20
467.9197743267287
 10
-458.9911251071607
 20
426.5486407303887
 10
-569.0999076922308
 20
536.6574233008869
  0
LWPOLYLINE
  5
358
330
350
100
AcDbEntity
  8
0
100
AcDbPolyline
 90
3
 70
0
 10
-569.0999076922308
 20
429.1608895776207
 10
-569.0999076922308
 20
536.6574233008869
 10
-461.6033739616979
 20
536.6574233008869
  0
LWPOLYLINE
  5
359
330
350
100
AcDbEntity
  8
0
100
AcDbPolyline
 90
3
 70
0
 10
76.01152796467069
 20
579.3832878325283
 10
0.0
 20
655.3948157826782
 10
-76.01152795745293
 20
579.3832878325283
  0
LWPOLYLINE
  5
35A
330
350
100
AcDbEntity
  8
0
100
AcDbPolyline
 90
6
 70
0
 10
0.0
 20
655.3948157826782
 10
0.0
 20
499.6774821313612
 10
-79.70403693226399
 20
478.4810634314672
 10
72.75466755306115
 20
449.9717860821546
 10
0.0
 20
422.6769718714677
 10
0.0
 20
250.0
  0
LWPOLYLINE
  5
35B
330
350
100
AcDbEntity
  8
0
100
AcDbPolyline
 90
6
 70
0
 10
282.4424843986053
 20
250.0
 10
404.5435421586152
 20
372.1010577818161
 10
475.2892091659014
 20
339.9560871909962
 10
387.6437287004664
 20
467.9197743267287
 10
458.9911251071607
 20
426.5486407303887
 10
569.0999076922308
 20
536.6574233008869
  0
LWPOLYLINE
  5
35C
330
350
100
AcDbEntity
  8
0
100
AcDbPolyline
 90
3
 70
0
 10
569.0999076922308
 20
429.1608895776207
 10
569.0999076922308
 20
536.6574233008869
 10
461.6033739616979
 20
536.6574233008869
  0
ENDBLK
  5
352
330
350
100
AcDbEntity
  8
0
100
AcDbBlockEnd
  0
BLOCK
  5
35E
330
35D
100
AcDbEntity
  8
0
100
AcDbBlockBegin
  2
CU-OUTDOOR-S
 70
2
 10
0.0
 20
0.0
 30
0.0
  3
CU-OUTDOOR-S
  1

  0
LWPOLYLINE
  5
360
330
35D
100
AcDbEntity
  8
0
370
13
100
AcDbPolyline
 90
8
 70
1
 10
-0.4201270365156233
 20
-0.0003385948948562
 10
0.4201270365156233
 20
0.0003385953605175
 42
-0.4144496348214983
 10
0.4449481568299234
 20
-0.024462528526783
 10
0.4449481568299234
 20
-0.3020987804047763
 42
-0.4139775293253176
 10
0.4201670130714774
 20
-0.3268999042920768
 10
-0.4200870604254305
 20
-0.3275770940817893
 42
-0.414449634821498
 10
-0.4449081802740693
 20
-0.3027759706601501
 10
-0.4449081802740693
 20
-0.0251397183164954
 42
-0.4139775293253178
  0
LWPOLYLINE
  5
361
330
35D
100
AcDbEntity
  8
0
370
13
100
AcDbPolyline
 90
4
 70
1
 10
0.252623647917062
 20
0.0226031476631761
 10
0.307161336299032
 20
0.0226031476631761
 10
0.3071616385132074
 20
0.0002255756407976
 10
0.2526239501312375
 20
0.0002255756407976
  0
LWPOLYLINE
  5
362
330
35D
100
AcDbEntity
  8
0
370
13
100
AcDbPolyline
 90
4
 70
0
 10
0.2741533988155425
 20
0.0002255756407976
 10
0.2741530970670283
 20
0.0111198392696679
 10
0.285631887614727
 20
0.0111198392696679
 10
0.2856321893632412
 20
0.0002255756407976
  0
LWPOLYLINE
  5
363
330
35D
100
AcDbEntity
  8
0
370
13
100
AcDbPolyline
 90
4
 70
1
 10
-0.3071254934184253
 20
0.0226031476631761
 10
-0.2525878050364554
 20
0.0226031476631761
 10
-0.2525875028222799
 20
0.0002255756407976
 10
-0.3071251912042499
 20
0.0002255756407976
  0
LWPOLYLINE
  5
364
330
35D
100
AcDbEntity
  8
0
370
13
100
AcDbPolyline
 90
4
 70
0
 10
-0.2855957420542836
 20
0.0002255756407976
 10
-0.2855960442684591
 20
0.0111198392696679
 10
-0.2741172537207603
 20
0.0111198392696679
 10
-0.2741169515065849
 20
0.0002255756407976
  0
LWPOLYLINE
  5
365
330
35D
100
AcDbEntity
  8
0
370
13
100
AcDbPolyline
 90
4
 70
1
 10
0.2526236474514008
 20
-0.3491244805045426
 10
0.3071613358333707
 20
-0.3491244805045426
 10
0.3071616380475461
 20
-0.3267469084821641
 10
0.2526239496655762
 20
-0.3267469084821641
  0
LWPOLYLINE
  5
366
330
35D
100
AcDbEntity
  8
0
370
13
100
AcDbPolyline
 90
4
 70
0
 10
0.2741533988155425
 20
-0.3267469084821641
 10
0.2741530970670283
 20
-0.3376411721110344
 10
0.2856318880803883
 20
-0.3376411716453731
 10
0.2856321893632412
 20
-0.3267469084821641
  0
LWPOLYLINE
  5
367
330
35D
100
AcDbEntity
  8
0
370
13
100
AcDbPolyline
 90
4
 70
1
 10
-0.3071254934184253
 20
-0.3491244805045426
 10
-0.2525878050364554
 20
-0.3491244805045426
 10
-0.2525875028222799
 20
-0.3267469084821641
 10
-0.3071251912042499
 20
-0.3267469084821641
  0
LWPOLYLINE
  5
368
330
35D
100
AcDbEntity
  8
0
370
13
100
AcDbPolyline
 90
4
 70
0
 10
-0.2855957420542836
 20
-0.3267469084821641
 10
-0.2855960438027978
 20
-0.3376411721110344
 10
-0.2741172532550991
 20
-0.3376411721110344
 10
-0.2741169515065849
 20
-0.3267469084821641
  0
LWPOLYLINE
  5
369
330
35D
100
AcDbEntity
  8
0
370
13
100
AcDbPolyline
 90
4
 70
0
 10
0.4449481568299234
 20
-0.0437729475088418
 10
0.4542775158770382
 20
-0.0538215395063162
 10
0.4542775158770382
 20
-0.0961612048558891
 10
0.4449481563642621
 20
-0.106520970351994
  0
LWPOLYLINE
  5
36A
330
35D
100
AcDbEntity
  8
0
370
13
100
AcDbPolyline
 90
4
 70
1
 10
0.5147964106872678
 20
-0.0515522356145084
 10
0.5377622582018375
 20
-0.0515522360801697
 10
0.5377622582018375
 20
-0.0893450272269547
 10
0.5147964102216065
 20
-0.0893450272269547
  0
LWPOLYLINE
  5
36B
330
35D
100
AcDbEntity
  8
0
370
13
100
AcDbPolyline
 90
4
 70
0
 10
0.5147964106872678
 20
-0.0553757436573505
 10
0.4674345166422427
 20
-0.0553757436573505
 10
0.4674345161765814
 20
-0.0816938779316843
 10
0.5147964102216065
 20
-0.0816938779316843
  0
LWPOLYLINE
  5
36C
330
35D
100
AcDbEntity
  8
0
370
13
100
AcDbPolyline
 90
2
 70
0
 10
0.454277515411377
 20
-0.0792773850262165
 10
0.4674345157109201
 20
-0.0792773850262165
  0
LWPOLYLINE
  5
36D
330
35D
100
AcDbEntity
  8
0
370
13
100
AcDbPolyline
 90
4
 70
1
 10
0.4779584631323814
 20
-0.0826445878483355
 10
0.495658203959465
 20
-0.0826445878483355
 10
0.495658203959465
 20
-0.1113518979400396
 10
0.4779584631323814
 20
-0.1113518974743783
  0
LWPOLYLINE
  5
36E
330
35D
100
AcDbEntity
  8
0
370
13
100
AcDbPolyline
 90
4
 70
0
 10
0.4972248086705804
 20
-0.0462861289270222
 10
0.4972248091362417
 20
-0.0547887836582959
 10
0.472692355979234
 20
-0.0547887836582959
 10
0.472692355979234
 20
-0.0462861289270222
  0
LWPOLYLINE
  5
36F
330
35D
100
AcDbEntity
  8
0
370
13
100
AcDbPolyline
 90
4
 70
1
 10
0.4664755389094353
 20
-0.0209311051294208
 10
0.5037929750978947
 20
-0.0209311051294208
 10
0.503792975563556
 20
-0.0462861289270222
 10
0.4664755389094353
 20
-0.0462861289270222
  0
LWPOLYLINE
  5
370
330
35D
100
AcDbEntity
  8
0
370
13
100
AcDbPolyline
 90
4
 70
0
 10
0.4693442033603787
 20
-0.0209311051294208
 10
0.4693442028947175
 20
-0.0132758226245642
 10
0.5004448224790394
 20
-0.0132758226245642
 10
0.5004448224790394
 20
-0.0209311051294208
  0
LWPOLYLINE
  5
371
330
35D
100
AcDbEntity
  8
0
370
13
100
AcDbPolyline
 90
2
 70
0
 10
0.4793927953578532
 20
-0.0462861289270222
 10
0.4793927953578532
 20
-0.0209311051294208
  0
LWPOLYLINE
  5
372
330
35D
100
AcDbEntity
  8
0
370
13
100
AcDbPolyline
 90
4
 70
0
 10
0.5147964106872678
 20
-0.0639858697541058
 10
0.5368032814003527
 20
-0.0639858697541058
 10
0.536803281866014
 20
-0.0740344617515802
 10
0.5147964111529291
 20
-0.0740344617515802
  0
LWPOLYLINE
  5
373
330
35D
100
AcDbEntity
  8
0
370
13
100
AcDbPolyline
 90
2
 70
0
 10
0.4904003636911511
 20
-0.0209311051294208
 10
0.4904003636911511
 20
-0.0462861289270222
  0
LWPOLYLINE
  5
374
330
35D
100
AcDbEntity
  8
0
370
13
100
AcDbPolyline
 90
2
 70
0
 10
0.4674345161765814
 20
-0.0582444076426327
 10
0.454277515411377
 20
-0.058244408108294
  0
ATTDEF
  5
375
330
35D
100
AcDbEntity
  8
0
100
AcDbText
 10
-0.1794360386777498
 20
-0.2683792977693193
 30
0.0923345002228205
 40
0.2
  1
CU
 50
359.9999999733196
  7
Bahnschrift Light
 72
1
 11
-7.01746e-11
 21
-0.0683792978528758
 31
0.0923345002228205
210
-3.32815908891147e-08
220
3.895168093535361e-12
230
0.9999999999999994
100
AcDbAttributeDefinition
  3
CU
  2
CU
 70
0
 74
3
280
1
 71
1
 72
0
 11
-7.01746e-11
 21
-0.0683792978528758
 31
0.0923345002228205
  0
ENDBLK
  5
35F
330
35D
100
AcDbEntity
  8
0
100
AcDbBlockEnd
  0
BLOCK
  5
377
330
376
100
AcDbEntity
  8
0
100
AcDbBlockBegin
  2
*U396
 70
1
 10
0.0
 20
0.0
 30
0.0
  3
*U396
  1

  0
LWPOLYLINE
  5
379
330
376
100
AcDbEntity
  8
0
  6
ByBlock
 62
0
100
AcDbPolyline
 90
11
 70
0
 10
1049.999999998137
 20
9.313226e-10
 10
1049.999999998137
 20
-100.0
 10
1079.999999998137
 20
-100.0
 10
1079.999999998137
 20
-120.0
 10
974.9999999972058
 20
-120.0
 10
974.9999999990685
 20
-30.0
 10
994.9999999990685
 20
-30.0
 10
994.9999999990682
 20
20.0
 10
1079.999999998137
 20
20.0
 10
1079.999999998137
 20
0.0
 10
1049.999999998137
 20
0.0
  0
LWPOLYLINE
  5
37A
330
376
100
AcDbEntity
  8
0
  6
ByBlock
 62
0
100
AcDbPolyline
 90
4
 70
1
 10
944.9999999990687
 20
19.99999999999977
 10
944.9999999990687
 20
959.9999999999997
 10
994.9999999990683
 20
959.9999999999997
 10
994.9999999990685
 20
19.99999999999977
  0
LWPOLYLINE
  5
37B
330
376
100
AcDbEntity
  8
0
  6
ByBlock
 62
0
100
AcDbPolyline
 90
11
 70
0
 10
0.0
 20
9.313226e-10
 10
0.0
 20
-100.0
 10
-30.0
 20
-100.0
 10
-30.0
 20
-120.0
 10
75.00000000093121
 20
-120.0
 10
74.99999999906856
 20
-30.0
 10
54.99999999906834
 20
-30.0
 10
54.99999999906868
 20
20.0
 10
-30.0
 20
20.00000000000001
 10
-30.0
 20
1.42e-14
 10
0.0
 20
0.0
  0
ARC
  5
37C
330
376
100
AcDbEntity
  8
0
  6
HIDDEN2
 62
0
100
AcDbCircle
 10
994.9999999990685
 20
19.99999999999977
 30
0.0
 40
939.9999999999997
100
AcDbArc
 50
90.0
 51
180.0
  0
ENDBLK
  5
378
330
376
100
AcDbEntity
  8
0
100
AcDbBlockEnd
  0
BLOCK
  5
37E
330
37D
100
AcDbEntity
  8
0
100
AcDbBlockBegin
  2
WIN 1000
 70
0
 10
0.0
 20
0.0
 30
0.0
  3
WIN 1000
  1

  0
LWPOLYLINE
  5
380
330
37D
100
AcDbEntity
  8
0
100
AcDbPolyline
 90
4
 70
1
 10
0.0
 20
0.0
 10
0.0700000000001637
 20
0.0
 10
0.0700000000001637
 20
0.0300000000002001
 10
0.0
 20
0.0300000000002001
  0
LWPOLYLINE
  5
381
330
37D
100
AcDbEntity
  8
0
100
AcDbPolyline
 90
4
 70
1
 10
0.930000000000291
 20
-0.0300000000002001
 10
1.000000000000455
 20
-0.0300000000002001
 10
1.000000000000455
 20
0.0
 10
0.930000000000291
 20
0.0
  0
LINE
  5
382
330
37D
100
AcDbEntity
  8
0
100
AcDbLine
 10
0.930000000000291
 20
0.0
 30
0.0
 11
0.0700000000001637
 21
0.0
 31
0.0
  0
LWPOLYLINE
  5
383
330
37D
100
AcDbEntity
  8
0
100
AcDbPolyline
 90
4
 70
1
 10
0.4650000000001455
 20
0.0
 10
0.535000000000764
 20
0.0
 10
0.535000000000764
 20
0.0300000000002001
 10
0.4650000000001455
 20
0.0300000000002001
  0
LWPOLYLINE
  5
384
330
37D
100
AcDbEntity
  8
0
100
AcDbPolyline
 90
4
 70
1
 10
0.4650000000001455
 20
-0.0300000000002001
 10
0.535000000000764
 20
-0.0300000000002001
 10
0.535000000000764
 20
0.0
 10
0.4650000000001455
 20
0.0
  0
LWPOLYLINE
  5
385
330
37D
100
AcDbEntity
  8
0
100
AcDbPolyline
 90
4
 70
1
 10
0.5175000000008367
 20
-0.0175636566286812
 10
0.9475000000002183
 20
-0.0175636566286812
 10
0.9475000000002183
 20
-0.0124363433715189
 10
0.5175000000008367
 20
-0.0124363433715189
  0
LINE
  5
386
330
37D
100
AcDbEntity
  8
0
100
AcDbLine
 10
0.930000000000291
 20
-0.0300000000002001
 30
0.0
 11
0.535000000000764
 21
-0.0300000000002001
 31
0.0
  0
LWPOLYLINE
  5
387
330
37D
100
AcDbEntity
  8
0
100
AcDbPolyline
 90
4
 70
1
 10
0.0525000000002365
 20
0.0124363433715189
 10
0.4825000000000728
 20
0.0124363433715189
 10
0.4825000000000728
 20
0.0175636566286812
 10
0.0525000000002365
 20
0.0175636566286812
  0
LINE
  5
388
330
37D
100
AcDbEntity
  8
0
100
AcDbLine
 10
0.4650000000001455
 20
0.0300000000002001
 30
0.0
 11
0.0700000000001637
 21
0.0300000000002001
 31
0.0
  0
ENDBLK
  5
37F
330
37D
100
AcDbEntity
  8
0
100
AcDbBlockEnd
  0
BLOCK
  5
38A
330
389
100
AcDbEntity
  8
0
100
AcDbBlockBegin
  2
E_LIGHT
 70
2
 10
0.0
 20
0.0
 30
0.0
  3
E_LIGHT
  1

  0
LWPOLYLINE
  5
38C
330
389
100
AcDbEntity
  8
0
100
AcDbPolyline
 90
4
 70
1
 10
-110.0
 20
-100.0
 10
110.0
 20
-100.0
 10
110.0
 20
0.0
 10
-110.0
 20
0.0
  0
ELLIPSE
  5
38D
330
389
100
AcDbEntity
  8
0
100
AcDbEllipse
 10
-1.0477379e-09
 20
-110.0
 30
0.0
 11
-80.0
 21
0.0
 31
0.0
 40
0.625
 41
0.0
 42
3.141592653589793
  0
LWPOLYLINE
  5
38E
330
389
100
AcDbEntity
  8
0
100
AcDbPolyline
 90
4
 70
1
 10
90.0
 20
-110.0
 10
-90.0
 20
-110.0
 10
-90.0
 20
-100.0
 10
90.0
 20
-100.0
  0
ATTDEF
  5
38F
330
389
100
AcDbEntity
  8
0
 62
0
100
AcDbText
 10
-100.5714285714285
 20
-80.0
 30
-1.299e-13
 40
60.0
  1
LIGHT
  7
CEB- Romand
 41
0.8
 72
1
 11
0.0
 21
-100.0
 31
-1.299e-13
100
AcDbAttributeDefinition
  3
L
  2
LIGHT
 70
0
 74
1
280
1
 71
1
 72
0
 11
0.0
 21
-100.0
 31
-1.299e-13
  0
ENDBLK
  5
38B
330
389
100
AcDbEntity
  8
0
100
AcDbBlockEnd
  0
BLOCK
  5
391
330
390
100
AcDbEntity
  8
0
100
AcDbBlockBegin
  2
STEEL_BASE_PLATE_0.4x0.4m
 70
0
 10
0.0
 20
0.0
 30
0.0
  3
STEEL_BASE_PLATE_0.4x0.4m
  1

  0
CIRCLE
  5
393
330
390
100
AcDbEntity
  8
0
370
0
100
AcDbCircle
 10
8021.339525116829
 20
382.0045169500881
 30
0.0
 40
0.012
  0
CIRCLE
  5
394
330
390
100
AcDbEntity
  8
0
370
0
100
AcDbCircle
 10
8021.339525116829
 20
382.3245169500883
 30
0.0
 40
0.012
  0
CIRCLE
  5
395
330
390
100
AcDbEntity
  8
0
370
0
100
AcDbCircle
 10
8021.659525116836
 20
382.3245169500883
 30
0.0
 40
0.012
  0
LINE
  5
396
330
390
100
AcDbEntity
  8
0
370
0
 48
0.1
100
AcDbLine
 10
8021.32460565224
 20
382.0045169500886
 30
4e-15
 11
8021.354444581415
 21
382.0045169500881
 31
-4e-15
  0
LINE
  5
397
330
390
100
AcDbEntity
  8
0
370
0
 48
0.1
100
AcDbLine
 10
8021.339525116829
 20
382.0194364146751
 30
-5e-16
 11
8021.339525116828
 21
381.9895974855012
 31
3.2e-15
  0
LINE
  5
398
330
390
100
AcDbEntity
  8
0
370
0
 48
0.1
100
AcDbLine
 10
8021.32460565224
 20
382.3245169500888
 30
4e-15
 11
8021.354444581415
 21
382.3245169500883
 31
-4e-15
  0
LINE
  5
399
330
390
100
AcDbEntity
  8
0
370
0
 48
0.1
100
AcDbLine
 10
8021.339525116829
 20
382.3394364146752
 30
-5e-16
 11
8021.339525116828
 21
382.3095974855014
 31
3.2e-15
  0
LINE
  5
39A
330
390
100
AcDbEntity
  8
0
370
0
 48
0.1
100
AcDbLine
 10
8021.644605652247
 20
382.3245169500888
 30
4e-15
 11
8021.674444581422
 21
382.3245169500883
 31
-4e-15
  0
LINE
  5
39B
330
390
100
AcDbEntity
  8
0
370
0
 48
0.1
100
AcDbLine
 10
8021.659525116836
 20
382.3394364146752
 30
-5e-16
 11
8021.659525116835
 21
382.3095974855014
 31
3.2e-15
  0
CIRCLE
  5
39C
330
390
100
AcDbEntity
  8
0
370
0
100
AcDbCircle
 10
8021.499525116827
 20
382.0045169500881
 30
-4.1e-15
 40
0.012
  0
CIRCLE
  5
39D
330
390
100
AcDbEntity
  8
0
370
0
100
AcDbCircle
 10
8021.499525116827
 20
382.3245169500883
 30
-4.1e-15
 40
0.012
  0
LINE
  5
39E
330
390
100
AcDbEntity
  8
0
370
0
 48
0.1
100
AcDbLine
 10
8021.484605652239
 20
382.0045169500886
 30
-1e-16
 11
8021.514444581413
 21
382.0045169500881
 31
-8.1e-15
  0
LINE
  5
39F
330
390
100
AcDbEntity
  8
0
370
0
 48
0.1
100
AcDbLine
 10
8021.499525116827
 20
382.0194364146751
 30
-4.6e-15
 11
8021.499525116827
 21
381.9895974855012
 31
-9e-16
  0
LINE
  5
3A0
330
390
100
AcDbEntity
  8
0
370
0
 48
0.1
100
AcDbLine
 10
8021.484605652239
 20
382.3245169500888
 30
-1e-16
 11
8021.514444581413
 21
382.3245169500883
 31
-8.1e-15
  0
LINE
  5
3A1
330
390
100
AcDbEntity
  8
0
370
0
 48
0.1
100
AcDbLine
 10
8021.499525116827
 20
382.3394364146752
 30
-4.6e-15
 11
8021.499525116827
 21
382.3095974855014
 31
-9e-16
  0
CIRCLE
  5
3A2
330
390
100
AcDbEntity
  8
0
370
0
100
AcDbCircle
 10
8021.659525116836
 20
382.0045169500777
 30
0.0
 40
0.012
  0
LINE
  5
3A3
330
390
100
AcDbEntity
  8
0
370
0
 48
0.1
100
AcDbLine
 10
8021.644605652247
 20
382.0045169500777
 30
4e-15
 11
8021.674444581422
 21
382.0045169500781
 31
-4e-15
  0
LINE
  5
3A4
330
390
100
AcDbEntity
  8
0
370
0
 48
0.1
100
AcDbLine
 10
8021.659525116836
 20
381.9895974854908
 30
-5e-16
 11
8021.659525116835
 21
382.0194364146646
 31
3.2e-15
  0
CIRCLE
  5
3A5
330
390
100
AcDbEntity
  8
0
370
0
100
AcDbCircle
 10
8021.339525116829
 20
382.1645169500885
 30
0.0
 40
0.012
  0
LINE
  5
3A6
330
390
100
AcDbEntity
  8
0
370
0
 48
0.1
100
AcDbLine
 10
8021.32460565224
 20
382.1645169500885
 30
4e-15
 11
8021.354444581415
 21
382.164516950088
 31
-4e-15
  0
LINE
  5
3A7
330
390
100
AcDbEntity
  8
0
370
0
 48
0.1
100
AcDbLine
 10
8021.339525116829
 20
382.1794364146754
 30
-5e-16
 11
8021.339525116828
 21
382.1495974855015
 31
3.2e-15
  0
CIRCLE
  5
3A8
330
390
100
AcDbEntity
  8
0
370
0
100
AcDbCircle
 10
8021.659525116836
 20
382.1645169500885
 30
0.0
 40
0.012
  0
LINE
  5
3A9
330
390
100
AcDbEntity
  8
0
370
0
 48
0.1
100
AcDbLine
 10
8021.674444581423
 20
382.1645169500885
 30
4e-15
 11
8021.644605652249
 21
382.164516950088
 31
-4e-15
  0
LINE
  5
3AA
330
390
100
AcDbEntity
  8
0
370
0
 48
0.1
100
AcDbLine
 10
8021.659525116836
 20
382.1794364146754
 30
-5e-16
 11
8021.659525116836
 21
382.1495974855015
 31
3.2e-15
  0
LWPOLYLINE
  5
3AB
330
390
100
AcDbEntity
  8
0
370
0
100
AcDbPolyline
 90
4
 70
1
 10
8021.299525116828
 20
381.9645169500886
 10
8021.699525116825
 20
381.9645169500827
 10
8021.699525116831
 20
382.3645169500833
 10
8021.299525116833
 20
382.3645169500887
  0
LWPOLYLINE
  5
3AC
330
390
100
AcDbEntity
  8
0
370
0
100
AcDbPolyline
 90
2
 70
0
 10
8021.574525116826
 20
382.164516950088
 10
8021.424525116827
 20
382.164516950088
  0
LWPOLYLINE
  5
3AD
330
390
100
AcDbEntity
  8
0
370
0
100
AcDbPolyline
 90
2
 70
0
 10
8021.499525116827
 20
382.2395169500883
 10
8021.499525116827
 20
382.0895169500882
  0
ENDBLK
  5
392
330
390
100
AcDbEntity
  8
0
100
AcDbBlockEnd
  0
BLOCK
  5
3AF
330
3AE
100
AcDbEntity
  8
0
100
AcDbBlockBegin
  2
SIDE_WALL_PANEL
 70
0
 10
0.0
 20
0.0
 30
0.0
  3
SIDE_WALL_PANEL
  1

  0
LINE
  5
3B1
330
3AE
100
AcDbEntity
  8
0
370
0
100
AcDbLine
 10
8025.886401867668
 20
396.2060494504249
 30
-3.2e-15
 11
8026.786401867668
 21
396.2060494504249
 31
-3.2e-15
  0
LINE
  5
3B2
330
3AE
100
AcDbEntity
  8
0
370
0
100
AcDbLine
 10
8026.736401867668
 20
396.2010494504248
 30
-3.2e-15
 11
8025.936401867668
 21
396.2010494504248
 31
-3.2e-15
  0
LINE
  5
3B3
330
3AE
100
AcDbEntity
  8
0
370
0
100
AcDbLine
 10
8025.936401867668
 20
396.1860494504249
 30
-3.2e-15
 11
8026.736401867668
 21
396.1860494504249
 31
-3.2e-15
  0
LINE
  5
3B4
330
3AE
100
AcDbEntity
  8
0
370
0
100
AcDbLine
 10
8026.786401867668
 20
396.1810494504248
 30
-3.2e-15
 11
8025.886401867668
 21
396.1810494504248
 31
-3.2e-15
  0
LINE
  5
3B5
330
3AE
100
AcDbEntity
  8
0
370
0
100
AcDbLine
 10
8025.836401867668
 20
396.2060494504249
 30
-3.2e-15
 11
8025.886401867668
 21
396.2060494504249
 31
-3.2e-15
  0
LINE
  5
3B6
330
3AE
100
AcDbEntity
  8
0
370
0
100
AcDbLine
 10
8025.886401867668
 20
396.2060494504249
 30
-3.2e-15
 11
8025.886401867668
 21
396.2010494504248
 31
-3.2e-15
  0
LINE
  5
3B7
330
3AE
100
AcDbEntity
  8
0
370
0
100
AcDbLine
 10
8025.886401867668
 20
396.2010494504248
 30
-3.2e-15
 11
8025.936401867668
 21
396.2010494504248
 31
-3.2e-15
  0
LINE
  5
3B8
330
3AE
100
AcDbEntity
  8
0
370
0
100
AcDbLine
 10
8025.936401867668
 20
396.2010494504248
 30
-3.2e-15
 11
8025.936401867668
 21
396.1860494504249
 31
-3.2e-15
  0
LINE
  5
3B9
330
3AE
100
AcDbEntity
  8
0
370
0
100
AcDbLine
 10
8025.936401867668
 20
396.1860494504249
 30
-3.2e-15
 11
8025.886401867668
 21
396.1860494504249
 31
-3.2e-15
  0
LINE
  5
3BA
330
3AE
100
AcDbEntity
  8
0
370
0
100
AcDbLine
 10
8025.886401867668
 20
396.1860494504249
 30
-3.2e-15
 11
8025.886401867668
 21
396.1810494504248
 31
-3.2e-15
  0
LINE
  5
3BB
330
3AE
100
AcDbEntity
  8
0
370
0
100
AcDbLine
 10
8025.886401867668
 20
396.1810494504248
 30
-3.2e-15
 11
8025.836401867668
 21
396.1810494504248
 31
-3.2e-15
  0
LINE
  5
3BC
330
3AE
100
AcDbEntity
  8
0
370
0
100
AcDbLine
 10
8026.836401867668
 20
396.2060494504249
 30
-3.2e-15
 11
8026.786401867668
 21
396.2060494504249
 31
-3.2e-15
  0
LINE
  5
3BD
330
3AE
100
AcDbEntity
  8
0
370
0
100
AcDbLine
 10
8026.786401867668
 20
396.2060494504249
 30
-3.2e-15
 11
8026.786401867668
 21
396.2010494504248
 31
-3.2e-15
  0
LINE
  5
3BE
330
3AE
100
AcDbEntity
  8
0
370
0
100
AcDbLine
 10
8026.786401867668
 20
396.2010494504248
 30
-3.2e-15
 11
8026.736401867668
 21
396.2010494504248
 31
-3.2e-15
  0
LINE
  5
3BF
330
3AE
100
AcDbEntity
  8
0
370
0
100
AcDbLine
 10
8026.736401867668
 20
396.2010494504248
 30
-3.2e-15
 11
8026.736401867668
 21
396.1860494504249
 31
-3.2e-15
  0
LINE
  5
3C0
330
3AE
100
AcDbEntity
  8
0
370
0
100
AcDbLine
 10
8026.736401867668
 20
396.1860494504249
 30
-3.2e-15
 11
8026.786401867668
 21
396.1860494504249
 31
-3.2e-15
  0
LINE
  5
3C1
330
3AE
100
AcDbEntity
  8
0
370
0
100
AcDbLine
 10
8026.786401867668
 20
396.1860494504249
 30
-3.2e-15
 11
8026.786401867668
 21
396.1810494504248
 31
-3.2e-15
  0
LINE
  5
3C2
330
3AE
100
AcDbEntity
  8
0
370
0
100
AcDbLine
 10
8026.786401867668
 20
396.1810494504248
 30
-3.2e-15
 11
8026.836401867668
 21
396.1810494504248
 31
-3.2e-15
  0
LINE
  5
3C3
330
3AE
100
AcDbEntity
  8
0
370
0
100
AcDbLine
 10
8025.836401867668
 20
396.2060494504244
 30
-3.2e-15
 11
8025.886401867668
 21
396.2060494504244
 31
-3.2e-15
  0
LINE
  5
3C4
330
3AE
100
AcDbEntity
  8
0
370
0
100
AcDbLine
 10
8025.886401867668
 20
396.2060494504244
 30
-3.2e-15
 11
8025.886401867668
 21
396.2010494504243
 31
-3.2e-15
  0
LINE
  5
3C5
330
3AE
100
AcDbEntity
  8
0
370
0
100
AcDbLine
 10
8025.886401867668
 20
396.2010494504243
 30
-3.2e-15
 11
8025.936401867668
 21
396.2010494504243
 31
-3.2e-15
  0
LINE
  5
3C6
330
3AE
100
AcDbEntity
  8
0
370
0
100
AcDbLine
 10
8025.936401867668
 20
396.2010494504243
 30
-3.2e-15
 11
8025.936401867668
 21
396.1860494504244
 31
-3.2e-15
  0
LINE
  5
3C7
330
3AE
100
AcDbEntity
  8
0
370
0
100
AcDbLine
 10
8025.936401867668
 20
396.1860494504244
 30
-3.2e-15
 11
8025.886401867668
 21
396.1860494504244
 31
-3.2e-15
  0
LINE
  5
3C8
330
3AE
100
AcDbEntity
  8
0
370
0
100
AcDbLine
 10
8025.886401867668
 20
396.1860494504244
 30
-3.2e-15
 11
8025.886401867668
 21
396.1810494504243
 31
-3.2e-15
  0
LINE
  5
3C9
330
3AE
100
AcDbEntity
  8
0
370
0
100
AcDbLine
 10
8025.886401867668
 20
396.1810494504243
 30
-3.2e-15
 11
8025.836401867668
 21
396.1810494504243
 31
-3.2e-15
  0
LWPOLYLINE
  5
3CA
330
3AE
100
AcDbEntity
  8
0
370
0
100
AcDbPolyline
 90
2
 70
0
 10
8025.836401867668
 20
396.2060494504249
 10
8025.836401867668
 20
396.1810494504248
  0
LWPOLYLINE
  5
3CB
330
3AE
100
AcDbEntity
  8
0
370
0
100
AcDbPolyline
 90
2
 70
0
 10
8026.836401867668
 20
396.2060494504249
 10
8026.836401867668
 20
396.1810494504248
  0
ENDBLK
  5
3B0
330
3AE
100
AcDbEntity
  8
0
100
AcDbBlockEnd
  0
BLOCK
  5
3CD
330
3CC
100
AcDbEntity
  8
0
100
AcDbBlockBegin
  2
AC27_TENT_BALLAST_BLOCK_0.8 x 0.8m
 70
0
 10
0.0
 20
0.0
 30
0.0
  3
AC27_TENT_BALLAST_BLOCK_0.8 x 0.8m
  1

  0
HATCH
  5
3CF
330
3CC
100
AcDbEntity
  8
0
 62
8
440
33554687
100
AcDbHatch
 10
0.0
 20
0.0
 30
0.0
210
0.0
220
0.0
230
1.0
  2
ANGLE
 70
0
 71
0
 91
1
 92
1
 93
4
 72
1
 10
8194.902263882444
 20
242.4704773320054
 11
8195.702263882446
 21
242.4704773320054
 72
1
 10
8195.702263882446
 20
242.4704773320054
 11
8195.702263882446
 21
241.6704773320054
 72
1
 10
8195.702263882446
 20
241.6704773320054
 11
8194.902263882444
 21
241.6704773320054
 72
1
 10
8194.902263882444
 20
241.6704773320054
 11
8194.902263882444
 21
242.4704773320054
 97
1
330
347A65
 75
1
 76
1
 52
0.0
 41
1.0
 77
0
 78
2
 53
0.0
 43
568.3370224023538
 44
17.46591410626564
 45
0.0
 46
6.985
 79
2
 49
5.08
 49
-1.905
 53
90.0
 43
568.3370224023538
 44
17.46591410626564
 45
-6.985
 46
4e-16
 79
2
 49
5.08
 49
-1.905
 98
1
 10
568.3370224023538
 20
17.46591410626564
  0
HATCH
  5
3D0
330
3CC
100
AcDbEntity
  8
0
 62
8
440
33554687
100
AcDbHatch
 10
0.0
 20
0.0
 30
0.0
210
0.0
220
0.0
230
1.0
  2
ANGLE
 70
0
 71
0
 91
1
 92
1
 93
4
 72
1
 10
8194.902263882444
 20
242.4704773320054
 11
8195.702263882446
 21
242.4704773320054
 72
1
 10
8195.702263882446
 20
242.4704773320054
 11
8195.702263882446
 21
241.6704773320054
 72
1
 10
8195.702263882446
 20
241.6704773320054
 11
8194.902263882444
 21
241.6704773320054
 72
1
 10
8194.902263882444
 20
241.6704773320054
 11
8194.902263882444
 21
242.4704773320054
 97
1
330
347A65
 75
1
 76
1
 52
0.0
 41
1.0
 77
0
 78
2
 53
0.0
 43
568.3370224023538
 44
17.46591410626564
 45
0.0
 46
6.985
 79
2
 49
5.08
 49
-1.905
 53
90.0
 43
568.3370224023538
 44
17.46591410626564
 45
-6.985
 46
4e-16
 79
2
 49
5.08
 49
-1.905
 98
1
 10
568.3370224023538
 20
17.46591410626564
  0
HATCH
  5
3D1
330
3CC
100
AcDbEntity
  8
0
 62
8
440
33554687
100
AcDbHatch
 10
0.0
 20
0.0
 30
0.0
210
0.0
220
0.0
230
1.0
  2
ANGLE
 70
0
 71
0
 91
1
 92
1
 93
4
 72
1
 10
8194.902263882444
 20
242.4704773320054
 11
8195.702263882446
 21
242.4704773320054
 72
1
 10
8195.702263882446
 20
242.4704773320054
 11
8195.702263882446
 21
241.6704773320054
 72
1
 10
8195.702263882446
 20
241.6704773320054
 11
8194.902263882444
 21
241.6704773320054
 72
1
 10
8194.902263882444
 20
241.6704773320054
 11
8194.902263882444
 21
242.4704773320054
 97
1
330
347A65
 75
1
 76
1
 52
0.0
 41
1.0
 77
0
 78
2
 53
0.0
 43
568.3370224023538
 44
17.46591410626564
 45
0.0
 46
6.985
 79
2
 49
5.08
 49
-1.905
 53
90.0
 43
568.3370224023538
 44
17.46591410626564
 45
-6.985
 46
4e-16
 79
2
 49
5.08
 49
-1.905
 98
1
 10
568.3370224023538
 20
17.46591410626564
  0
HATCH
  5
3D2
330
3CC
100
AcDbEntity
  8
0
 62
8
440
33554687
100
AcDbHatch
 10
0.0
 20
0.0
 30
0.0
210
0.0
220
0.0
230
1.0
  2
ANGLE
 70
0
 71
0
 91
1
 92
1
 93
4
 72
1
 10
8194.902263882444
 20
242.4704773320054
 11
8195.702263882446
 21
242.4704773320054
 72
1
 10
8195.702263882446
 20
242.4704773320054
 11
8195.702263882446
 21
241.6704773320054
 72
1
 10
8195.702263882446
 20
241.6704773320054
 11
8194.902263882444
 21
241.6704773320054
 72
1
 10
8194.902263882444
 20
241.6704773320054
 11
8194.902263882444
 21
242.4704773320054
 97
1
330
347A65
 75
1
 76
1
 52
0.0
 41
1.0
 77
0
 78
2
 53
0.0
 43
568.3370224023538
 44
17.46591410626564
 45
0.0
 46
6.985
 79
2
 49
5.08
 49
-1.905
 53
90.0
 43
568.3370224023538
 44
17.46591410626564
 45
-6.985
 46
4e-16
 79
2
 49
5.08
 49
-1.905
 98
1
 10
568.3370224023538
 20
17.46591410626564
  0
LWPOLYLINE
  5
3D3
330
3CC
100
AcDbEntity
  8
0
370
0
100
AcDbPolyline
 90
5
 70
0
 10
8194.902263882444
 20
242.4704773320054
 10
8195.702263882446
 20
242.4704773320054
 10
8195.702263882446
 20
241.6704773320054
 10
8194.902263882444
 20
241.6704773320054
 10
8194.902263882444
 20
242.4704773320054
  0
HATCH
  5
3D4
330
3CC
100
AcDbEntity
  8
CONCRETE-1
 62
8
100
AcDbHatch
 10
0.0
 20
0.0
 30
0.0
210
0.0
220
0.0
230
1.0
  2
ANGLE
 70
0
 71
0
 91
1
 92
1
 93
4
 72
1
 10
8194.902263882444
 20
242.4704773320054
 11
8195.702263882446
 21
242.4704773320054
 72
1
 10
8195.702263882446
 20
242.4704773320054
 11
8195.702263882446
 21
241.6704773320054
 72
1
 10
8195.702263882446
 20
241.6704773320054
 11
8194.902263882444
 21
241.6704773320054
 72
1
 10
8194.902263882444
 20
241.6704773320054
 11
8194.902263882444
 21
242.4704773320054
 97
1
330
347A65
 75
1
 76
1
 52
0.0
 41
1.0
 77
0
 78
2
 53
0.0
 43
0.0
 44
0.0
 45
0.0
 46
6.985
 79
2
 49
5.08
 49
-1.905
 53
90.0
 43
0.0
 44
0.0
 45
-6.985
 46
4e-16
 79
2
 49
5.08
 49
-1.905
 98
1
 10
0.0
 20
0.0
  0
ENDBLK
  5
3CE
330
3CC
100
AcDbEntity
  8
0
100
AcDbBlockEnd
  0
BLOCK
  5
3D6
330
3D5
100
AcDbEntity
  8
0
100
AcDbBlockBegin
  2
*U423
 70
1
 10
0.0
 20
0.0
 30
0.0
  3
*U423
  1

  0
LINE
  5
3D8
330
3D5
100
AcDbEntity
  8
DOOR_TENT
  6
HIDDEN
 62
251
 48
2.0
 60
1
420
6513766
100
AcDbLine
 10
795089.700044487
 20
-166676.3287510307
 30
0.0
 11
795089.700044487
 21
-166626.3287510302
 31
0.0
  0
LINE
  5
3D9
330
3D5
100
AcDbEntity
  8
DOOR_TENT
 60
1
100
AcDbLine
 10
794109.3759704131
 20
-165695.3005170555
 30
0.0
 11
794101.0805530989
 21
-165696.6853614872
 31
0.0
  0
LINE
  5
3DA
330
3D5
100
AcDbEntity
  8
DOOR_TENT
 60
1
100
AcDbLine
 10
794101.0805530989
 20
-165696.6853614872
 30
0.0
 11
794094.7982040696
 21
-165701.4443043737
 31
0.0
  0
LINE
  5
3DB
330
3D5
100
AcDbEntity
  8
DOOR_TENT
 60
1
100
AcDbLine
 10
794094.7982040696
 20
-165701.4443043737
 30
0.0
 11
794090.2808267087
 21
-165708.819334308
 31
0.0
  0
LINE
  5
3DC
330
3D5
100
AcDbEntity
  8
DOOR_TENT
 60
1
100
AcDbLine
 10
794090.2808267087
 20
-165708.819334308
 30
0.0
 11
794087.2803243991
 21
-165718.0524398837
 31
0.0
  0
LINE
  5
3DD
330
3D5
100
AcDbEntity
  8
DOOR_TENT
 60
1
100
AcDbLine
 10
794087.2803243991
 20
-165718.0524398837
 30
0.0
 11
794085.5486005248
 21
-165728.3856096946
 31
0.0
  0
LINE
  5
3DE
330
3D5
100
AcDbEntity
  8
DOOR_TENT
 60
1
100
AcDbLine
 10
794085.5486005248
 20
-165728.3856096946
 30
0.0
 11
794084.8375584689
 21
-165739.0608323338
 31
0.0
  0
LINE
  5
3DF
330
3D5
100
AcDbEntity
  8
DOOR_TENT
 60
1
100
AcDbLine
 10
794084.8375584689
 20
-165739.0608323338
 30
0.0
 11
794084.8991016148
 21
-165749.320096395
 31
0.0
  0
LINE
  5
3E0
330
3D5
100
AcDbEntity
  8
DOOR_TENT
 60
1
100
AcDbLine
 10
794084.8991016148
 20
-165749.320096395
 30
0.0
 11
794085.4851333463
 21
-165758.4053904718
 31
0.0
  0
LINE
  5
3E1
330
3D5
100
AcDbEntity
  8
DOOR_TENT
 60
1
100
AcDbLine
 10
794085.4851333463
 20
-165758.4053904718
 30
0.0
 11
794086.3783508873
 21
-165765.6829192986
 31
0.0
  0
LINE
  5
3E2
330
3D5
100
AcDbEntity
  8
DOOR_TENT
 60
1
100
AcDbLine
 10
794086.3783508873
 20
-165765.6829192986
 30
0.0
 11
794087.484626826
 21
-165771.015752175
 31
0.0
  0
LINE
  5
3E3
330
3D5
100
AcDbEntity
  8
DOOR_TENT
 60
1
100
AcDbLine
 10
794087.484626826
 20
-165771.015752175
 30
0.0
 11
794088.7406275907
 21
-165774.3911745419
 31
0.0
  0
LINE
  5
3E4
330
3D5
100
AcDbEntity
  8
DOOR_TENT
 60
1
100
AcDbLine
 10
794088.7406275907
 20
-165774.3911745419
 30
0.0
 11
794090.0830196099
 21
-165775.7964718401
 31
0.0
  0
LINE
  5
3E5
330
3D5
100
AcDbEntity
  8
DOOR_TENT
 60
1
100
AcDbLine
 10
794090.0830196099
 20
-165775.7964718401
 30
0.0
 11
794091.4484693125
 21
-165775.2189295102
 31
0.0
  0
LINE
  5
3E6
330
3D5
100
AcDbEntity
  8
DOOR_TENT
 60
1
100
AcDbLine
 10
794091.4484693125
 20
-165775.2189295102
 30
0.0
 11
794092.7736431271
 21
-165772.6458329932
 31
0.0
  0
LINE
  5
3E7
330
3D5
100
AcDbEntity
  8
DOOR_TENT
 60
1
100
AcDbLine
 10
794092.7736431271
 20
-165772.6458329932
 30
0.0
 11
794093.9952074821
 21
-165768.0644677298
 31
0.0
  0
LINE
  5
3E8
330
3D5
100
AcDbEntity
  8
DOOR_TENT
 60
1
100
AcDbLine
 10
794093.9952074821
 20
-165768.0644677298
 30
0.0
 11
794095.0498288063
 21
-165761.4621191608
 31
0.0
  0
LINE
  5
3E9
330
3D5
100
AcDbEntity
  8
DOOR_TENT
 60
1
100
AcDbLine
 10
794095.0498288063
 20
-165761.4621191608
 30
0.0
 11
794095.912257803
 21
-165752.9640874046
 31
0.0
  0
LINE
  5
3EA
330
3D5
100
AcDbEntity
  8
DOOR_TENT
 60
1
100
AcDbLine
 10
794095.912257803
 20
-165752.9640874046
 30
0.0
 11
794096.7095822747
 21
-165743.247731292
 31
0.0
  0
LINE
  5
3EB
330
3D5
100
AcDbEntity
  8
DOOR_TENT
 60
1
100
AcDbLine
 10
794096.7095822747
 20
-165743.247731292
 30
0.0
 11
794097.606974299
 21
-165733.1284243312
 31
0.0
  0
LINE
  5
3EC
330
3D5
100
AcDbEntity
  8
DOOR_TENT
 60
1
100
AcDbLine
 10
794097.606974299
 20
-165733.1284243312
 30
0.0
 11
794098.7696059529
 21
-165723.4215400301
 31
0.0
  0
LINE
  5
3ED
330
3D5
100
AcDbEntity
  8
DOOR_TENT
 60
1
100
AcDbLine
 10
794098.7696059529
 20
-165723.4215400301
 30
0.0
 11
794100.362649314
 21
-165714.9424518974
 31
0.0
  0
LINE
  5
3EE
330
3D5
100
AcDbEntity
  8
DOOR_TENT
 60
1
100
AcDbLine
 10
794100.362649314
 20
-165714.9424518974
 30
0.0
 11
794102.5512764595
 21
-165708.506533441
 31
0.0
  0
LINE
  5
3EF
330
3D5
100
AcDbEntity
  8
DOOR_TENT
 60
1
100
AcDbLine
 10
794102.5512764595
 20
-165708.506533441
 30
0.0
 11
794105.5006594666
 21
-165704.9291581694
 31
0.0
  0
LINE
  5
3F0
330
3D5
100
AcDbEntity
  8
DOOR_TENT
 60
1
100
AcDbLine
 10
794105.5006594666
 20
-165704.9291581694
 30
0.0
 11
794109.3759704131
 21
-165705.0256995909
 31
0.0
  0
LINE
  5
3F1
330
3D5
100
AcDbEntity
  8
DOOR_TENT
 60
1
100
AcDbLine
 10
794114.700044487
 20
-165680.0324547343
 30
0.0
 11
794109.3759704131
 21
-165680.0324547343
 31
0.0
  0
LINE
  5
3F2
330
3D5
100
AcDbEntity
  8
DOOR_TENT
 60
1
100
AcDbLine
 10
794109.3759704131
 20
-165680.0324547343
 30
0.0
 11
794109.3759704131
 21
-165722.6250473269
 31
0.0
  0
LINE
  5
3F3
330
3D5
100
AcDbEntity
  8
DOOR_TENT
 60
1
100
AcDbLine
 10
794109.3759704131
 20
-165722.6250473269
 30
0.0
 11
794114.700044487
 21
-165722.6250473269
 31
0.0
  0
LINE
  5
3F4
330
3D5
100
AcDbEntity
  8
DOOR_TENT
 60
1
100
AcDbLine
 10
794145.0241185612
 20
-165695.3005170555
 30
0.0
 11
794153.3195358751
 21
-165696.6853614872
 31
0.0
  0
LINE
  5
3F5
330
3D5
100
AcDbEntity
  8
DOOR_TENT
 60
1
100
AcDbLine
 10
794153.3195358751
 20
-165696.6853614872
 30
0.0
 11
794159.6018849044
 21
-165701.4443043737
 31
0.0
  0
LINE
  5
3F6
330
3D5
100
AcDbEntity
  8
DOOR_TENT
 60
1
100
AcDbLine
 10
794159.6018849044
 20
-165701.4443043737
 30
0.0
 11
794164.1192622656
 21
-165708.819334308
 31
0.0
  0
LINE
  5
3F7
330
3D5
100
AcDbEntity
  8
DOOR_TENT
 60
1
100
AcDbLine
 10
794164.1192622656
 20
-165708.819334308
 30
0.0
 11
794167.1197645752
 21
-165718.0524398837
 31
0.0
  0
LINE
  5
3F8
330
3D5
100
AcDbEntity
  8
DOOR_TENT
 60
1
100
AcDbLine
 10
794167.1197645752
 20
-165718.0524398837
 30
0.0
 11
794168.8514884495
 21
-165728.3856096946
 31
0.0
  0
LINE
  5
3F9
330
3D5
100
AcDbEntity
  8
DOOR_TENT
 60
1
100
AcDbLine
 10
794168.8514884495
 20
-165728.3856096946
 30
0.0
 11
794169.5625305054
 21
-165739.0608323338
 31
0.0
  0
LINE
  5
3FA
330
3D5
100
AcDbEntity
  8
DOOR_TENT
 60
1
100
AcDbLine
 10
794169.5625305054
 20
-165739.0608323338
 30
0.0
 11
794169.5009873592
 21
-165749.320096395
 31
0.0
  0
LINE
  5
3FB
330
3D5
100
AcDbEntity
  8
DOOR_TENT
 60
1
100
AcDbLine
 10
794169.5009873592
 20
-165749.320096395
 30
0.0
 11
794168.914955628
 21
-165758.4053904718
 31
0.0
  0
LINE
  5
3FC
330
3D5
100
AcDbEntity
  8
DOOR_TENT
 60
1
100
AcDbLine
 10
794168.914955628
 20
-165758.4053904718
 30
0.0
 11
794168.0217380867
 21
-165765.6829192986
 31
0.0
  0
LINE
  5
3FD
330
3D5
100
AcDbEntity
  8
DOOR_TENT
 60
1
100
AcDbLine
 10
794168.0217380867
 20
-165765.6829192986
 30
0.0
 11
794166.9154621483
 21
-165771.015752175
 31
0.0
  0
LINE
  5
3FE
330
3D5
100
AcDbEntity
  8
DOOR_TENT
 60
1
100
AcDbLine
 10
794166.9154621483
 20
-165771.015752175
 30
0.0
 11
794165.6594613836
 21
-165774.3911745419
 31
0.0
  0
LINE
  5
3FF
330
3D5
100
AcDbEntity
  8
DOOR_TENT
 60
1
100
AcDbLine
 10
794165.6594613836
 20
-165774.3911745419
 30
0.0
 11
794164.3170693644
 21
-165775.7964718401
 31
0.0
  0
LINE
  5
400
330
3D5
100
AcDbEntity
  8
DOOR_TENT
 60
1
100
AcDbLine
 10
794164.3170693644
 20
-165775.7964718401
 30
0.0
 11
794162.9516196618
 21
-165775.2189295102
 31
0.0
  0
LINE
  5
401
330
3D5
100
AcDbEntity
  8
DOOR_TENT
 60
1
100
AcDbLine
 10
794162.9516196618
 20
-165775.2189295102
 30
0.0
 11
794161.6264458472
 21
-165772.6458329932
 31
0.0
  0
LINE
  5
402
330
3D5
100
AcDbEntity
  8
DOOR_TENT
 60
1
100
AcDbLine
 10
794161.6264458472
 20
-165772.6458329932
 30
0.0
 11
794160.4048814921
 21
-165768.0644677298
 31
0.0
  0
LINE
  5
403
330
3D5
100
AcDbEntity
  8
DOOR_TENT
 60
1
100
AcDbLine
 10
794160.4048814921
 20
-165768.0644677298
 30
0.0
 11
794159.350260168
 21
-165761.4621191608
 31
0.0
  0
LINE
  5
404
330
3D5
100
AcDbEntity
  8
DOOR_TENT
 60
1
100
AcDbLine
 10
794159.350260168
 20
-165761.4621191608
 30
0.0
 11
794158.4878311713
 21
-165752.9640874046
 31
0.0
  0
LINE
  5
405
330
3D5
100
AcDbEntity
  8
DOOR_TENT
 60
1
100
AcDbLine
 10
794158.4878311713
 20
-165752.9640874046
 30
0.0
 11
794157.6905066994
 21
-165743.247731292
 31
0.0
  0
LINE
  5
406
330
3D5
100
AcDbEntity
  8
DOOR_TENT
 60
1
100
AcDbLine
 10
794157.6905066994
 20
-165743.247731292
 30
0.0
 11
794156.7931146753
 21
-165733.1284243312
 31
0.0
  0
LINE
  5
407
330
3D5
100
AcDbEntity
  8
DOOR_TENT
 60
1
100
AcDbLine
 10
794156.7931146753
 20
-165733.1284243312
 30
0.0
 11
794155.6304830214
 21
-165723.4215400301
 31
0.0
  0
LINE
  5
408
330
3D5
100
AcDbEntity
  8
DOOR_TENT
 60
1
100
AcDbLine
 10
794155.6304830214
 20
-165723.4215400301
 30
0.0
 11
794154.0374396603
 21
-165714.9424518974
 31
0.0
  0
LINE
  5
409
330
3D5
100
AcDbEntity
  8
DOOR_TENT
 60
1
100
AcDbLine
 10
794154.0374396603
 20
-165714.9424518974
 30
0.0
 11
794151.8488125148
 21
-165708.506533441
 31
0.0
  0
LINE
  5
40A
330
3D5
100
AcDbEntity
  8
DOOR_TENT
 60
1
100
AcDbLine
 10
794151.8488125148
 20
-165708.506533441
 30
0.0
 11
794148.8994295074
 21
-165704.9291581694
 31
0.0
  0
LINE
  5
40B
330
3D5
100
AcDbEntity
  8
DOOR_TENT
 60
1
100
AcDbLine
 10
794148.8994295074
 20
-165704.9291581694
 30
0.0
 11
794145.0241185612
 21
-165705.0256995909
 31
0.0
  0
LINE
  5
40C
330
3D5
100
AcDbEntity
  8
DOOR_TENT
 60
1
100
AcDbLine
 10
794139.700044487
 20
-165680.0324547343
 30
0.0
 11
794145.0241185612
 21
-165680.0324547343
 31
0.0
  0
LINE
  5
40D
330
3D5
100
AcDbEntity
  8
DOOR_TENT
 60
1
100
AcDbLine
 10
794145.0241185612
 20
-165680.0324547343
 30
0.0
 11
794145.0241185612
 21
-165722.6250473269
 31
0.0
  0
LINE
  5
40E
330
3D5
100
AcDbEntity
  8
DOOR_TENT
 60
1
100
AcDbLine
 10
794145.0241185612
 20
-165722.6250473269
 30
0.0
 11
794139.700044487
 21
-165722.6250473269
 31
0.0
  0
LINE
  5
40F
330
3D5
100
AcDbEntity
  8
DOOR_TENT
 62
5
 60
1
100
AcDbLine
 10
794089.7000444873
 20
-166626.3287510307
 30
0.0
 11
794139.7000444873
 21
-166626.3287510307
 31
0.0
  0
LINE
  5
410
330
3D5
100
AcDbEntity
  8
DOOR_TENT
 62
5
 60
1
100
AcDbLine
 10
794164.700044487
 20
-166651.3287510307
 30
0.0
 11
794164.700044487
 21
-166676.3287510307
 31
0.0
  0
LINE
  5
411
330
3D5
100
AcDbEntity
  8
DOOR_TENT
 62
5
 60
1
100
AcDbLine
 10
794089.7000444873
 20
-166626.3287510307
 30
0.0
 11
794089.7000444873
 21
-166676.3287510307
 31
0.0
  0
LINE
  5
412
330
3D5
100
AcDbEntity
  8
DOOR_TENT
 62
5
 60
1
100
AcDbLine
 10
794164.7000444873
 20
-166651.3287510307
 30
0.0
 11
794114.7000444873
 21
-166651.3287510307
 31
0.0
  0
LINE
  5
413
330
3D5
100
AcDbEntity
  8
DOOR_TENT
 62
5
 60
1
100
AcDbLine
 10
794114.7000444873
 20
-166651.3287510307
 30
0.0
 11
794114.7000444873
 21
-166626.3287510304
 31
0.0
  0
LINE
  5
414
330
3D5
100
AcDbEntity
  8
DOOR_TENT
  6
HIDDEN
 62
251
 48
2.0
 60
1
420
6513766
100
AcDbLine
 10
795089.700044487
 20
-166676.3287510307
 30
0.0
 11
795089.700044487
 21
-166626.3287510302
 31
0.0
  0
LINE
  5
415
330
3D5
100
AcDbEntity
  8
DOOR_TENT
 62
5
 60
1
100
AcDbLine
 10
794114.700044487
 20
-165676.3287510304
 30
0.0
 11
794139.700044487
 21
-165676.3287510304
 31
0.0
  0
LINE
  5
416
330
3D5
100
AcDbEntity
  8
DOOR_TENT
 62
3
 60
1
100
AcDbLine
 10
794139.700044487
 20
-165726.3287510304
 30
0.0
 11
794139.7000444873
 21
-166576.3287510304
 31
0.0
  0
LINE
  5
417
330
3D5
100
AcDbEntity
  8
DOOR_TENT
 62
3
 60
1
100
AcDbLine
 10
794134.7000444873
 20
-166526.3287510304
 30
0.0
 11
794134.700044487
 21
-165776.3287510304
 31
0.0
  0
LINE
  5
418
330
3D5
100
AcDbEntity
  8
DOOR_TENT
 62
3
 60
1
100
AcDbLine
 10
794119.700044487
 20
-165776.3287510304
 30
0.0
 11
794119.7000444873
 21
-166526.3287510304
 31
0.0
  0
LINE
  5
419
330
3D5
100
AcDbEntity
  8
DOOR_TENT
 62
3
 60
1
100
AcDbLine
 10
794114.7000444873
 20
-166576.3287510304
 30
0.0
 11
794114.700044487
 21
-165726.3287510304
 31
0.0
  0
LINE
  5
41A
330
3D5
100
AcDbEntity
  8
DOOR_TENT
 62
5
 60
1
100
AcDbLine
 10
794139.700044487
 20
-165676.3287510304
 30
0.0
 11
794139.700044487
 21
-165726.3287510304
 31
0.0
  0
LINE
  5
41B
330
3D5
100
AcDbEntity
  8
DOOR_TENT
 62
5
 60
1
100
AcDbLine
 10
794139.700044487
 20
-165726.3287510304
 30
0.0
 11
794134.700044487
 21
-165726.3287510304
 31
0.0
  0
LINE
  5
41C
330
3D5
100
AcDbEntity
  8
DOOR_TENT
 62
5
 60
1
100
AcDbLine
 10
794134.700044487
 20
-165726.3287510304
 30
0.0
 11
794134.700044487
 21
-165776.3287510304
 31
0.0
  0
LINE
  5
41D
330
3D5
100
AcDbEntity
  8
DOOR_TENT
 62
5
 60
1
100
AcDbLine
 10
794134.700044487
 20
-165776.3287510304
 30
0.0
 11
794119.700044487
 21
-165776.3287510304
 31
0.0
  0
LINE
  5
41E
330
3D5
100
AcDbEntity
  8
DOOR_TENT
 62
5
 60
1
100
AcDbLine
 10
794119.700044487
 20
-165776.3287510304
 30
0.0
 11
794119.700044487
 21
-165726.3287510304
 31
0.0
  0
LINE
  5
41F
330
3D5
100
AcDbEntity
  8
DOOR_TENT
 62
5
 60
1
100
AcDbLine
 10
794119.700044487
 20
-165726.3287510304
 30
0.0
 11
794114.700044487
 21
-165726.3287510304
 31
0.0
  0
LINE
  5
420
330
3D5
100
AcDbEntity
  8
DOOR_TENT
 62
5
 60
1
100
AcDbLine
 10
794114.700044487
 20
-165726.3287510304
 30
0.0
 11
794114.700044487
 21
-165676.3287510304
 31
0.0
  0
LINE
  5
421
330
3D5
100
AcDbEntity
  8
DOOR_TENT
 62
5
 60
1
100
AcDbLine
 10
794114.700044487
 20
-165676.3287510304
 30
0.0
 11
794139.700044487
 21
-165676.3287510304
 31
0.0
  0
LINE
  5
422
330
3D5
100
AcDbEntity
  8
DOOR_TENT
 62
5
 60
1
100
AcDbLine
 10
794114.700044487
 20
-165676.3287510304
 30
0.0
 11
794139.700044487
 21
-165676.3287510304
 31
0.0
  0
LINE
  5
423
330
3D5
100
AcDbEntity
  8
DOOR_TENT
 62
5
 60
1
100
AcDbLine
 10
794114.700044487
 20
-165676.3287510304
 30
0.0
 11
794139.700044487
 21
-165676.3287510304
 31
0.0
  0
LINE
  5
424
330
3D5
100
AcDbEntity
  8
DOOR_TENT
 62
5
 60
1
100
AcDbLine
 10
794139.7000444873
 20
-166626.3287510304
 30
0.0
 11
794139.7000444873
 21
-166576.3287510304
 31
0.0
  0
LINE
  5
425
330
3D5
100
AcDbEntity
  8
DOOR_TENT
 62
5
 60
1
100
AcDbLine
 10
794139.7000444873
 20
-166576.3287510304
 30
0.0
 11
794134.7000444873
 21
-166576.3287510304
 31
0.0
  0
LINE
  5
426
330
3D5
100
AcDbEntity
  8
DOOR_TENT
 62
5
 60
1
100
AcDbLine
 10
794134.7000444873
 20
-166576.3287510304
 30
0.0
 11
794134.7000444873
 21
-166526.3287510304
 31
0.0
  0
LINE
  5
427
330
3D5
100
AcDbEntity
  8
DOOR_TENT
 62
5
 60
1
100
AcDbLine
 10
794134.7000444873
 20
-166526.3287510304
 30
0.0
 11
794119.7000444873
 21
-166526.3287510304
 31
0.0
  0
LINE
  5
428
330
3D5
100
AcDbEntity
  8
DOOR_TENT
 62
5
 60
1
100
AcDbLine
 10
794119.7000444873
 20
-166526.3287510304
 30
0.0
 11
794119.7000444873
 21
-166576.3287510304
 31
0.0
  0
LINE
  5
429
330
3D5
100
AcDbEntity
  8
DOOR_TENT
 62
5
 60
1
100
AcDbLine
 10
794119.7000444873
 20
-166576.3287510304
 30
0.0
 11
794114.7000444873
 21
-166576.3287510304
 31
0.0
  0
LINE
  5
42A
330
3D5
100
AcDbEntity
  8
DOOR_TENT
 62
5
 60
1
100
AcDbLine
 10
794114.7000444873
 20
-166576.3287510304
 30
0.0
 11
794114.7000444873
 21
-166626.3287510304
 31
0.0
  0
ARC
  5
42B
330
3D5
100
AcDbEntity
  8
DOOR_TENT
  6
Continuous
 62
251
 48
2.0
 60
1
420
6513766
100
AcDbCircle
 10
794139.8052229822
 20
-166626.2235725359
 30
0.0
 40
949.8948273280283
100
AcDbArc
 50
359.9936558481453
 51
90.00634415185449
  0
LINE
  5
42C
330
3D5
100
AcDbEntity
  8
DOOR_TENT
100
AcDbLine
 10
794109.3759704131
 20
-167632.3569850059
 30
0.0
 11
794101.0805530989
 21
-167630.9721405742
 31
0.0
  0
LINE
  5
42D
330
3D5
100
AcDbEntity
  8
DOOR_TENT
100
AcDbLine
 10
794101.0805530989
 20
-167630.9721405742
 30
0.0
 11
794094.7982040696
 21
-167626.2131976877
 31
0.0
  0
LINE
  5
42E
330
3D5
100
AcDbEntity
  8
DOOR_TENT
100
AcDbLine
 10
794094.7982040696
 20
-167626.2131976877
 30
0.0
 11
794090.2808267087
 21
-167618.8381677534
 31
0.0
  0
LINE
  5
42F
330
3D5
100
AcDbEntity
  8
DOOR_TENT
100
AcDbLine
 10
794090.2808267087
 20
-167618.8381677534
 30
0.0
 11
794087.2803243991
 21
-167609.6050621777
 31
0.0
  0
LINE
  5
430
330
3D5
100
AcDbEntity
  8
DOOR_TENT
100
AcDbLine
 10
794087.2803243991
 20
-167609.6050621777
 30
0.0
 11
794085.5486005248
 21
-167599.2718923668
 31
0.0
  0
LINE
  5
431
330
3D5
100
AcDbEntity
  8
DOOR_TENT
100
AcDbLine
 10
794085.5486005248
 20
-167599.2718923668
 30
0.0
 11
794084.8375584689
 21
-167588.5966697275
 31
0.0
  0
LINE
  5
432
330
3D5
100
AcDbEntity
  8
DOOR_TENT
100
AcDbLine
 10
794084.8375584689
 20
-167588.5966697275
 30
0.0
 11
794084.8991016148
 21
-167578.3374056663
 31
0.0
  0
LINE
  5
433
330
3D5
100
AcDbEntity
  8
DOOR_TENT
100
AcDbLine
 10
794084.8991016148
 20
-167578.3374056663
 30
0.0
 11
794085.4851333463
 21
-167569.2521115896
 31
0.0
  0
LINE
  5
434
330
3D5
100
AcDbEntity
  8
DOOR_TENT
100
AcDbLine
 10
794085.4851333463
 20
-167569.2521115896
 30
0.0
 11
794086.3783508873
 21
-167561.9745827628
 31
0.0
  0
LINE
  5
435
330
3D5
100
AcDbEntity
  8
DOOR_TENT
100
AcDbLine
 10
794086.3783508873
 20
-167561.9745827628
 30
0.0
 11
794087.484626826
 21
-167556.6417498864
 31
0.0
  0
LINE
  5
436
330
3D5
100
AcDbEntity
  8
DOOR_TENT
100
AcDbLine
 10
794087.484626826
 20
-167556.6417498864
 30
0.0
 11
794088.7406275907
 21
-167553.2663275195
 31
0.0
  0
LINE
  5
437
330
3D5
100
AcDbEntity
  8
DOOR_TENT
100
AcDbLine
 10
794088.7406275907
 20
-167553.2663275195
 30
0.0
 11
794090.0830196099
 21
-167551.8610302213
 31
0.0
  0
LINE
  5
438
330
3D5
100
AcDbEntity
  8
DOOR_TENT
100
AcDbLine
 10
794090.0830196099
 20
-167551.8610302213
 30
0.0
 11
794091.4484693125
 21
-167552.4385725512
 31
0.0
  0
LINE
  5
439
330
3D5
100
AcDbEntity
  8
DOOR_TENT
100
AcDbLine
 10
794091.4484693125
 20
-167552.4385725512
 30
0.0
 11
794092.7736431271
 21
-167555.0116690682
 31
0.0
  0
LINE
  5
43A
330
3D5
100
AcDbEntity
  8
DOOR_TENT
100
AcDbLine
 10
794092.7736431271
 20
-167555.0116690682
 30
0.0
 11
794093.9952074821
 21
-167559.5930343315
 31
0.0
  0
LINE
  5
43B
330
3D5
100
AcDbEntity
  8
DOOR_TENT
100
AcDbLine
 10
794093.9952074821
 20
-167559.5930343315
 30
0.0
 11
794095.0498288063
 21
-167566.1953829006
 31
0.0
  0
LINE
  5
43C
330
3D5
100
AcDbEntity
  8
DOOR_TENT
100
AcDbLine
 10
794095.0498288063
 20
-167566.1953829006
 30
0.0
 11
794095.912257803
 21
-167574.6934146567
 31
0.0
  0
LINE
  5
43D
330
3D5
100
AcDbEntity
  8
DOOR_TENT
100
AcDbLine
 10
794095.912257803
 20
-167574.6934146567
 30
0.0
 11
794096.7095822747
 21
-167584.4097707694
 31
0.0
  0
LINE
  5
43E
330
3D5
100
AcDbEntity
  8
DOOR_TENT
100
AcDbLine
 10
794096.7095822747
 20
-167584.4097707694
 30
0.0
 11
794097.606974299
 21
-167594.5290777302
 31
0.0
  0
LINE
  5
43F
330
3D5
100
AcDbEntity
  8
DOOR_TENT
100
AcDbLine
 10
794097.606974299
 20
-167594.5290777302
 30
0.0
 11
794098.7696059529
 21
-167604.2359620312
 31
0.0
  0
LINE
  5
440
330
3D5
100
AcDbEntity
  8
DOOR_TENT
100
AcDbLine
 10
794098.7696059529
 20
-167604.2359620312
 30
0.0
 11
794100.362649314
 21
-167612.715050164
 31
0.0
  0
LINE
  5
441
330
3D5
100
AcDbEntity
  8
DOOR_TENT
100
AcDbLine
 10
794100.362649314
 20
-167612.715050164
 30
0.0
 11
794102.5512764595
 21
-167619.1509686204
 31
0.0
  0
LINE
  5
442
330
3D5
100
AcDbEntity
  8
DOOR_TENT
100
AcDbLine
 10
794102.5512764595
 20
-167619.1509686204
 30
0.0
 11
794105.5006594666
 21
-167622.728343892
 31
0.0
  0
LINE
  5
443
330
3D5
100
AcDbEntity
  8
DOOR_TENT
100
AcDbLine
 10
794105.5006594666
 20
-167622.728343892
 30
0.0
 11
794109.3759704131
 21
-167622.6318024705
 31
0.0
  0
LINE
  5
444
330
3D5
100
AcDbEntity
  8
DOOR_TENT
100
AcDbLine
 10
794114.700044487
 20
-167647.6250473271
 30
0.0
 11
794109.3759704131
 21
-167647.6250473271
 31
0.0
  0
LINE
  5
445
330
3D5
100
AcDbEntity
  8
DOOR_TENT
100
AcDbLine
 10
794109.3759704131
 20
-167647.6250473271
 30
0.0
 11
794109.3759704131
 21
-167605.0324547345
 31
0.0
  0
LINE
  5
446
330
3D5
100
AcDbEntity
  8
DOOR_TENT
100
AcDbLine
 10
794109.3759704131
 20
-167605.0324547345
 30
0.0
 11
794114.700044487
 21
-167605.0324547345
 31
0.0
  0
LINE
  5
447
330
3D5
100
AcDbEntity
  8
DOOR_TENT
100
AcDbLine
 10
794145.0241185612
 20
-167632.3569850059
 30
0.0
 11
794153.3195358751
 21
-167630.9721405742
 31
0.0
  0
LINE
  5
448
330
3D5
100
AcDbEntity
  8
DOOR_TENT
100
AcDbLine
 10
794153.3195358751
 20
-167630.9721405742
 30
0.0
 11
794159.6018849044
 21
-167626.2131976877
 31
0.0
  0
LINE
  5
449
330
3D5
100
AcDbEntity
  8
DOOR_TENT
100
AcDbLine
 10
794159.6018849044
 20
-167626.2131976877
 30
0.0
 11
794164.1192622656
 21
-167618.8381677534
 31
0.0
  0
LINE
  5
44A
330
3D5
100
AcDbEntity
  8
DOOR_TENT
100
AcDbLine
 10
794164.1192622656
 20
-167618.8381677534
 30
0.0
 11
794167.1197645752
 21
-167609.6050621777
 31
0.0
  0
LINE
  5
44B
330
3D5
100
AcDbEntity
  8
DOOR_TENT
100
AcDbLine
 10
794167.1197645752
 20
-167609.6050621777
 30
0.0
 11
794168.8514884495
 21
-167599.2718923668
 31
0.0
  0
LINE
  5
44C
330
3D5
100
AcDbEntity
  8
DOOR_TENT
100
AcDbLine
 10
794168.8514884495
 20
-167599.2718923668
 30
0.0
 11
794169.5625305054
 21
-167588.5966697275
 31
0.0
  0
LINE
  5
44D
330
3D5
100
AcDbEntity
  8
DOOR_TENT
100
AcDbLine
 10
794169.5625305054
 20
-167588.5966697275
 30
0.0
 11
794169.5009873592
 21
-167578.3374056663
 31
0.0
  0
LINE
  5
44E
330
3D5
100
AcDbEntity
  8
DOOR_TENT
100
AcDbLine
 10
794169.5009873592
 20
-167578.3374056663
 30
0.0
 11
794168.914955628
 21
-167569.2521115896
 31
0.0
  0
LINE
  5
44F
330
3D5
100
AcDbEntity
  8
DOOR_TENT
100
AcDbLine
 10
794168.914955628
 20
-167569.2521115896
 30
0.0
 11
794168.0217380867
 21
-167561.9745827628
 31
0.0
  0
LINE
  5
450
330
3D5
100
AcDbEntity
  8
DOOR_TENT
100
AcDbLine
 10
794168.0217380867
 20
-167561.9745827628
 30
0.0
 11
794166.9154621483
 21
-167556.6417498864
 31
0.0
  0
LINE
  5
451
330
3D5
100
AcDbEntity
  8
DOOR_TENT
100
AcDbLine
 10
794166.9154621483
 20
-167556.6417498864
 30
0.0
 11
794165.6594613836
 21
-167553.2663275195
 31
0.0
  0
LINE
  5
452
330
3D5
100
AcDbEntity
  8
DOOR_TENT
100
AcDbLine
 10
794165.6594613836
 20
-167553.2663275195
 30
0.0
 11
794164.3170693644
 21
-167551.8610302213
 31
0.0
  0
LINE
  5
453
330
3D5
100
AcDbEntity
  8
DOOR_TENT
100
AcDbLine
 10
794164.3170693644
 20
-167551.8610302213
 30
0.0
 11
794162.9516196618
 21
-167552.4385725512
 31
0.0
  0
LINE
  5
454
330
3D5
100
AcDbEntity
  8
DOOR_TENT
100
AcDbLine
 10
794162.9516196618
 20
-167552.4385725512
 30
0.0
 11
794161.6264458472
 21
-167555.0116690682
 31
0.0
  0
LINE
  5
455
330
3D5
100
AcDbEntity
  8
DOOR_TENT
100
AcDbLine
 10
794161.6264458472
 20
-167555.0116690682
 30
0.0
 11
794160.4048814921
 21
-167559.5930343315
 31
0.0
  0
LINE
  5
456
330
3D5
100
AcDbEntity
  8
DOOR_TENT
100
AcDbLine
 10
794160.4048814921
 20
-167559.5930343315
 30
0.0
 11
794159.350260168
 21
-167566.1953829006
 31
0.0
  0
LINE
  5
457
330
3D5
100
AcDbEntity
  8
DOOR_TENT
100
AcDbLine
 10
794159.350260168
 20
-167566.1953829006
 30
0.0
 11
794158.4878311713
 21
-167574.6934146567
 31
0.0
  0
LINE
  5
458
330
3D5
100
AcDbEntity
  8
DOOR_TENT
100
AcDbLine
 10
794158.4878311713
 20
-167574.6934146567
 30
0.0
 11
794157.6905066994
 21
-167584.4097707694
 31
0.0
  0
LINE
  5
459
330
3D5
100
AcDbEntity
  8
DOOR_TENT
100
AcDbLine
 10
794157.6905066994
 20
-167584.4097707694
 30
0.0
 11
794156.7931146753
 21
-167594.5290777302
 31
0.0
  0
LINE
  5
45A
330
3D5
100
AcDbEntity
  8
DOOR_TENT
100
AcDbLine
 10
794156.7931146753
 20
-167594.5290777302
 30
0.0
 11
794155.6304830214
 21
-167604.2359620312
 31
0.0
  0
LINE
  5
45B
330
3D5
100
AcDbEntity
  8
DOOR_TENT
100
AcDbLine
 10
794155.6304830214
 20
-167604.2359620312
 30
0.0
 11
794154.0374396603
 21
-167612.715050164
 31
0.0
  0
LINE
  5
45C
330
3D5
100
AcDbEntity
  8
DOOR_TENT
100
AcDbLine
 10
794154.0374396603
 20
-167612.715050164
 30
0.0
 11
794151.8488125148
 21
-167619.1509686204
 31
0.0
  0
LINE
  5
45D
330
3D5
100
AcDbEntity
  8
DOOR_TENT
100
AcDbLine
 10
794151.8488125148
 20
-167619.1509686204
 30
0.0
 11
794148.8994295074
 21
-167622.728343892
 31
0.0
  0
LINE
  5
45E
330
3D5
100
AcDbEntity
  8
DOOR_TENT
100
AcDbLine
 10
794148.8994295074
 20
-167622.728343892
 30
0.0
 11
794145.0241185612
 21
-167622.6318024705
 31
0.0
  0
LINE
  5
45F
330
3D5
100
AcDbEntity
  8
DOOR_TENT
100
AcDbLine
 10
794139.700044487
 20
-167647.6250473271
 30
0.0
 11
794145.0241185612
 21
-167647.6250473271
 31
0.0
  0
LINE
  5
460
330
3D5
100
AcDbEntity
  8
DOOR_TENT
100
AcDbLine
 10
794145.0241185612
 20
-167647.6250473271
 30
0.0
 11
794145.0241185612
 21
-167605.0324547345
 31
0.0
  0
LINE
  5
461
330
3D5
100
AcDbEntity
  8
DOOR_TENT
100
AcDbLine
 10
794145.0241185612
 20
-167605.0324547345
 30
0.0
 11
794139.700044487
 21
-167605.0324547345
 31
0.0
  0
LINE
  5
462
330
3D5
100
AcDbEntity
  8
DOOR_TENT
 62
5
100
AcDbLine
 10
794114.700044487
 20
-167651.3287510309
 30
0.0
 11
794139.700044487
 21
-167651.3287510309
 31
0.0
  0
LINE
  5
463
330
3D5
100
AcDbEntity
  8
DOOR_TENT
 62
3
100
AcDbLine
 10
794139.700044487
 20
-167601.3287510309
 30
0.0
 11
794139.7000444873
 21
-166751.3287510309
 31
0.0
  0
LINE
  5
464
330
3D5
100
AcDbEntity
  8
DOOR_TENT
 62
3
100
AcDbLine
 10
794134.7000444873
 20
-166801.3287510309
 30
0.0
 11
794134.700044487
 21
-167551.3287510309
 31
0.0
  0
LINE
  5
465
330
3D5
100
AcDbEntity
  8
DOOR_TENT
 62
3
100
AcDbLine
 10
794119.700044487
 20
-167551.3287510309
 30
0.0
 11
794119.7000444873
 21
-166801.3287510309
 31
0.0
  0
LINE
  5
466
330
3D5
100
AcDbEntity
  8
DOOR_TENT
 62
3
100
AcDbLine
 10
794114.7000444873
 20
-166751.3287510309
 30
0.0
 11
794114.700044487
 21
-167601.3287510309
 31
0.0
  0
LINE
  5
467
330
3D5
100
AcDbEntity
  8
DOOR_TENT
 62
5
100
AcDbLine
 10
794139.700044487
 20
-167651.3287510309
 30
0.0
 11
794139.700044487
 21
-167601.3287510309
 31
0.0
  0
LINE
  5
468
330
3D5
100
AcDbEntity
  8
DOOR_TENT
 62
5
100
AcDbLine
 10
794139.700044487
 20
-167601.3287510309
 30
0.0
 11
794134.700044487
 21
-167601.3287510309
 31
0.0
  0
LINE
  5
469
330
3D5
100
AcDbEntity
  8
DOOR_TENT
 62
5
100
AcDbLine
 10
794134.700044487
 20
-167601.3287510309
 30
0.0
 11
794134.700044487
 21
-167551.3287510309
 31
0.0
  0
LINE
  5
46A
330
3D5
100
AcDbEntity
  8
DOOR_TENT
 62
5
100
AcDbLine
 10
794134.700044487
 20
-167551.3287510309
 30
0.0
 11
794119.700044487
 21
-167551.3287510309
 31
0.0
  0
LINE
  5
46B
330
3D5
100
AcDbEntity
  8
DOOR_TENT
 62
5
100
AcDbLine
 10
794119.700044487
 20
-167551.3287510309
 30
0.0
 11
794119.700044487
 21
-167601.3287510309
 31
0.0
  0
LINE
  5
46C
330
3D5
100
AcDbEntity
  8
DOOR_TENT
 62
5
100
AcDbLine
 10
794119.700044487
 20
-167601.3287510309
 30
0.0
 11
794114.700044487
 21
-167601.3287510309
 31
0.0
  0
LINE
  5
46D
330
3D5
100
AcDbEntity
  8
DOOR_TENT
 62
5
100
AcDbLine
 10
794114.700044487
 20
-167601.3287510309
 30
0.0
 11
794114.700044487
 21
-167651.3287510309
 31
0.0
  0
LINE
  5
46E
330
3D5
100
AcDbEntity
  8
DOOR_TENT
 62
5
100
AcDbLine
 10
794114.700044487
 20
-167651.3287510309
 30
0.0
 11
794139.700044487
 21
-167651.3287510309
 31
0.0
  0
LINE
  5
46F
330
3D5
100
AcDbEntity
  8
DOOR_TENT
 62
5
100
AcDbLine
 10
794114.700044487
 20
-167651.3287510309
 30
0.0
 11
794139.700044487
 21
-167651.3287510309
 31
0.0
  0
LINE
  5
470
330
3D5
100
AcDbEntity
  8
DOOR_TENT
 62
5
100
AcDbLine
 10
794114.700044487
 20
-167651.3287510309
 30
0.0
 11
794139.700044487
 21
-167651.3287510309
 31
0.0
  0
LINE
  5
471
330
3D5
100
AcDbEntity
  8
DOOR_TENT
 62
5
100
AcDbLine
 10
794139.7000444873
 20
-166701.3287510309
 30
0.0
 11
794139.7000444873
 21
-166751.3287510309
 31
0.0
  0
LINE
  5
472
330
3D5
100
AcDbEntity
  8
DOOR_TENT
 62
5
100
AcDbLine
 10
794139.7000444873
 20
-166751.3287510309
 30
0.0
 11
794134.7000444873
 21
-166751.3287510309
 31
0.0
  0
LINE
  5
473
330
3D5
100
AcDbEntity
  8
DOOR_TENT
 62
5
100
AcDbLine
 10
794134.7000444873
 20
-166751.3287510309
 30
0.0
 11
794134.7000444873
 21
-166801.3287510309
 31
0.0
  0
LINE
  5
474
330
3D5
100
AcDbEntity
  8
DOOR_TENT
 62
5
100
AcDbLine
 10
794134.7000444873
 20
-166801.3287510309
 30
0.0
 11
794119.7000444873
 21
-166801.3287510309
 31
0.0
  0
LINE
  5
475
330
3D5
100
AcDbEntity
  8
DOOR_TENT
 62
5
100
AcDbLine
 10
794119.7000444873
 20
-166801.3287510309
 30
0.0
 11
794119.7000444873
 21
-166751.3287510309
 31
0.0
  0
LINE
  5
476
330
3D5
100
AcDbEntity
  8
DOOR_TENT
 62
5
100
AcDbLine
 10
794119.7000444873
 20
-166751.3287510309
 30
0.0
 11
794114.7000444873
 21
-166751.3287510309
 31
0.0
  0
LINE
  5
477
330
3D5
100
AcDbEntity
  8
DOOR_TENT
 62
5
100
AcDbLine
 10
794114.7000444873
 20
-166751.3287510309
 30
0.0
 11
794114.7000444873
 21
-166701.3287510309
 31
0.0
  0
ARC
  5
478
330
3D5
100
AcDbEntity
  8
DOOR_TENT
  6
Continuous
 62
251
 48
2.0
420
6513766
100
AcDbCircle
 10
794139.8052229822
 20
-166701.4339295255
 30
0.0
 40
949.8948273280283
100
AcDbArc
 50
269.9936558481456
 51
0.0063441518544211
  0
LINE
  5
479
330
3D5
100
AcDbEntity
  8
DOOR_TENT
100
AcDbLine
 10
796070.0241185607
 20
-167632.3569850059
 30
0.0
 11
796078.3195358749
 21
-167630.9721405742
 31
0.0
  0
LINE
  5
47A
330
3D5
100
AcDbEntity
  8
DOOR_TENT
100
AcDbLine
 10
796078.3195358749
 20
-167630.9721405742
 30
0.0
 11
796084.6018849042
 21
-167626.2131976877
 31
0.0
  0
LINE
  5
47B
330
3D5
100
AcDbEntity
  8
DOOR_TENT
100
AcDbLine
 10
796084.6018849042
 20
-167626.2131976877
 30
0.0
 11
796089.1192622652
 21
-167618.8381677534
 31
0.0
  0
LINE
  5
47C
330
3D5
100
AcDbEntity
  8
DOOR_TENT
100
AcDbLine
 10
796089.1192622652
 20
-167618.8381677534
 30
0.0
 11
796092.1197645747
 21
-167609.6050621777
 31
0.0
  0
LINE
  5
47D
330
3D5
100
AcDbEntity
  8
DOOR_TENT
100
AcDbLine
 10
796092.1197645747
 20
-167609.6050621777
 30
0.0
 11
796093.851488449
 21
-167599.2718923668
 31
0.0
  0
LINE
  5
47E
330
3D5
100
AcDbEntity
  8
DOOR_TENT
100
AcDbLine
 10
796093.851488449
 20
-167599.2718923668
 30
0.0
 11
796094.5625305051
 21
-167588.5966697275
 31
0.0
  0
LINE
  5
47F
330
3D5
100
AcDbEntity
  8
DOOR_TENT
100
AcDbLine
 10
796094.5625305051
 20
-167588.5966697275
 30
0.0
 11
796094.500987359
 21
-167578.3374056663
 31
0.0
  0
LINE
  5
480
330
3D5
100
AcDbEntity
  8
DOOR_TENT
100
AcDbLine
 10
796094.500987359
 20
-167578.3374056663
 30
0.0
 11
796093.9149556275
 21
-167569.2521115896
 31
0.0
  0
LINE
  5
481
330
3D5
100
AcDbEntity
  8
DOOR_TENT
100
AcDbLine
 10
796093.9149556275
 20
-167569.2521115896
 30
0.0
 11
796093.0217380865
 21
-167561.9745827628
 31
0.0
  0
LINE
  5
482
330
3D5
100
AcDbEntity
  8
DOOR_TENT
100
AcDbLine
 10
796093.0217380865
 20
-167561.9745827628
 30
0.0
 11
796091.9154621478
 21
-167556.6417498864
 31
0.0
  0
LINE
  5
483
330
3D5
100
AcDbEntity
  8
DOOR_TENT
100
AcDbLine
 10
796091.9154621478
 20
-167556.6417498864
 30
0.0
 11
796090.6594613831
 21
-167553.2663275195
 31
0.0
  0
LINE
  5
484
330
3D5
100
AcDbEntity
  8
DOOR_TENT
100
AcDbLine
 10
796090.6594613831
 20
-167553.2663275195
 30
0.0
 11
796089.3170693639
 21
-167551.8610302213
 31
0.0
  0
LINE
  5
485
330
3D5
100
AcDbEntity
  8
DOOR_TENT
100
AcDbLine
 10
796089.3170693639
 20
-167551.8610302213
 30
0.0
 11
796087.9516196613
 21
-167552.4385725512
 31
0.0
  0
LINE
  5
486
330
3D5
100
AcDbEntity
  8
DOOR_TENT
100
AcDbLine
 10
796087.9516196613
 20
-167552.4385725512
 30
0.0
 11
796086.6264458467
 21
-167555.0116690682
 31
0.0
  0
LINE
  5
487
330
3D5
100
AcDbEntity
  8
DOOR_TENT
100
AcDbLine
 10
796086.6264458467
 20
-167555.0116690682
 30
0.0
 11
796085.4048814919
 21
-167559.5930343315
 31
0.0
  0
LINE
  5
488
330
3D5
100
AcDbEntity
  8
DOOR_TENT
100
AcDbLine
 10
796085.4048814919
 20
-167559.5930343315
 30
0.0
 11
796084.3502601677
 21
-167566.1953829006
 31
0.0
  0
LINE
  5
489
330
3D5
100
AcDbEntity
  8
DOOR_TENT
100
AcDbLine
 10
796084.3502601677
 20
-167566.1953829006
 30
0.0
 11
796083.487831171
 21
-167574.6934146567
 31
0.0
  0
LINE
  5
48A
330
3D5
100
AcDbEntity
  8
DOOR_TENT
100
AcDbLine
 10
796083.487831171
 20
-167574.6934146567
 30
0.0
 11
796082.6905066991
 21
-167584.4097707694
 31
0.0
  0
LINE
  5
48B
330
3D5
100
AcDbEntity
  8
DOOR_TENT
100
AcDbLine
 10
796082.6905066991
 20
-167584.4097707694
 30
0.0
 11
796081.7931146749
 21
-167594.5290777302
 31
0.0
  0
LINE
  5
48C
330
3D5
100
AcDbEntity
  8
DOOR_TENT
100
AcDbLine
 10
796081.7931146749
 20
-167594.5290777302
 30
0.0
 11
796080.6304830209
 21
-167604.2359620312
 31
0.0
  0
LINE
  5
48D
330
3D5
100
AcDbEntity
  8
DOOR_TENT
100
AcDbLine
 10
796080.6304830209
 20
-167604.2359620312
 30
0.0
 11
796079.0374396598
 21
-167612.715050164
 31
0.0
  0
LINE
  5
48E
330
3D5
100
AcDbEntity
  8
DOOR_TENT
100
AcDbLine
 10
796079.0374396598
 20
-167612.715050164
 30
0.0
 11
796076.8488125143
 21
-167619.1509686204
 31
0.0
  0
LINE
  5
48F
330
3D5
100
AcDbEntity
  8
DOOR_TENT
100
AcDbLine
 10
796076.8488125143
 20
-167619.1509686204
 30
0.0
 11
796073.8994295072
 21
-167622.728343892
 31
0.0
  0
LINE
  5
490
330
3D5
100
AcDbEntity
  8
DOOR_TENT
100
AcDbLine
 10
796073.8994295072
 20
-167622.728343892
 30
0.0
 11
796070.0241185607
 21
-167622.6318024705
 31
0.0
  0
LINE
  5
491
330
3D5
100
AcDbEntity
  8
DOOR_TENT
100
AcDbLine
 10
796064.7000444868
 20
-167647.6250473271
 30
0.0
 11
796070.0241185607
 21
-167647.6250473271
 31
0.0
  0
LINE
  5
492
330
3D5
100
AcDbEntity
  8
DOOR_TENT
100
AcDbLine
 10
796070.0241185607
 20
-167647.6250473271
 30
0.0
 11
796070.0241185607
 21
-167605.0324547345
 31
0.0
  0
LINE
  5
493
330
3D5
100
AcDbEntity
  8
DOOR_TENT
100
AcDbLine
 10
796070.0241185607
 20
-167605.0324547345
 30
0.0
 11
796064.7000444868
 21
-167605.0324547345
 31
0.0
  0
LINE
  5
494
330
3D5
100
AcDbEntity
  8
DOOR_TENT
100
AcDbLine
 10
796034.3759704126
 20
-167632.3569850059
 30
0.0
 11
796026.0805530987
 21
-167630.9721405742
 31
0.0
  0
LINE
  5
495
330
3D5
100
AcDbEntity
  8
DOOR_TENT
100
AcDbLine
 10
796026.0805530987
 20
-167630.9721405742
 30
0.0
 11
796019.7982040694
 21
-167626.2131976877
 31
0.0
  0
LINE
  5
496
330
3D5
100
AcDbEntity
  8
DOOR_TENT
100
AcDbLine
 10
796019.7982040694
 20
-167626.2131976877
 30
0.0
 11
796015.2808267082
 21
-167618.8381677534
 31
0.0
  0
LINE
  5
497
330
3D5
100
AcDbEntity
  8
DOOR_TENT
100
AcDbLine
 10
796015.2808267082
 20
-167618.8381677534
 30
0.0
 11
796012.2803243989
 21
-167609.6050621777
 31
0.0
  0
LINE
  5
498
330
3D5
100
AcDbEntity
  8
DOOR_TENT
100
AcDbLine
 10
796012.2803243989
 20
-167609.6050621777
 30
0.0
 11
796010.5486005243
 21
-167599.2718923668
 31
0.0
  0
LINE
  5
499
330
3D5
100
AcDbEntity
  8
DOOR_TENT
100
AcDbLine
 10
796010.5486005243
 20
-167599.2718923668
 30
0.0
 11
796009.8375584685
 21
-167588.5966697275
 31
0.0
  0
LINE
  5
49A
330
3D5
100
AcDbEntity
  8
DOOR_TENT
100
AcDbLine
 10
796009.8375584685
 20
-167588.5966697275
 30
0.0
 11
796009.8991016146
 21
-167578.3374056663
 31
0.0
  0
LINE
  5
49B
330
3D5
100
AcDbEntity
  8
DOOR_TENT
100
AcDbLine
 10
796009.8991016146
 20
-167578.3374056663
 30
0.0
 11
796010.485133346
 21
-167569.2521115896
 31
0.0
  0
LINE
  5
49C
330
3D5
100
AcDbEntity
  8
DOOR_TENT
100
AcDbLine
 10
796010.485133346
 20
-167569.2521115896
 30
0.0
 11
796011.3783508871
 21
-167561.9745827628
 31
0.0
  0
LINE
  5
49D
330
3D5
100
AcDbEntity
  8
DOOR_TENT
100
AcDbLine
 10
796011.3783508871
 20
-167561.9745827628
 30
0.0
 11
796012.4846268255
 21
-167556.6417498864
 31
0.0
  0
LINE
  5
49E
330
3D5
100
AcDbEntity
  8
DOOR_TENT
100
AcDbLine
 10
796012.4846268255
 20
-167556.6417498864
 30
0.0
 11
796013.7406275902
 21
-167553.2663275195
 31
0.0
  0
LINE
  5
49F
330
3D5
100
AcDbEntity
  8
DOOR_TENT
100
AcDbLine
 10
796013.7406275902
 20
-167553.2663275195
 30
0.0
 11
796015.0830196097
 21
-167551.8610302213
 31
0.0
  0
LINE
  5
4A0
330
3D5
100
AcDbEntity
  8
DOOR_TENT
100
AcDbLine
 10
796015.0830196097
 20
-167551.8610302213
 30
0.0
 11
796016.448469312
 21
-167552.4385725512
 31
0.0
  0
LINE
  5
4A1
330
3D5
100
AcDbEntity
  8
DOOR_TENT
100
AcDbLine
 10
796016.448469312
 20
-167552.4385725512
 30
0.0
 11
796017.7736431266
 21
-167555.0116690682
 31
0.0
  0
LINE
  5
4A2
330
3D5
100
AcDbEntity
  8
DOOR_TENT
100
AcDbLine
 10
796017.7736431266
 20
-167555.0116690682
 30
0.0
 11
796018.9952074817
 21
-167559.5930343315
 31
0.0
  0
LINE
  5
4A3
330
3D5
100
AcDbEntity
  8
DOOR_TENT
100
AcDbLine
 10
796018.9952074817
 20
-167559.5930343315
 30
0.0
 11
796020.0498288058
 21
-167566.1953829006
 31
0.0
  0
LINE
  5
4A4
330
3D5
100
AcDbEntity
  8
DOOR_TENT
100
AcDbLine
 10
796020.0498288058
 20
-167566.1953829006
 30
0.0
 11
796020.9122578026
 21
-167574.6934146567
 31
0.0
  0
LINE
  5
4A5
330
3D5
100
AcDbEntity
  8
DOOR_TENT
100
AcDbLine
 10
796020.9122578026
 20
-167574.6934146567
 30
0.0
 11
796021.7095822744
 21
-167584.4097707694
 31
0.0
  0
LINE
  5
4A6
330
3D5
100
AcDbEntity
  8
DOOR_TENT
100
AcDbLine
 10
796021.7095822744
 20
-167584.4097707694
 30
0.0
 11
796022.6069742985
 21
-167594.5290777302
 31
0.0
  0
LINE
  5
4A7
330
3D5
100
AcDbEntity
  8
DOOR_TENT
100
AcDbLine
 10
796022.6069742985
 20
-167594.5290777302
 30
0.0
 11
796023.7696059527
 21
-167604.2359620312
 31
0.0
  0
LINE
  5
4A8
330
3D5
100
AcDbEntity
  8
DOOR_TENT
100
AcDbLine
 10
796023.7696059527
 20
-167604.2359620312
 30
0.0
 11
796025.3626493135
 21
-167612.715050164
 31
0.0
  0
LINE
  5
4A9
330
3D5
100
AcDbEntity
  8
DOOR_TENT
100
AcDbLine
 10
796025.3626493135
 20
-167612.715050164
 30
0.0
 11
796027.551276459
 21
-167619.1509686204
 31
0.0
  0
LINE
  5
4AA
330
3D5
100
AcDbEntity
  8
DOOR_TENT
100
AcDbLine
 10
796027.551276459
 20
-167619.1509686204
 30
0.0
 11
796030.5006594664
 21
-167622.728343892
 31
0.0
  0
LINE
  5
4AB
330
3D5
100
AcDbEntity
  8
DOOR_TENT
100
AcDbLine
 10
796030.5006594664
 20
-167622.728343892
 30
0.0
 11
796034.3759704126
 21
-167622.6318024705
 31
0.0
  0
LINE
  5
4AC
330
3D5
100
AcDbEntity
  8
DOOR_TENT
100
AcDbLine
 10
796039.7000444868
 20
-167647.6250473271
 30
0.0
 11
796034.3759704126
 21
-167647.6250473271
 31
0.0
  0
LINE
  5
4AD
330
3D5
100
AcDbEntity
  8
DOOR_TENT
100
AcDbLine
 10
796034.3759704126
 20
-167647.6250473271
 30
0.0
 11
796034.3759704126
 21
-167605.0324547345
 31
0.0
  0
LINE
  5
4AE
330
3D5
100
AcDbEntity
  8
DOOR_TENT
100
AcDbLine
 10
796034.3759704126
 20
-167605.0324547345
 30
0.0
 11
796039.7000444868
 21
-167605.0324547345
 31
0.0
  0
LINE
  5
4AF
330
3D5
100
AcDbEntity
  8
DOOR_TENT
 62
5
100
AcDbLine
 10
796064.7000444868
 20
-167651.3287510309
 30
0.0
 11
796039.7000444868
 21
-167651.3287510309
 31
0.0
  0
LINE
  5
4B0
330
3D5
100
AcDbEntity
  8
DOOR_TENT
 62
3
100
AcDbLine
 10
796039.7000444868
 20
-167601.3287510309
 30
0.0
 11
796039.7000444868
 21
-166751.3287510309
 31
0.0
  0
LINE
  5
4B1
330
3D5
100
AcDbEntity
  8
DOOR_TENT
 62
3
100
AcDbLine
 10
796044.7000444868
 20
-166801.3287510309
 30
0.0
 11
796044.7000444868
 21
-167551.3287510309
 31
0.0
  0
LINE
  5
4B2
330
3D5
100
AcDbEntity
  8
DOOR_TENT
 62
3
100
AcDbLine
 10
796059.7000444868
 20
-167551.3287510309
 30
0.0
 11
796059.7000444868
 21
-166801.3287510309
 31
0.0
  0
LINE
  5
4B3
330
3D5
100
AcDbEntity
  8
DOOR_TENT
 62
3
100
AcDbLine
 10
796064.7000444868
 20
-166751.3287510309
 30
0.0
 11
796064.7000444868
 21
-167601.3287510309
 31
0.0
  0
LINE
  5
4B4
330
3D5
100
AcDbEntity
  8
DOOR_TENT
 62
5
100
AcDbLine
 10
796039.7000444868
 20
-167651.3287510309
 30
0.0
 11
796039.7000444868
 21
-167601.3287510309
 31
0.0
  0
LINE
  5
4B5
330
3D5
100
AcDbEntity
  8
DOOR_TENT
 62
5
100
AcDbLine
 10
796039.7000444868
 20
-167601.3287510309
 30
0.0
 11
796044.7000444868
 21
-167601.3287510309
 31
0.0
  0
LINE
  5
4B6
330
3D5
100
AcDbEntity
  8
DOOR_TENT
 62
5
100
AcDbLine
 10
796044.7000444868
 20
-167601.3287510309
 30
0.0
 11
796044.7000444868
 21
-167551.3287510309
 31
0.0
  0
LINE
  5
4B7
330
3D5
100
AcDbEntity
  8
DOOR_TENT
 62
5
100
AcDbLine
 10
796044.7000444868
 20
-167551.3287510309
 30
0.0
 11
796059.7000444868
 21
-167551.3287510309
 31
0.0
  0
LINE
  5
4B8
330
3D5
100
AcDbEntity
  8
DOOR_TENT
 62
5
100
AcDbLine
 10
796059.7000444868
 20
-167551.3287510309
 30
0.0
 11
796059.7000444868
 21
-167601.3287510309
 31
0.0
  0
LINE
  5
4B9
330
3D5
100
AcDbEntity
  8
DOOR_TENT
 62
5
100
AcDbLine
 10
796059.7000444868
 20
-167601.3287510309
 30
0.0
 11
796064.7000444868
 21
-167601.3287510309
 31
0.0
  0
LINE
  5
4BA
330
3D5
100
AcDbEntity
  8
DOOR_TENT
 62
5
100
AcDbLine
 10
796064.7000444868
 20
-167601.3287510309
 30
0.0
 11
796064.7000444868
 21
-167651.3287510309
 31
0.0
  0
LINE
  5
4BB
330
3D5
100
AcDbEntity
  8
DOOR_TENT
 62
5
100
AcDbLine
 10
796064.7000444868
 20
-167651.3287510309
 30
0.0
 11
796039.7000444868
 21
-167651.3287510309
 31
0.0
  0
LINE
  5
4BC
330
3D5
100
AcDbEntity
  8
DOOR_TENT
 62
5
100
AcDbLine
 10
796064.7000444868
 20
-167651.3287510309
 30
0.0
 11
796039.7000444868
 21
-167651.3287510309
 31
0.0
  0
LINE
  5
4BD
330
3D5
100
AcDbEntity
  8
DOOR_TENT
 62
5
100
AcDbLine
 10
796064.7000444868
 20
-167651.3287510309
 30
0.0
 11
796039.7000444868
 21
-167651.3287510309
 31
0.0
  0
LINE
  5
4BE
330
3D5
100
AcDbEntity
  8
DOOR_TENT
 62
5
100
AcDbLine
 10
796039.7000444868
 20
-166701.3287510309
 30
0.0
 11
796039.7000444868
 21
-166751.3287510309
 31
0.0
  0
LINE
  5
4BF
330
3D5
100
AcDbEntity
  8
DOOR_TENT
 62
5
100
AcDbLine
 10
796039.7000444868
 20
-166751.3287510309
 30
0.0
 11
796044.7000444868
 21
-166751.3287510309
 31
0.0
  0
LINE
  5
4C0
330
3D5
100
AcDbEntity
  8
DOOR_TENT
 62
5
100
AcDbLine
 10
796044.7000444868
 20
-166751.3287510309
 30
0.0
 11
796044.7000444868
 21
-166801.3287510309
 31
0.0
  0
LINE
  5
4C1
330
3D5
100
AcDbEntity
  8
DOOR_TENT
 62
5
100
AcDbLine
 10
796044.7000444868
 20
-166801.3287510309
 30
0.0
 11
796059.7000444868
 21
-166801.3287510309
 31
0.0
  0
LINE
  5
4C2
330
3D5
100
AcDbEntity
  8
DOOR_TENT
 62
5
100
AcDbLine
 10
796059.7000444868
 20
-166801.3287510309
 30
0.0
 11
796059.7000444868
 21
-166751.3287510309
 31
0.0
  0
LINE
  5
4C3
330
3D5
100
AcDbEntity
  8
DOOR_TENT
 62
5
100
AcDbLine
 10
796059.7000444868
 20
-166751.3287510309
 30
0.0
 11
796064.7000444868
 21
-166751.3287510309
 31
0.0
  0
LINE
  5
4C4
330
3D5
100
AcDbEntity
  8
DOOR_TENT
 62
5
100
AcDbLine
 10
796064.7000444868
 20
-166751.3287510309
 30
0.0
 11
796064.7000444868
 21
-166701.3287510309
 31
0.0
  0
ARC
  5
4C5
330
3D5
100
AcDbEntity
  8
DOOR_TENT
 62
251
 48
2.0
420
6513766
100
AcDbCircle
 10
796039.5948659919
 20
-166701.4339295255
 30
0.0
 40
949.8948273280286
100
AcDbArc
 50
179.9936558448105
 51
270.0063441518544
  0
LINE
  5
4C6
330
3D5
100
AcDbEntity
  8
DOOR_TENT
100
AcDbLine
 10
794109.3759704133
 20
-167632.3569850059
 30
0.0
 11
794101.0805530992
 21
-167630.9721405742
 31
0.0
  0
LINE
  5
4C7
330
3D5
100
AcDbEntity
  8
DOOR_TENT
100
AcDbLine
 10
794101.0805530992
 20
-167630.9721405742
 30
0.0
 11
794094.7982040698
 21
-167626.2131976877
 31
0.0
  0
LINE
  5
4C8
330
3D5
100
AcDbEntity
  8
DOOR_TENT
100
AcDbLine
 10
794094.7982040698
 20
-167626.2131976877
 30
0.0
 11
794090.2808267089
 21
-167618.8381677534
 31
0.0
  0
LINE
  5
4C9
330
3D5
100
AcDbEntity
  8
DOOR_TENT
100
AcDbLine
 10
794090.2808267089
 20
-167618.8381677534
 30
0.0
 11
794087.2803243994
 21
-167609.6050621777
 31
0.0
  0
LINE
  5
4CA
330
3D5
100
AcDbEntity
  8
DOOR_TENT
100
AcDbLine
 10
794087.2803243994
 20
-167609.6050621777
 30
0.0
 11
794085.548600525
 21
-167599.2718923668
 31
0.0
  0
LINE
  5
4CB
330
3D5
100
AcDbEntity
  8
DOOR_TENT
100
AcDbLine
 10
794085.548600525
 20
-167599.2718923668
 30
0.0
 11
794084.8375584689
 21
-167588.5966697275
 31
0.0
  0
LINE
  5
4CC
330
3D5
100
AcDbEntity
  8
DOOR_TENT
100
AcDbLine
 10
794084.8375584689
 20
-167588.5966697275
 30
0.0
 11
794084.8991016151
 21
-167578.3374056663
 31
0.0
  0
LINE
  5
4CD
330
3D5
100
AcDbEntity
  8
DOOR_TENT
100
AcDbLine
 10
794084.8991016151
 20
-167578.3374056663
 30
0.0
 11
794085.4851333465
 21
-167569.2521115896
 31
0.0
  0
LINE
  5
4CE
330
3D5
100
AcDbEntity
  8
DOOR_TENT
100
AcDbLine
 10
794085.4851333465
 20
-167569.2521115896
 30
0.0
 11
794086.3783508876
 21
-167561.9745827628
 31
0.0
  0
LINE
  5
4CF
330
3D5
100
AcDbEntity
  8
DOOR_TENT
100
AcDbLine
 10
794086.3783508876
 20
-167561.9745827628
 30
0.0
 11
794087.4846268262
 21
-167556.6417498864
 31
0.0
  0
LINE
  5
4D0
330
3D5
100
AcDbEntity
  8
DOOR_TENT
100
AcDbLine
 10
794087.4846268262
 20
-167556.6417498864
 30
0.0
 11
794088.7406275909
 21
-167553.2663275195
 31
0.0
  0
LINE
  5
4D1
330
3D5
100
AcDbEntity
  8
DOOR_TENT
100
AcDbLine
 10
794088.7406275909
 20
-167553.2663275195
 30
0.0
 11
794090.0830196101
 21
-167551.8610302213
 31
0.0
  0
LINE
  5
4D2
330
3D5
100
AcDbEntity
  8
DOOR_TENT
100
AcDbLine
 10
794090.0830196101
 20
-167551.8610302213
 30
0.0
 11
794091.4484693127
 21
-167552.4385725512
 31
0.0
  0
LINE
  5
4D3
330
3D5
100
AcDbEntity
  8
DOOR_TENT
100
AcDbLine
 10
794091.4484693127
 20
-167552.4385725512
 30
0.0
 11
794092.7736431273
 21
-167555.0116690682
 31
0.0
  0
LINE
  5
4D4
330
3D5
100
AcDbEntity
  8
DOOR_TENT
100
AcDbLine
 10
794092.7736431273
 20
-167555.0116690682
 30
0.0
 11
794093.9952074821
 21
-167559.5930343315
 31
0.0
  0
LINE
  5
4D5
330
3D5
100
AcDbEntity
  8
DOOR_TENT
100
AcDbLine
 10
794093.9952074821
 20
-167559.5930343315
 30
0.0
 11
794095.0498288063
 21
-167566.1953829006
 31
0.0
  0
LINE
  5
4D6
330
3D5
100
AcDbEntity
  8
DOOR_TENT
100
AcDbLine
 10
794095.0498288063
 20
-167566.1953829006
 30
0.0
 11
794095.912257803
 21
-167574.6934146567
 31
0.0
  0
LINE
  5
4D7
330
3D5
100
AcDbEntity
  8
DOOR_TENT
100
AcDbLine
 10
794095.912257803
 20
-167574.6934146567
 30
0.0
 11
794096.7095822749
 21
-167584.4097707694
 31
0.0
  0
LINE
  5
4D8
330
3D5
100
AcDbEntity
  8
DOOR_TENT
100
AcDbLine
 10
794096.7095822749
 20
-167584.4097707694
 30
0.0
 11
794097.6069742992
 21
-167594.5290777302
 31
0.0
  0
LINE
  5
4D9
330
3D5
100
AcDbEntity
  8
DOOR_TENT
100
AcDbLine
 10
794097.6069742992
 20
-167594.5290777302
 30
0.0
 11
794098.7696059531
 21
-167604.2359620312
 31
0.0
  0
LINE
  5
4DA
330
3D5
100
AcDbEntity
  8
DOOR_TENT
100
AcDbLine
 10
794098.7696059531
 20
-167604.2359620312
 30
0.0
 11
794100.3626493142
 21
-167612.715050164
 31
0.0
  0
LINE
  5
4DB
330
3D5
100
AcDbEntity
  8
DOOR_TENT
100
AcDbLine
 10
794100.3626493142
 20
-167612.715050164
 30
0.0
 11
794102.5512764597
 21
-167619.1509686204
 31
0.0
  0
LINE
  5
4DC
330
3D5
100
AcDbEntity
  8
DOOR_TENT
100
AcDbLine
 10
794102.5512764597
 20
-167619.1509686204
 30
0.0
 11
794105.5006594668
 21
-167622.728343892
 31
0.0
  0
LINE
  5
4DD
330
3D5
100
AcDbEntity
  8
DOOR_TENT
100
AcDbLine
 10
794105.5006594668
 20
-167622.728343892
 30
0.0
 11
794109.3759704133
 21
-167622.6318024705
 31
0.0
  0
LINE
  5
4DE
330
3D5
100
AcDbEntity
  8
DOOR_TENT
100
AcDbLine
 10
794114.7000444873
 20
-167647.6250473271
 30
0.0
 11
794109.3759704133
 21
-167647.6250473271
 31
0.0
  0
LINE
  5
4DF
330
3D5
100
AcDbEntity
  8
DOOR_TENT
100
AcDbLine
 10
794109.3759704133
 20
-167647.6250473271
 30
0.0
 11
794109.3759704133
 21
-167605.0324547345
 31
0.0
  0
LINE
  5
4E0
330
3D5
100
AcDbEntity
  8
DOOR_TENT
100
AcDbLine
 10
794109.3759704133
 20
-167605.0324547345
 30
0.0
 11
794114.7000444873
 21
-167605.0324547345
 31
0.0
  0
LINE
  5
4E1
330
3D5
100
AcDbEntity
  8
DOOR_TENT
100
AcDbLine
 10
794145.0241185614
 20
-167632.3569850059
 30
0.0
 11
794153.3195358753
 21
-167630.9721405742
 31
0.0
  0
LINE
  5
4E2
330
3D5
100
AcDbEntity
  8
DOOR_TENT
100
AcDbLine
 10
794153.3195358753
 20
-167630.9721405742
 30
0.0
 11
794159.6018849047
 21
-167626.2131976877
 31
0.0
  0
LINE
  5
4E3
330
3D5
100
AcDbEntity
  8
DOOR_TENT
100
AcDbLine
 10
794159.6018849047
 20
-167626.2131976877
 30
0.0
 11
794164.1192622659
 21
-167618.8381677534
 31
0.0
  0
LINE
  5
4E4
330
3D5
100
AcDbEntity
  8
DOOR_TENT
100
AcDbLine
 10
794164.1192622659
 20
-167618.8381677534
 30
0.0
 11
794167.1197645752
 21
-167609.6050621777
 31
0.0
  0
LINE
  5
4E5
330
3D5
100
AcDbEntity
  8
DOOR_TENT
100
AcDbLine
 10
794167.1197645752
 20
-167609.6050621777
 30
0.0
 11
794168.8514884497
 21
-167599.2718923668
 31
0.0
  0
LINE
  5
4E6
330
3D5
100
AcDbEntity
  8
DOOR_TENT
100
AcDbLine
 10
794168.8514884497
 20
-167599.2718923668
 30
0.0
 11
794169.5625305056
 21
-167588.5966697275
 31
0.0
  0
LINE
  5
4E7
330
3D5
100
AcDbEntity
  8
DOOR_TENT
100
AcDbLine
 10
794169.5625305056
 20
-167588.5966697275
 30
0.0
 11
794169.5009873594
 21
-167578.3374056663
 31
0.0
  0
LINE
  5
4E8
330
3D5
100
AcDbEntity
  8
DOOR_TENT
100
AcDbLine
 10
794169.5009873594
 20
-167578.3374056663
 30
0.0
 11
794168.914955628
 21
-167569.2521115896
 31
0.0
  0
LINE
  5
4E9
330
3D5
100
AcDbEntity
  8
DOOR_TENT
100
AcDbLine
 10
794168.914955628
 20
-167569.2521115896
 30
0.0
 11
794168.021738087
 21
-167561.9745827628
 31
0.0
  0
LINE
  5
4EA
330
3D5
100
AcDbEntity
  8
DOOR_TENT
100
AcDbLine
 10
794168.021738087
 20
-167561.9745827628
 30
0.0
 11
794166.9154621485
 21
-167556.6417498864
 31
0.0
  0
LINE
  5
4EB
330
3D5
100
AcDbEntity
  8
DOOR_TENT
100
AcDbLine
 10
794166.9154621485
 20
-167556.6417498864
 30
0.0
 11
794165.6594613838
 21
-167553.2663275195
 31
0.0
  0
LINE
  5
4EC
330
3D5
100
AcDbEntity
  8
DOOR_TENT
100
AcDbLine
 10
794165.6594613838
 20
-167553.2663275195
 30
0.0
 11
794164.3170693644
 21
-167551.8610302213
 31
0.0
  0
LINE
  5
4ED
330
3D5
100
AcDbEntity
  8
DOOR_TENT
100
AcDbLine
 10
794164.3170693644
 20
-167551.8610302213
 30
0.0
 11
794162.951619662
 21
-167552.4385725512
 31
0.0
  0
LINE
  5
4EE
330
3D5
100
AcDbEntity
  8
DOOR_TENT
100
AcDbLine
 10
794162.951619662
 20
-167552.4385725512
 30
0.0
 11
794161.6264458474
 21
-167555.0116690682
 31
0.0
  0
LINE
  5
4EF
330
3D5
100
AcDbEntity
  8
DOOR_TENT
100
AcDbLine
 10
794161.6264458474
 20
-167555.0116690682
 30
0.0
 11
794160.4048814924
 21
-167559.5930343315
 31
0.0
  0
LINE
  5
4F0
330
3D5
100
AcDbEntity
  8
DOOR_TENT
100
AcDbLine
 10
794160.4048814924
 20
-167559.5930343315
 30
0.0
 11
794159.3502601682
 21
-167566.1953829006
 31
0.0
  0
LINE
  5
4F1
330
3D5
100
AcDbEntity
  8
DOOR_TENT
100
AcDbLine
 10
794159.3502601682
 20
-167566.1953829006
 30
0.0
 11
794158.4878311715
 21
-167574.6934146567
 31
0.0
  0
LINE
  5
4F2
330
3D5
100
AcDbEntity
  8
DOOR_TENT
100
AcDbLine
 10
794158.4878311715
 20
-167574.6934146567
 30
0.0
 11
794157.6905066996
 21
-167584.4097707694
 31
0.0
  0
LINE
  5
4F3
330
3D5
100
AcDbEntity
  8
DOOR_TENT
100
AcDbLine
 10
794157.6905066996
 20
-167584.4097707694
 30
0.0
 11
794156.7931146756
 21
-167594.5290777302
 31
0.0
  0
LINE
  5
4F4
330
3D5
100
AcDbEntity
  8
DOOR_TENT
100
AcDbLine
 10
794156.7931146756
 20
-167594.5290777302
 30
0.0
 11
794155.6304830214
 21
-167604.2359620312
 31
0.0
  0
LINE
  5
4F5
330
3D5
100
AcDbEntity
  8
DOOR_TENT
100
AcDbLine
 10
794155.6304830214
 20
-167604.2359620312
 30
0.0
 11
794154.0374396605
 21
-167612.715050164
 31
0.0
  0
LINE
  5
4F6
330
3D5
100
AcDbEntity
  8
DOOR_TENT
100
AcDbLine
 10
794154.0374396605
 20
-167612.715050164
 30
0.0
 11
794151.848812515
 21
-167619.1509686204
 31
0.0
  0
LINE
  5
4F7
330
3D5
100
AcDbEntity
  8
DOOR_TENT
100
AcDbLine
 10
794151.848812515
 20
-167619.1509686204
 30
0.0
 11
794148.8994295077
 21
-167622.728343892
 31
0.0
  0
LINE
  5
4F8
330
3D5
100
AcDbEntity
  8
DOOR_TENT
100
AcDbLine
 10
794148.8994295077
 20
-167622.728343892
 30
0.0
 11
794145.0241185614
 21
-167622.6318024705
 31
0.0
  0
LINE
  5
4F9
330
3D5
100
AcDbEntity
  8
DOOR_TENT
100
AcDbLine
 10
794139.7000444873
 20
-167647.6250473271
 30
0.0
 11
794145.0241185614
 21
-167647.6250473271
 31
0.0
  0
LINE
  5
4FA
330
3D5
100
AcDbEntity
  8
DOOR_TENT
100
AcDbLine
 10
794145.0241185614
 20
-167647.6250473271
 30
0.0
 11
794145.0241185614
 21
-167605.0324547345
 31
0.0
  0
LINE
  5
4FB
330
3D5
100
AcDbEntity
  8
DOOR_TENT
100
AcDbLine
 10
794145.0241185614
 20
-167605.0324547345
 30
0.0
 11
794139.7000444873
 21
-167605.0324547345
 31
0.0
  0
LINE
  5
4FC
330
3D5
100
AcDbEntity
  8
DOOR_TENT
 62
5
100
AcDbLine
 10
794114.7000444873
 20
-167651.3287510309
 30
0.0
 11
794139.7000444873
 21
-167651.3287510309
 31
0.0
  0
LINE
  5
4FD
330
3D5
100
AcDbEntity
  8
DOOR_TENT
 62
3
100
AcDbLine
 10
794139.7000444873
 20
-167601.3287510309
 30
0.0
 11
794139.7000444873
 21
-166751.3287510309
 31
0.0
  0
LINE
  5
4FE
330
3D5
100
AcDbEntity
  8
DOOR_TENT
 62
3
100
AcDbLine
 10
794134.7000444873
 20
-166801.3287510309
 30
0.0
 11
794134.7000444873
 21
-167551.3287510309
 31
0.0
  0
LINE
  5
4FF
330
3D5
100
AcDbEntity
  8
DOOR_TENT
 62
3
100
AcDbLine
 10
794119.7000444873
 20
-167551.3287510309
 30
0.0
 11
794119.7000444873
 21
-166801.3287510309
 31
0.0
  0
LINE
  5
500
330
3D5
100
AcDbEntity
  8
DOOR_TENT
 62
3
100
AcDbLine
 10
794114.7000444873
 20
-166751.3287510309
 30
0.0
 11
794114.7000444873
 21
-167601.3287510309
 31
0.0
  0
LINE
  5
501
330
3D5
100
AcDbEntity
  8
DOOR_TENT
 62
5
100
AcDbLine
 10
794139.7000444873
 20
-167651.3287510309
 30
0.0
 11
794139.7000444873
 21
-167601.3287510309
 31
0.0
  0
LINE
  5
502
330
3D5
100
AcDbEntity
  8
DOOR_TENT
 62
5
100
AcDbLine
 10
794139.7000444873
 20
-167601.3287510309
 30
0.0
 11
794134.7000444873
 21
-167601.3287510309
 31
0.0
  0
LINE
  5
503
330
3D5
100
AcDbEntity
  8
DOOR_TENT
 62
5
100
AcDbLine
 10
794134.7000444873
 20
-167601.3287510309
 30
0.0
 11
794134.7000444873
 21
-167551.3287510309
 31
0.0
  0
LINE
  5
504
330
3D5
100
AcDbEntity
  8
DOOR_TENT
 62
5
100
AcDbLine
 10
794134.7000444873
 20
-167551.3287510309
 30
0.0
 11
794119.7000444873
 21
-167551.3287510309
 31
0.0
  0
LINE
  5
505
330
3D5
100
AcDbEntity
  8
DOOR_TENT
 62
5
100
AcDbLine
 10
794119.7000444873
 20
-167551.3287510309
 30
0.0
 11
794119.7000444873
 21
-167601.3287510309
 31
0.0
  0
LINE
  5
506
330
3D5
100
AcDbEntity
  8
DOOR_TENT
 62
5
100
AcDbLine
 10
794119.7000444873
 20
-167601.3287510309
 30
0.0
 11
794114.7000444873
 21
-167601.3287510309
 31
0.0
  0
LINE
  5
507
330
3D5
100
AcDbEntity
  8
DOOR_TENT
 62
5
100
AcDbLine
 10
794114.7000444873
 20
-167601.3287510309
 30
0.0
 11
794114.7000444873
 21
-167651.3287510309
 31
0.0
  0
LINE
  5
508
330
3D5
100
AcDbEntity
  8
DOOR_TENT
 62
5
100
AcDbLine
 10
794114.7000444873
 20
-167651.3287510309
 30
0.0
 11
794139.7000444873
 21
-167651.3287510309
 31
0.0
  0
LINE
  5
509
330
3D5
100
AcDbEntity
  8
DOOR_TENT
 62
5
100
AcDbLine
 10
794114.7000444873
 20
-167651.3287510309
 30
0.0
 11
794139.7000444873
 21
-167651.3287510309
 31
0.0
  0
LINE
  5
50A
330
3D5
100
AcDbEntity
  8
DOOR_TENT
 62
5
100
AcDbLine
 10
794114.7000444873
 20
-167651.3287510309
 30
0.0
 11
794139.7000444873
 21
-167651.3287510309
 31
0.0
  0
LINE
  5
50B
330
3D5
100
AcDbEntity
  8
DOOR_TENT
 62
5
100
AcDbLine
 10
794139.7000444873
 20
-166701.3287510309
 30
0.0
 11
794139.7000444873
 21
-166751.3287510309
 31
0.0
  0
LINE
  5
50C
330
3D5
100
AcDbEntity
  8
DOOR_TENT
 62
5
100
AcDbLine
 10
794139.7000444873
 20
-166751.3287510309
 30
0.0
 11
794134.7000444873
 21
-166751.3287510309
 31
0.0
  0
LINE
  5
50D
330
3D5
100
AcDbEntity
  8
DOOR_TENT
 62
5
100
AcDbLine
 10
794134.7000444873
 20
-166751.3287510309
 30
0.0
 11
794134.7000444873
 21
-166801.3287510309
 31
0.0
  0
LINE
  5
50E
330
3D5
100
AcDbEntity
  8
DOOR_TENT
 62
5
100
AcDbLine
 10
794134.7000444873
 20
-166801.3287510309
 30
0.0
 11
794119.7000444873
 21
-166801.3287510309
 31
0.0
  0
LINE
  5
50F
330
3D5
100
AcDbEntity
  8
DOOR_TENT
 62
5
100
AcDbLine
 10
794119.7000444873
 20
-166801.3287510309
 30
0.0
 11
794119.7000444873
 21
-166751.3287510309
 31
0.0
  0
LINE
  5
510
330
3D5
100
AcDbEntity
  8
DOOR_TENT
 62
5
100
AcDbLine
 10
794119.7000444873
 20
-166751.3287510309
 30
0.0
 11
794114.7000444873
 21
-166751.3287510309
 31
0.0
  0
LINE
  5
511
330
3D5
100
AcDbEntity
  8
DOOR_TENT
 62
5
100
AcDbLine
 10
794114.7000444873
 20
-166751.3287510309
 30
0.0
 11
794114.7000444873
 21
-166701.3287510309
 31
0.0
  0
LWPOLYLINE
  5
512
330
3D5
100
AcDbEntity
  8
DOOR_TENT
 62
5
 60
1
100
AcDbPolyline
 90
4
 70
1
 10
793639.7000444873
 20
-166676.3287510303
 10
794839.7000444873
 20
-166676.3287510307
 10
794839.7000444873
 20
-166646.3287510307
 10
793639.7000444873
 20
-166646.3287510303
  0
LWPOLYLINE
  5
513
330
3D5
100
AcDbEntity
  8
DOOR_TENT
 62
5
 60
1
100
AcDbPolyline
 90
4
 70
1
 10
796539.7000444873
 20
-166676.3287510307
 10
795339.7000444873
 20
-166676.3287510307
 10
795339.7000444873
 20
-166646.3287510307
 10
796539.7000444873
 20
-166646.3287510307
  0
LINE
  5
514
330
3D5
100
AcDbEntity
  8
DOOR_TENT
 62
5
370
20
 60
1
100
AcDbLine
 10
796289.7000444871
 20
-166621.3287510304
 30
0.0
 11
796289.7000444871
 21
-166646.3287510304
 31
0.0
  0
LINE
  5
515
330
3D5
100
AcDbEntity
  8
DOOR_TENT
 62
3
370
9
 60
1
100
AcDbLine
 10
796339.7000444871
 20
-166646.3287510304
 30
0.0
 11
797539.7000444871
 21
-166646.3287510304
 31
0.0
  0
LINE
  5
516
330
3D5
100
AcDbEntity
  8
DOOR_TENT
 62
3
370
15
 60
1
100
AcDbLine
 10
797489.7000444871
 20
-166641.3287510304
 30
0.0
 11
796389.7000444871
 21
-166641.3287510304
 31
0.0
  0
LINE
  5
517
330
3D5
100
AcDbEntity
  8
DOOR_TENT
 62
3
370
15
 60
1
100
AcDbLine
 10
796389.7000444871
 20
-166626.3287510304
 30
0.0
 11
797489.7000444871
 21
-166626.3287510304
 31
0.0
  0
LINE
  5
518
330
3D5
100
AcDbEntity
  8
DOOR_TENT
 62
3
370
9
 60
1
100
AcDbLine
 10
797539.7000444871
 20
-166621.3287510304
 30
0.0
 11
796339.7000444871
 21
-166621.3287510304
 31
0.0
  0
LINE
  5
519
330
3D5
100
AcDbEntity
  8
DOOR_TENT
 62
5
370
20
 60
1
100
AcDbLine
 10
796289.7000444871
 20
-166646.3287510304
 30
0.0
 11
796339.7000444871
 21
-166646.3287510304
 31
0.0
  0
LINE
  5
51A
330
3D5
100
AcDbEntity
  8
DOOR_TENT
 62
5
370
20
 60
1
100
AcDbLine
 10
796339.7000444871
 20
-166646.3287510304
 30
0.0
 11
796339.7000444871
 21
-166641.3287510304
 31
0.0
  0
LINE
  5
51B
330
3D5
100
AcDbEntity
  8
DOOR_TENT
 62
5
370
20
 60
1
100
AcDbLine
 10
796339.7000444871
 20
-166641.3287510304
 30
0.0
 11
796389.7000444871
 21
-166641.3287510304
 31
0.0
  0
LINE
  5
51C
330
3D5
100
AcDbEntity
  8
DOOR_TENT
 62
5
370
20
 60
1
100
AcDbLine
 10
796389.7000444871
 20
-166641.3287510304
 30
0.0
 11
796389.7000444871
 21
-166626.3287510304
 31
0.0
  0
LINE
  5
51D
330
3D5
100
AcDbEntity
  8
DOOR_TENT
 62
5
370
20
 60
1
100
AcDbLine
 10
796389.7000444871
 20
-166626.3287510304
 30
0.0
 11
796339.7000444871
 21
-166626.3287510304
 31
0.0
  0
LINE
  5
51E
330
3D5
100
AcDbEntity
  8
DOOR_TENT
 62
5
370
20
 60
1
100
AcDbLine
 10
796339.7000444871
 20
-166626.3287510304
 30
0.0
 11
796339.7000444871
 21
-166621.3287510304
 31
0.0
  0
LINE
  5
51F
330
3D5
100
AcDbEntity
  8
DOOR_TENT
 62
5
370
20
 60
1
100
AcDbLine
 10
796339.7000444871
 20
-166621.3287510304
 30
0.0
 11
796289.7000444871
 21
-166621.3287510304
 31
0.0
  0
LINE
  5
520
330
3D5
100
AcDbEntity
  8
DOOR_TENT
 62
5
370
20
 60
1
100
AcDbLine
 10
796289.7000444871
 20
-166621.3287510304
 30
0.0
 11
796289.7000444871
 21
-166646.3287510304
 31
0.0
  0
LINE
  5
521
330
3D5
100
AcDbEntity
  8
DOOR_TENT
 62
5
370
20
 60
1
100
AcDbLine
 10
796289.7000444871
 20
-166621.3287510304
 30
0.0
 11
796289.7000444871
 21
-166646.3287510304
 31
0.0
  0
LINE
  5
522
330
3D5
100
AcDbEntity
  8
DOOR_TENT
 62
5
370
20
 60
1
100
AcDbLine
 10
796289.7000444871
 20
-166621.3287510304
 30
0.0
 11
796289.7000444871
 21
-166646.3287510304
 31
0.0
  0
LINE
  5
523
330
3D5
100
AcDbEntity
  8
DOOR_TENT
 62
5
370
20
 60
1
100
AcDbLine
 10
797589.7000444871
 20
-166621.3287510304
 30
0.0
 11
797589.7000444871
 21
-166646.3287510304
 31
0.0
  0
LINE
  5
524
330
3D5
100
AcDbEntity
  8
DOOR_TENT
 62
5
370
20
 60
1
100
AcDbLine
 10
797589.7000444871
 20
-166621.3287510304
 30
0.0
 11
797589.7000444871
 21
-166646.3287510304
 31
0.0
  0
LINE
  5
525
330
3D5
100
AcDbEntity
  8
DOOR_TENT
 62
5
370
20
 60
1
100
AcDbLine
 10
797589.7000444871
 20
-166621.3287510304
 30
0.0
 11
797589.7000444871
 21
-166646.3287510304
 31
0.0
  0
LINE
  5
526
330
3D5
100
AcDbEntity
  8
DOOR_TENT
 62
5
370
20
 60
1
100
AcDbLine
 10
797589.7000444871
 20
-166621.3287510304
 30
0.0
 11
797589.7000444871
 21
-166646.3287510304
 31
0.0
  0
LINE
  5
527
330
3D5
100
AcDbEntity
  8
DOOR_TENT
 62
5
370
20
 60
1
100
AcDbLine
 10
797589.7000444871
 20
-166621.3287510304
 30
0.0
 11
797589.7000444871
 21
-166646.3287510304
 31
0.0
  0
LINE
  5
528
330
3D5
100
AcDbEntity
  8
DOOR_TENT
 62
5
370
20
 60
1
100
AcDbLine
 10
797589.7000444871
 20
-166646.3287510304
 30
0.0
 11
797539.7000444871
 21
-166646.3287510304
 31
0.0
  0
LINE
  5
529
330
3D5
100
AcDbEntity
  8
DOOR_TENT
 62
5
370
20
 60
1
100
AcDbLine
 10
797539.7000444871
 20
-166646.3287510304
 30
0.0
 11
797539.7000444871
 21
-166641.3287510304
 31
0.0
  0
LINE
  5
52A
330
3D5
100
AcDbEntity
  8
DOOR_TENT
 62
5
370
20
 60
1
100
AcDbLine
 10
797539.7000444871
 20
-166641.3287510304
 30
0.0
 11
797489.7000444871
 21
-166641.3287510304
 31
0.0
  0
LINE
  5
52B
330
3D5
100
AcDbEntity
  8
DOOR_TENT
 62
5
370
20
 60
1
100
AcDbLine
 10
797489.7000444871
 20
-166641.3287510304
 30
0.0
 11
797489.7000444871
 21
-166626.3287510304
 31
0.0
  0
LINE
  5
52C
330
3D5
100
AcDbEntity
  8
DOOR_TENT
 62
5
370
20
 60
1
100
AcDbLine
 10
797489.7000444871
 20
-166626.3287510304
 30
0.0
 11
797539.7000444871
 21
-166626.3287510304
 31
0.0
  0
LINE
  5
52D
330
3D5
100
AcDbEntity
  8
DOOR_TENT
 62
5
370
20
 60
1
100
AcDbLine
 10
797539.7000444871
 20
-166626.3287510304
 30
0.0
 11
797539.7000444871
 21
-166621.3287510304
 31
0.0
  0
LINE
  5
52E
330
3D5
100
AcDbEntity
  8
DOOR_TENT
 62
5
370
20
 60
1
100
AcDbLine
 10
797539.7000444871
 20
-166621.3287510304
 30
0.0
 11
797589.7000444871
 21
-166621.3287510304
 31
0.0
  0
LINE
  5
52F
330
3D5
100
AcDbEntity
  8
DOOR_TENT
 62
5
370
20
 60
1
100
AcDbLine
 10
797589.7000444871
 20
-166621.3287510304
 30
0.0
 11
797589.7000444871
 21
-166646.3287510304
 31
0.0
  0
LINE
  5
530
330
3D5
100
AcDbEntity
  8
DOOR_TENT
 62
5
370
20
 60
1
100
AcDbLine
 10
797589.7000444871
 20
-166621.3287510304
 30
0.0
 11
797589.7000444871
 21
-166646.3287510304
 31
0.0
  0
LINE
  5
531
330
3D5
100
AcDbEntity
  8
DOOR_TENT
 62
5
370
20
 60
1
100
AcDbLine
 10
797589.7000444871
 20
-166621.3287510304
 30
0.0
 11
797589.7000444871
 21
-166646.3287510304
 31
0.0
  0
LINE
  5
532
330
3D5
100
AcDbEntity
  8
DOOR_TENT
 62
5
370
20
 60
1
100
AcDbLine
 10
796289.7000444871
 20
-166646.3287510301
 30
0.0
 11
796339.7000444871
 21
-166646.3287510301
 31
0.0
  0
LINE
  5
533
330
3D5
100
AcDbEntity
  8
DOOR_TENT
 62
5
370
20
 60
1
100
AcDbLine
 10
796339.7000444871
 20
-166646.3287510301
 30
0.0
 11
796339.7000444871
 21
-166641.3287510301
 31
0.0
  0
LINE
  5
534
330
3D5
100
AcDbEntity
  8
DOOR_TENT
 62
5
370
20
 60
1
100
AcDbLine
 10
796339.7000444871
 20
-166641.3287510301
 30
0.0
 11
796389.7000444871
 21
-166641.3287510301
 31
0.0
  0
LINE
  5
535
330
3D5
100
AcDbEntity
  8
DOOR_TENT
 62
5
370
20
 60
1
100
AcDbLine
 10
796389.7000444871
 20
-166641.3287510301
 30
0.0
 11
796389.7000444871
 21
-166626.3287510301
 31
0.0
  0
LINE
  5
536
330
3D5
100
AcDbEntity
  8
DOOR_TENT
 62
5
370
20
 60
1
100
AcDbLine
 10
796389.7000444871
 20
-166626.3287510301
 30
0.0
 11
796339.7000444871
 21
-166626.3287510301
 31
0.0
  0
LINE
  5
537
330
3D5
100
AcDbEntity
  8
DOOR_TENT
 62
5
370
20
 60
1
100
AcDbLine
 10
796339.7000444871
 20
-166626.3287510301
 30
0.0
 11
796339.7000444871
 21
-166621.3287510301
 31
0.0
  0
LINE
  5
538
330
3D5
100
AcDbEntity
  8
DOOR_TENT
 62
5
370
20
 60
1
100
AcDbLine
 10
796339.7000444871
 20
-166621.3287510301
 30
0.0
 11
796289.7000444871
 21
-166621.3287510301
 31
0.0
  0
LINE
  5
539
330
3D5
100
AcDbEntity
  8
DOOR_TENT
 62
5
370
20
 60
1
100
AcDbLine
 10
796289.7000444871
 20
-166621.3287510301
 30
0.0
 11
796289.7000444871
 21
-166646.3287510301
 31
0.0
  0
LINE
  5
53A
330
3D5
100
AcDbEntity
  8
DOOR_TENT
 62
5
370
20
 60
1
100
AcDbLine
 10
793889.7000444873
 20
-166621.3287510307
 30
0.0
 11
793889.7000444873
 21
-166646.3287510307
 31
0.0
  0
LINE
  5
53B
330
3D5
100
AcDbEntity
  8
DOOR_TENT
 62
3
370
9
 60
1
100
AcDbLine
 10
793839.7000444873
 20
-166646.3287510307
 30
0.0
 11
792639.7000444873
 21
-166646.3287510307
 31
0.0
  0
LINE
  5
53C
330
3D5
100
AcDbEntity
  8
DOOR_TENT
 62
3
370
15
 60
1
100
AcDbLine
 10
792689.7000444873
 20
-166641.3287510307
 30
0.0
 11
793789.7000444873
 21
-166641.3287510307
 31
0.0
  0
LINE
  5
53D
330
3D5
100
AcDbEntity
  8
DOOR_TENT
 62
3
370
15
 60
1
100
AcDbLine
 10
793789.7000444873
 20
-166626.3287510307
 30
0.0
 11
792689.7000444873
 21
-166626.3287510307
 31
0.0
  0
LINE
  5
53E
330
3D5
100
AcDbEntity
  8
DOOR_TENT
 62
3
370
9
 60
1
100
AcDbLine
 10
792639.7000444873
 20
-166621.3287510307
 30
0.0
 11
793839.7000444873
 21
-166621.3287510307
 31
0.0
  0
LINE
  5
53F
330
3D5
100
AcDbEntity
  8
DOOR_TENT
 62
5
370
20
 60
1
100
AcDbLine
 10
793889.7000444873
 20
-166646.3287510307
 30
0.0
 11
793839.7000444873
 21
-166646.3287510307
 31
0.0
  0
LINE
  5
540
330
3D5
100
AcDbEntity
  8
DOOR_TENT
 62
5
370
20
 60
1
100
AcDbLine
 10
793839.7000444873
 20
-166646.3287510307
 30
0.0
 11
793839.7000444873
 21
-166641.3287510307
 31
0.0
  0
LINE
  5
541
330
3D5
100
AcDbEntity
  8
DOOR_TENT
 62
5
370
20
 60
1
100
AcDbLine
 10
793839.7000444873
 20
-166641.3287510307
 30
0.0
 11
793789.7000444873
 21
-166641.3287510307
 31
0.0
  0
LINE
  5
542
330
3D5
100
AcDbEntity
  8
DOOR_TENT
 62
5
370
20
 60
1
100
AcDbLine
 10
793789.7000444873
 20
-166641.3287510307
 30
0.0
 11
793789.7000444873
 21
-166626.3287510307
 31
0.0
  0
LINE
  5
543
330
3D5
100
AcDbEntity
  8
DOOR_TENT
 62
5
370
20
 60
1
100
AcDbLine
 10
793789.7000444873
 20
-166626.3287510307
 30
0.0
 11
793839.7000444873
 21
-166626.3287510307
 31
0.0
  0
LINE
  5
544
330
3D5
100
AcDbEntity
  8
DOOR_TENT
 62
5
370
20
 60
1
100
AcDbLine
 10
793839.7000444873
 20
-166626.3287510307
 30
0.0
 11
793839.7000444873
 21
-166621.3287510307
 31
0.0
  0
LINE
  5
545
330
3D5
100
AcDbEntity
  8
DOOR_TENT
 62
5
370
20
 60
1
100
AcDbLine
 10
793839.7000444873
 20
-166621.3287510307
 30
0.0
 11
793889.7000444873
 21
-166621.3287510307
 31
0.0
  0
LINE
  5
546
330
3D5
100
AcDbEntity
  8
DOOR_TENT
 62
5
370
20
 60
1
100
AcDbLine
 10
793889.7000444873
 20
-166621.3287510307
 30
0.0
 11
793889.7000444873
 21
-166646.3287510307
 31
0.0
  0
LINE
  5
547
330
3D5
100
AcDbEntity
  8
DOOR_TENT
 62
5
370
20
 60
1
100
AcDbLine
 10
793889.7000444873
 20
-166621.3287510307
 30
0.0
 11
793889.7000444873
 21
-166646.3287510307
 31
0.0
  0
LINE
  5
548
330
3D5
100
AcDbEntity
  8
DOOR_TENT
 62
5
370
20
 60
1
100
AcDbLine
 10
793889.7000444873
 20
-166621.3287510307
 30
0.0
 11
793889.7000444873
 21
-166646.3287510307
 31
0.0
  0
LINE
  5
549
330
3D5
100
AcDbEntity
  8
DOOR_TENT
 62
5
370
20
 60
1
100
AcDbLine
 10
792589.7000444873
 20
-166621.3287510307
 30
0.0
 11
792589.7000444873
 21
-166646.3287510307
 31
0.0
  0
LINE
  5
54A
330
3D5
100
AcDbEntity
  8
DOOR_TENT
 62
5
370
20
 60
1
100
AcDbLine
 10
792589.7000444873
 20
-166621.3287510307
 30
0.0
 11
792589.7000444873
 21
-166646.3287510307
 31
0.0
  0
LINE
  5
54B
330
3D5
100
AcDbEntity
  8
DOOR_TENT
 62
5
370
20
 60
1
100
AcDbLine
 10
792589.7000444873
 20
-166621.3287510307
 30
0.0
 11
792589.7000444873
 21
-166646.3287510307
 31
0.0
  0
LINE
  5
54C
330
3D5
100
AcDbEntity
  8
DOOR_TENT
 62
5
370
20
 60
1
100
AcDbLine
 10
792589.7000444873
 20
-166621.3287510307
 30
0.0
 11
792589.7000444873
 21
-166646.3287510307
 31
0.0
  0
LINE
  5
54D
330
3D5
100
AcDbEntity
  8
DOOR_TENT
 62
5
370
20
 60
1
100
AcDbLine
 10
792589.7000444873
 20
-166621.3287510307
 30
0.0
 11
792589.7000444873
 21
-166646.3287510307
 31
0.0
  0
LINE
  5
54E
330
3D5
100
AcDbEntity
  8
DOOR_TENT
 62
5
370
20
 60
1
100
AcDbLine
 10
792589.7000444873
 20
-166646.3287510307
 30
0.0
 11
792639.7000444873
 21
-166646.3287510307
 31
0.0
  0
LINE
  5
54F
330
3D5
100
AcDbEntity
  8
DOOR_TENT
 62
5
370
20
 60
1
100
AcDbLine
 10
792639.7000444873
 20
-166646.3287510307
 30
0.0
 11
792639.7000444873
 21
-166641.3287510307
 31
0.0
  0
LINE
  5
550
330
3D5
100
AcDbEntity
  8
DOOR_TENT
 62
5
370
20
 60
1
100
AcDbLine
 10
792639.7000444873
 20
-166641.3287510307
 30
0.0
 11
792689.7000444873
 21
-166641.3287510307
 31
0.0
  0
LINE
  5
551
330
3D5
100
AcDbEntity
  8
DOOR_TENT
 62
5
370
20
 60
1
100
AcDbLine
 10
792689.7000444873
 20
-166641.3287510307
 30
0.0
 11
792689.7000444873
 21
-166626.3287510307
 31
0.0
  0
LINE
  5
552
330
3D5
100
AcDbEntity
  8
DOOR_TENT
 62
5
370
20
 60
1
100
AcDbLine
 10
792689.7000444873
 20
-166626.3287510307
 30
0.0
 11
792639.7000444873
 21
-166626.3287510307
 31
0.0
  0
LINE
  5
553
330
3D5
100
AcDbEntity
  8
DOOR_TENT
 62
5
370
20
 60
1
100
AcDbLine
 10
792639.7000444873
 20
-166626.3287510307
 30
0.0
 11
792639.7000444873
 21
-166621.3287510307
 31
0.0
  0
LINE
  5
554
330
3D5
100
AcDbEntity
  8
DOOR_TENT
 62
5
370
20
 60
1
100
AcDbLine
 10
792639.7000444873
 20
-166621.3287510307
 30
0.0
 11
792589.7000444873
 21
-166621.3287510307
 31
0.0
  0
LINE
  5
555
330
3D5
100
AcDbEntity
  8
DOOR_TENT
 62
5
370
20
 60
1
100
AcDbLine
 10
792589.7000444873
 20
-166621.3287510307
 30
0.0
 11
792589.7000444873
 21
-166646.3287510307
 31
0.0
  0
LINE
  5
556
330
3D5
100
AcDbEntity
  8
DOOR_TENT
 62
5
370
20
 60
1
100
AcDbLine
 10
792589.7000444873
 20
-166621.3287510307
 30
0.0
 11
792589.7000444873
 21
-166646.3287510307
 31
0.0
  0
LINE
  5
557
330
3D5
100
AcDbEntity
  8
DOOR_TENT
 62
5
370
20
 60
1
100
AcDbLine
 10
792589.7000444873
 20
-166621.3287510307
 30
0.0
 11
792589.7000444873
 21
-166646.3287510307
 31
0.0
  0
LINE
  5
558
330
3D5
100
AcDbEntity
  8
DOOR_TENT
 62
5
370
20
 60
1
100
AcDbLine
 10
793889.7000444873
 20
-166646.3287510303
 30
0.0
 11
793839.7000444873
 21
-166646.3287510303
 31
0.0
  0
LINE
  5
559
330
3D5
100
AcDbEntity
  8
DOOR_TENT
 62
5
370
20
 60
1
100
AcDbLine
 10
793839.7000444873
 20
-166646.3287510303
 30
0.0
 11
793839.7000444873
 21
-166641.3287510303
 31
0.0
  0
LINE
  5
55A
330
3D5
100
AcDbEntity
  8
DOOR_TENT
 62
5
370
20
 60
1
100
AcDbLine
 10
793839.7000444873
 20
-166641.3287510303
 30
0.0
 11
793789.7000444873
 21
-166641.3287510303
 31
0.0
  0
LINE
  5
55B
330
3D5
100
AcDbEntity
  8
DOOR_TENT
 62
5
370
20
 60
1
100
AcDbLine
 10
793789.7000444873
 20
-166641.3287510303
 30
0.0
 11
793789.7000444873
 21
-166626.3287510303
 31
0.0
  0
LINE
  5
55C
330
3D5
100
AcDbEntity
  8
DOOR_TENT
 62
5
370
20
 60
1
100
AcDbLine
 10
793789.7000444873
 20
-166626.3287510303
 30
0.0
 11
793839.7000444873
 21
-166626.3287510303
 31
0.0
  0
LINE
  5
55D
330
3D5
100
AcDbEntity
  8
DOOR_TENT
 62
5
370
20
 60
1
100
AcDbLine
 10
793839.7000444873
 20
-166626.3287510303
 30
0.0
 11
793839.7000444873
 21
-166621.3287510303
 31
0.0
  0
LINE
  5
55E
330
3D5
100
AcDbEntity
  8
DOOR_TENT
 62
5
370
20
 60
1
100
AcDbLine
 10
793839.7000444873
 20
-166621.3287510303
 30
0.0
 11
793889.7000444873
 21
-166621.3287510303
 31
0.0
  0
LINE
  5
55F
330
3D5
100
AcDbEntity
  8
DOOR_TENT
 62
5
370
20
 60
1
100
AcDbLine
 10
793889.7000444873
 20
-166621.3287510303
 30
0.0
 11
793889.7000444873
 21
-166646.3287510303
 31
0.0
  0
INSERT
  5
560
330
3D5
100
AcDbEntity
  8
0
 60
1
100
AcDbBlockReference
  2
opanable pvc
 10
-186918.9788004481
 20
1965.481254033424
 30
0.0
  0
HATCH
  5
562
330
3D5
100
AcDbEntity
  8
ARROW
100
AcDbHatch
 10
0.0
 20
0.0
 30
0.0
210
0.0
220
0.0
230
1.0
  2
SOLID
 70
1
 71
0
 91
1
 92
7
 72
0
 73
1
 93
5
 10
795016.2250795537
 20
-165789.1325122664
 10
795016.2250795537
 20
-166389.1325122664
 10
794846.8754130728
 20
-166084.6760636665
 10
794959.4339941756
 20
-166084.6760636665
 10
794959.4339941756
 20
-165789.1325122664
 97
0
 75
1
 76
1
 47
5.508235739466424
 98
1
 10
795020.4295558216
 20
-166006.5785100538
450
0
451
0
460
0.0
461
0.0
452
0
462
0.0
453
2
463
0
 63
5
421
255
463
1
 63
2
421
16776960
470
LINEAR
  0
LWPOLYLINE
  5
563
330
3D5
100
AcDbEntity
  8
ARROW
100
AcDbPolyline
 90
5
 70
0
 10
795016.2250795537
 20
-166389.1325122664
 10
794846.8754130728
 20
-166084.6760636665
 10
794959.4339941756
 20
-166084.6760636665
 10
794959.4339941756
 20
-165789.1325122664
 10
795016.2250795537
 20
-165789.1325122664
  0
LINE
  5
564
330
3D5
100
AcDbEntity
  8
ARROW
100
AcDbLine
 10
795016.2250795537
 20
-166389.1325122664
 30
0.0
 11
795016.2250795537
 21
-165789.1325122664
 31
0.0
  0
LINE
  5
565
330
3D5
100
AcDbEntity
  8
ARROW
100
AcDbLine
 10
795016.2250795537
 20
-166389.1325122664
 30
0.0
 11
795016.2250795537
 21
-165789.1325122664
 31
0.0
  0
HATCH
  5
566
330
3D5
100
AcDbEntity
  8
ARROW
100
AcDbHatch
 10
0.0
 20
0.0
 30
0.0
210
0.0
220
0.0
230
1.0
  2
SOLID
 70
1
 71
0
 91
1
 92
7
 72
0
 73
1
 93
5
 10
795167.2636114958
 20
-166389.1325122664
 10
795167.2636114958
 20
-165789.1325122664
 10
795336.6132779766
 20
-166093.5889608662
 10
795224.0546968738
 20
-166093.5889608662
 10
795224.0546968738
 20
-166389.1325122664
 97
0
 75
1
 76
1
 47
5.508235739466424
 98
1
 10
795163.0591352278
 20
-166055.518031462
450
0
451
0
460
0.0
461
0.0
452
0
462
0.0
453
2
463
0
 63
5
421
255
463
1
 63
2
421
16776960
470
LINEAR
  0
LWPOLYLINE
  5
567
330
3D5
100
AcDbEntity
  8
ARROW
100
AcDbPolyline
 90
5
 70
0
 10
795167.2636114958
 20
-165789.1325122664
 10
795336.6132779766
 20
-166093.5889608662
 10
795224.0546968738
 20
-166093.5889608662
 10
795224.0546968738
 20
-166389.1325122664
 10
795167.2636114958
 20
-166389.1325122664
  0
LINE
  5
568
330
3D5
100
AcDbEntity
  8
ARROW
100
AcDbLine
 10
795167.2636114958
 20
-165789.1325122664
 30
0.0
 11
795167.2636114958
 21
-166389.1325122664
 31
0.0
  0
LINE
  5
569
330
3D5
100
AcDbEntity
  8
ARROW
100
AcDbLine
 10
795167.2636114958
 20
-165789.1325122664
 30
0.0
 11
795167.2636114958
 21
-166389.1325122664
 31
0.0
  0
HATCH
  5
56A
330
3D5
100
AcDbEntity
  8
ARROW
 62
1
 60
1
420
16711680
100
AcDbHatch
 10
0.0
 20
0.0
 30
0.0
210
0.0
220
0.0
230
1.0
  2
SOLID
 70
1
 71
0
 91
1
 92
7
 72
0
 73
1
 93
5
 10
795030.0660164601
 20
-166280.1504743428
 10
795030.0660164601
 20
-165574.4733249909
 10
794860.7163499792
 20
-165878.9297735908
 10
794973.274931082
 20
-165878.9297735908
 10
794973.274931082
 20
-166280.1504743428
 97
0
 75
1
 76
1
 47
5.508235739466424
 98
1
 10
795034.270492728
 20
-166062.7044765553
450
0
451
0
460
0.0
461
0.0
452
0
462
0.0
453
2
463
0
 63
5
421
255
463
1
 63
2
421
16776960
470
LINEAR
  0
LWPOLYLINE
  5
56B
330
3D5
100
AcDbEntity
  8
ARROW
 62
1
 60
1
420
16711680
100
AcDbPolyline
 90
5
 70
0
 10
795030.0660164601
 20
-165574.4733249909
 10
794860.7163499792
 20
-165878.9297735908
 10
794973.274931082
 20
-165878.9297735908
 10
794973.274931082
 20
-166280.1504743428
 10
795030.0660164601
 20
-166280.1504743428
  0
LINE
  5
56C
330
3D5
100
AcDbEntity
  8
ARROW
 62
1
 60
1
420
16711680
100
AcDbLine
 10
795030.0660164601
 20
-165574.4733249909
 30
0.0
 11
795030.0660164601
 21
-166280.1504743428
 31
0.0
  0
LINE
  5
56D
330
3D5
100
AcDbEntity
  8
ARROW
 62
1
 60
1
420
16711680
100
AcDbLine
 10
795030.0660164601
 20
-165574.4733249909
 30
0.0
 11
795030.0660164601
 21
-166280.1504743428
 31
0.0
  0
HATCH
  5
56E
330
3D5
100
AcDbEntity
  8
ARROW
 62
1
 60
1
420
16711680
100
AcDbHatch
 10
0.0
 20
0.0
 30
0.0
210
0.0
220
0.0
230
1.0
  2
SOLID
 70
1
 71
0
 91
1
 92
7
 72
0
 73
1
 93
5
 10
795181.1045484022
 20
-165574.4733249909
 10
795181.1045484022
 20
-166280.1504743428
 10
795350.454214883
 20
-165975.694025743
 10
795237.8956337802
 20
-165975.694025743
 10
795237.8956337802
 20
-165574.4733249909
 97
0
 75
1
 76
1
 47
5.508235739466424
 98
1
 10
795176.9000721342
 20
-166013.7649551471
450
0
451
0
460
0.0
461
0.0
452
0
462
0.0
453
2
463
0
 63
5
421
255
463
1
 63
2
421
16776960
470
LINEAR
  0
LWPOLYLINE
  5
56F
330
3D5
100
AcDbEntity
  8
ARROW
 62
1
 60
1
420
16711680
100
AcDbPolyline
 90
5
 70
0
 10
795181.1045484022
 20
-166280.1504743428
 10
795350.454214883
 20
-165975.694025743
 10
795237.8956337802
 20
-165975.694025743
 10
795237.8956337802
 20
-165574.4733249909
 10
795181.1045484022
 20
-165574.4733249909
  0
LINE
  5
570
330
3D5
100
AcDbEntity
  8
ARROW
 62
1
 60
1
420
16711680
100
AcDbLine
 10
795181.1045484022
 20
-166280.1504743428
 30
0.0
 11
795181.1045484022
 21
-165574.4733249909
 31
0.0
  0
LINE
  5
571
330
3D5
100
AcDbEntity
  8
ARROW
 62
1
 60
1
420
16711680
100
AcDbLine
 10
795181.1045484022
 20
-166280.1504743428
 30
0.0
 11
795181.1045484022
 21
-165574.4733249909
 31
0.0
  0
HATCH
  5
572
330
3D5
100
AcDbEntity
  8
ELEV 4
 60
1
100
AcDbHatch
 10
0.0
 20
0.0
 30
0.0
210
0.0
220
0.0
230
1.0
  2
SOLID
 70
1
 71
0
 91
1
 92
7
 72
0
 73
1
 93
7
 10
794501.8987084865
 20
-167029.7360724605
 10
794501.8987084865
 20
-167281.2166874471
 10
794651.7421672518
 20
-167281.2166874471
 10
794651.7421672518
 20
-167029.7360724605
 10
794711.0320211491
 20
-167029.7360724605
 10
794576.8204378694
 20
-166788.5814200189
 10
794442.6088545893
 20
-167029.7360724605
 97
0
 75
1
 76
1
 47
5.508235739466424
 98
1
 10
794511.5108113511
 20
-167020.0710812307
450
0
451
0
460
0.0
461
0.0
452
0
462
0.0
453
2
463
0
 63
5
421
255
463
1
 63
2
421
16776960
470
LINEAR
  0
LWPOLYLINE
  5
573
330
3D5
100
AcDbEntity
  8
ELEV 4
 60
1
100
AcDbPolyline
 90
7
 70
1
 10
794442.6088545893
 20
-167029.7360724605
 10
794576.8204378694
 20
-166788.5814200189
 10
794711.0320211491
 20
-167029.7360724605
 10
794651.7421672518
 20
-167029.7360724605
 10
794651.7421672518
 20
-167281.2166874471
 10
794501.8987084865
 20
-167281.2166874471
 10
794501.8987084865
 20
-167029.7360724605
  0
LWPOLYLINE
  5
574
330
3D5
100
AcDbEntity
  8
DOOR_TENT
 62
5
 60
1
100
AcDbPolyline
 90
4
 70
1
 10
795089.7000444873
 20
-166626.3287510307
 10
795064.7000444873
 20
-166626.3287510307
 10
795064.7000444873
 20
-166676.3287510307
 10
795089.7000444873
 20
-166676.3287510307
  0
LINE
  5
575
330
3D5
100
AcDbEntity
  8
DOOR_TENT
 62
5
 60
1
100
AcDbLine
 10
794089.7000444873
 20
-166676.3287510307
 30
0.0
 11
794164.7000444873
 21
-166676.3287510307
 31
0.0
  0
LINE
  5
576
330
3D5
100
AcDbEntity
  8
DOOR_TENT
 62
5
100
AcDbLine
 10
794089.7000444873
 20
-166701.3287510307
 30
0.0
 11
794139.7000444873
 21
-166701.3287510307
 31
0.0
  0
LINE
  5
577
330
3D5
100
AcDbEntity
  8
DOOR_TENT
 62
5
100
AcDbLine
 10
794164.700044487
 20
-166676.3287510307
 30
0.0
 11
794164.700044487
 21
-166651.3287510307
 31
0.0
  0
LINE
  5
578
330
3D5
100
AcDbEntity
  8
DOOR_TENT
 62
5
100
AcDbLine
 10
794089.7000444873
 20
-166701.3287510307
 30
0.0
 11
794089.7000444873
 21
-166651.3287510307
 31
0.0
  0
LINE
  5
579
330
3D5
100
AcDbEntity
  8
DOOR_TENT
 62
5
100
AcDbLine
 10
794164.7000444873
 20
-166676.3287510307
 30
0.0
 11
794114.7000444873
 21
-166676.3287510307
 31
0.0
  0
LINE
  5
57A
330
3D5
100
AcDbEntity
  8
DOOR_TENT
 62
5
100
AcDbLine
 10
794114.7000444873
 20
-166676.3287510307
 30
0.0
 11
794114.7000444873
 21
-166701.3287510309
 31
0.0
  0
LINE
  5
57B
330
3D5
100
AcDbEntity
  8
DOOR_TENT
 62
5
100
AcDbLine
 10
796089.7000444868
 20
-166701.3287510307
 30
0.0
 11
796039.7000444868
 21
-166701.3287510307
 31
0.0
  0
LINE
  5
57C
330
3D5
100
AcDbEntity
  8
DOOR_TENT
 62
5
100
AcDbLine
 10
796014.7000444868
 20
-166676.3287510307
 30
0.0
 11
796014.7000444868
 21
-166651.3287510307
 31
0.0
  0
LINE
  5
57D
330
3D5
100
AcDbEntity
  8
DOOR_TENT
 62
5
100
AcDbLine
 10
796089.7000444868
 20
-166701.3287510307
 30
0.0
 11
796089.7000444868
 21
-166651.3287510307
 31
0.0
  0
LINE
  5
57E
330
3D5
100
AcDbEntity
  8
DOOR_TENT
 62
5
100
AcDbLine
 10
796014.7000444868
 20
-166676.3287510307
 30
0.0
 11
796064.7000444868
 21
-166676.3287510307
 31
0.0
  0
LINE
  5
57F
330
3D5
100
AcDbEntity
  8
DOOR_TENT
 62
5
100
AcDbLine
 10
796064.7000444868
 20
-166676.3287510307
 30
0.0
 11
796064.7000444868
 21
-166701.3287510309
 31
0.0
  0
LINE
  5
580
330
3D5
100
AcDbEntity
  8
DOOR_TENT
 62
5
100
AcDbLine
 10
794164.7000444873
 20
-166676.3287510307
 30
0.0
 11
794164.7000444873
 21
-166651.3287510307
 31
0.0
  0
LINE
  5
581
330
3D5
100
AcDbEntity
  8
DOOR_TENT
 62
5
100
AcDbLine
 10
794089.7000444873
 20
-166701.3287510307
 30
0.0
 11
794089.7000444873
 21
-166651.3287510307
 31
0.0
  0
LINE
  5
582
330
3D5
100
AcDbEntity
  8
DOOR_TENT
 62
5
100
AcDbLine
 10
794164.7000444873
 20
-166676.3287510307
 30
0.0
 11
794114.7000444873
 21
-166676.3287510307
 31
0.0
  0
LINE
  5
583
330
3D5
100
AcDbEntity
  8
DOOR_TENT
 62
5
100
AcDbLine
 10
794114.7000444873
 20
-166676.3287510307
 30
0.0
 11
794114.7000444873
 21
-166701.3287510309
 31
0.0
  0
LINE
  5
584
330
3D5
100
AcDbEntity
  8
DOOR_TENT
 62
5
100
AcDbLine
 10
794089.7000444873
 20
-166651.3287510307
 30
0.0
 11
794164.700044487
 21
-166651.3287510307
 31
0.0
  0
LINE
  5
585
330
3D5
100
AcDbEntity
  8
DOOR_TENT
 62
5
100
AcDbLine
 10
796014.7000444868
 20
-166651.3287510307
 30
0.0
 11
796089.7000444868
 21
-166651.3287510307
 31
0.0
  0
LINE
  5
586
330
3D5
100
AcDbEntity
  8
DOOR_TENT
  6
HIDDEN
 62
251
 48
2.0
 60
1
420
6513766
100
AcDbLine
 10
795089.700044487
 20
-166676.3287510307
 30
0.0
 11
795089.700044487
 21
-166626.3287510302
 31
0.0
  0
LINE
  5
587
330
3D5
100
AcDbEntity
  8
DOOR_TENT
 60
1
100
AcDbLine
 10
794109.3759704131
 20
-165695.3005170555
 30
0.0
 11
794101.0805530989
 21
-165696.6853614872
 31
0.0
  0
LINE
  5
588
330
3D5
100
AcDbEntity
  8
DOOR_TENT
 60
1
100
AcDbLine
 10
794101.0805530989
 20
-165696.6853614872
 30
0.0
 11
794094.7982040696
 21
-165701.4443043737
 31
0.0
  0
LINE
  5
589
330
3D5
100
AcDbEntity
  8
DOOR_TENT
 60
1
100
AcDbLine
 10
794094.7982040696
 20
-165701.4443043737
 30
0.0
 11
794090.2808267087
 21
-165708.819334308
 31
0.0
  0
LINE
  5
58A
330
3D5
100
AcDbEntity
  8
DOOR_TENT
 60
1
100
AcDbLine
 10
794090.2808267087
 20
-165708.819334308
 30
0.0
 11
794087.2803243991
 21
-165718.0524398837
 31
0.0
  0
LINE
  5
58B
330
3D5
100
AcDbEntity
  8
DOOR_TENT
 60
1
100
AcDbLine
 10
794087.2803243991
 20
-165718.0524398837
 30
0.0
 11
794085.5486005248
 21
-165728.3856096946
 31
0.0
  0
LINE
  5
58C
330
3D5
100
AcDbEntity
  8
DOOR_TENT
 60
1
100
AcDbLine
 10
794085.5486005248
 20
-165728.3856096946
 30
0.0
 11
794084.8375584689
 21
-165739.0608323338
 31
0.0
  0
LINE
  5
58D
330
3D5
100
AcDbEntity
  8
DOOR_TENT
 60
1
100
AcDbLine
 10
794084.8375584689
 20
-165739.0608323338
 30
0.0
 11
794084.8991016148
 21
-165749.320096395
 31
0.0
  0
LINE
  5
58E
330
3D5
100
AcDbEntity
  8
DOOR_TENT
 60
1
100
AcDbLine
 10
794084.8991016148
 20
-165749.320096395
 30
0.0
 11
794085.4851333463
 21
-165758.4053904718
 31
0.0
  0
LINE
  5
58F
330
3D5
100
AcDbEntity
  8
DOOR_TENT
 60
1
100
AcDbLine
 10
794085.4851333463
 20
-165758.4053904718
 30
0.0
 11
794086.3783508873
 21
-165765.6829192986
 31
0.0
  0
LINE
  5
590
330
3D5
100
AcDbEntity
  8
DOOR_TENT
 60
1
100
AcDbLine
 10
794086.3783508873
 20
-165765.6829192986
 30
0.0
 11
794087.484626826
 21
-165771.015752175
 31
0.0
  0
LINE
  5
591
330
3D5
100
AcDbEntity
  8
DOOR_TENT
 60
1
100
AcDbLine
 10
794087.484626826
 20
-165771.015752175
 30
0.0
 11
794088.7406275907
 21
-165774.3911745419
 31
0.0
  0
LINE
  5
592
330
3D5
100
AcDbEntity
  8
DOOR_TENT
 60
1
100
AcDbLine
 10
794088.7406275907
 20
-165774.3911745419
 30
0.0
 11
794090.0830196099
 21
-165775.7964718401
 31
0.0
  0
LINE
  5
593
330
3D5
100
AcDbEntity
  8
DOOR_TENT
 60
1
100
AcDbLine
 10
794090.0830196099
 20
-165775.7964718401
 30
0.0
 11
794091.4484693125
 21
-165775.2189295102
 31
0.0
  0
LINE
  5
594
330
3D5
100
AcDbEntity
  8
DOOR_TENT
 60
1
100
AcDbLine
 10
794091.4484693125
 20
-165775.2189295102
 30
0.0
 11
794092.7736431271
 21
-165772.6458329932
 31
0.0
  0
LINE
  5
595
330
3D5
100
AcDbEntity
  8
DOOR_TENT
 60
1
100
AcDbLine
 10
794092.7736431271
 20
-165772.6458329932
 30
0.0
 11
794093.9952074821
 21
-165768.0644677298
 31
0.0
  0
LINE
  5
596
330
3D5
100
AcDbEntity
  8
DOOR_TENT
 60
1
100
AcDbLine
 10
794093.9952074821
 20
-165768.0644677298
 30
0.0
 11
794095.0498288063
 21
-165761.4621191608
 31
0.0
  0
LINE
  5
597
330
3D5
100
AcDbEntity
  8
DOOR_TENT
 60
1
100
AcDbLine
 10
794095.0498288063
 20
-165761.4621191608
 30
0.0
 11
794095.912257803
 21
-165752.9640874046
 31
0.0
  0
LINE
  5
598
330
3D5
100
AcDbEntity
  8
DOOR_TENT
 60
1
100
AcDbLine
 10
794095.912257803
 20
-165752.9640874046
 30
0.0
 11
794096.7095822747
 21
-165743.247731292
 31
0.0
  0
LINE
  5
599
330
3D5
100
AcDbEntity
  8
DOOR_TENT
 60
1
100
AcDbLine
 10
794096.7095822747
 20
-165743.247731292
 30
0.0
 11
794097.606974299
 21
-165733.1284243312
 31
0.0
  0
LINE
  5
59A
330
3D5
100
AcDbEntity
  8
DOOR_TENT
 60
1
100
AcDbLine
 10
794097.606974299
 20
-165733.1284243312
 30
0.0
 11
794098.7696059529
 21
-165723.4215400301
 31
0.0
  0
LINE
  5
59B
330
3D5
100
AcDbEntity
  8
DOOR_TENT
 60
1
100
AcDbLine
 10
794098.7696059529
 20
-165723.4215400301
 30
0.0
 11
794100.362649314
 21
-165714.9424518974
 31
0.0
  0
LINE
  5
59C
330
3D5
100
AcDbEntity
  8
DOOR_TENT
 60
1
100
AcDbLine
 10
794100.362649314
 20
-165714.9424518974
 30
0.0
 11
794102.5512764595
 21
-165708.506533441
 31
0.0
  0
LINE
  5
59D
330
3D5
100
AcDbEntity
  8
DOOR_TENT
 60
1
100
AcDbLine
 10
794102.5512764595
 20
-165708.506533441
 30
0.0
 11
794105.5006594666
 21
-165704.9291581694
 31
0.0
  0
LINE
  5
59E
330
3D5
100
AcDbEntity
  8
DOOR_TENT
 60
1
100
AcDbLine
 10
794105.5006594666
 20
-165704.9291581694
 30
0.0
 11
794109.3759704131
 21
-165705.0256995909
 31
0.0
  0
LINE
  5
59F
330
3D5
100
AcDbEntity
  8
DOOR_TENT
 60
1
100
AcDbLine
 10
794114.700044487
 20
-165680.0324547343
 30
0.0
 11
794109.3759704131
 21
-165680.0324547343
 31
0.0
  0
LINE
  5
5A0
330
3D5
100
AcDbEntity
  8
DOOR_TENT
 60
1
100
AcDbLine
 10
794109.3759704131
 20
-165680.0324547343
 30
0.0
 11
794109.3759704131
 21
-165722.6250473269
 31
0.0
  0
LINE
  5
5A1
330
3D5
100
AcDbEntity
  8
DOOR_TENT
 60
1
100
AcDbLine
 10
794109.3759704131
 20
-165722.6250473269
 30
0.0
 11
794114.700044487
 21
-165722.6250473269
 31
0.0
  0
LINE
  5
5A2
330
3D5
100
AcDbEntity
  8
DOOR_TENT
 60
1
100
AcDbLine
 10
794145.0241185612
 20
-165695.3005170555
 30
0.0
 11
794153.3195358751
 21
-165696.6853614872
 31
0.0
  0
LINE
  5
5A3
330
3D5
100
AcDbEntity
  8
DOOR_TENT
 60
1
100
AcDbLine
 10
794153.3195358751
 20
-165696.6853614872
 30
0.0
 11
794159.6018849044
 21
-165701.4443043737
 31
0.0
  0
LINE
  5
5A4
330
3D5
100
AcDbEntity
  8
DOOR_TENT
 60
1
100
AcDbLine
 10
794159.6018849044
 20
-165701.4443043737
 30
0.0
 11
794164.1192622656
 21
-165708.819334308
 31
0.0
  0
LINE
  5
5A5
330
3D5
100
AcDbEntity
  8
DOOR_TENT
 60
1
100
AcDbLine
 10
794164.1192622656
 20
-165708.819334308
 30
0.0
 11
794167.1197645752
 21
-165718.0524398837
 31
0.0
  0
LINE
  5
5A6
330
3D5
100
AcDbEntity
  8
DOOR_TENT
 60
1
100
AcDbLine
 10
794167.1197645752
 20
-165718.0524398837
 30
0.0
 11
794168.8514884495
 21
-165728.3856096946
 31
0.0
  0
LINE
  5
5A7
330
3D5
100
AcDbEntity
  8
DOOR_TENT
 60
1
100
AcDbLine
 10
794168.8514884495
 20
-165728.3856096946
 30
0.0
 11
794169.5625305054
 21
-165739.0608323338
 31
0.0
  0
LINE
  5
5A8
330
3D5
100
AcDbEntity
  8
DOOR_TENT
 60
1
100
AcDbLine
 10
794169.5625305054
 20
-165739.0608323338
 30
0.0
 11
794169.5009873592
 21
-165749.320096395
 31
0.0
  0
LINE
  5
5A9
330
3D5
100
AcDbEntity
  8
DOOR_TENT
 60
1
100
AcDbLine
 10
794169.5009873592
 20
-165749.320096395
 30
0.0
 11
794168.914955628
 21
-165758.4053904718
 31
0.0
  0
LINE
  5
5AA
330
3D5
100
AcDbEntity
  8
DOOR_TENT
 60
1
100
AcDbLine
 10
794168.914955628
 20
-165758.4053904718
 30
0.0
 11
794168.0217380867
 21
-165765.6829192986
 31
0.0
  0
LINE
  5
5AB
330
3D5
100
AcDbEntity
  8
DOOR_TENT
 60
1
100
AcDbLine
 10
794168.0217380867
 20
-165765.6829192986
 30
0.0
 11
794166.9154621483
 21
-165771.015752175
 31
0.0
  0
LINE
  5
5AC
330
3D5
100
AcDbEntity
  8
DOOR_TENT
 60
1
100
AcDbLine
 10
794166.9154621483
 20
-165771.015752175
 30
0.0
 11
794165.6594613836
 21
-165774.3911745419
 31
0.0
  0
LINE
  5
5AD
330
3D5
100
AcDbEntity
  8
DOOR_TENT
 60
1
100
AcDbLine
 10
794165.6594613836
 20
-165774.3911745419
 30
0.0
 11
794164.3170693644
 21
-165775.7964718401
 31
0.0
  0
LINE
  5
5AE
330
3D5
100
AcDbEntity
  8
DOOR_TENT
 60
1
100
AcDbLine
 10
794164.3170693644
 20
-165775.7964718401
 30
0.0
 11
794162.9516196618
 21
-165775.2189295102
 31
0.0
  0
LINE
  5
5AF
330
3D5
100
AcDbEntity
  8
DOOR_TENT
 60
1
100
AcDbLine
 10
794162.9516196618
 20
-165775.2189295102
 30
0.0
 11
794161.6264458472
 21
-165772.6458329932
 31
0.0
  0
LINE
  5
5B0
330
3D5
100
AcDbEntity
  8
DOOR_TENT
 60
1
100
AcDbLine
 10
794161.6264458472
 20
-165772.6458329932
 30
0.0
 11
794160.4048814921
 21
-165768.0644677298
 31
0.0
  0
LINE
  5
5B1
330
3D5
100
AcDbEntity
  8
DOOR_TENT
 60
1
100
AcDbLine
 10
794160.4048814921
 20
-165768.0644677298
 30
0.0
 11
794159.350260168
 21
-165761.4621191608
 31
0.0
  0
LINE
  5
5B2
330
3D5
100
AcDbEntity
  8
DOOR_TENT
 60
1
100
AcDbLine
 10
794159.350260168
 20
-165761.4621191608
 30
0.0
 11
794158.4878311713
 21
-165752.9640874046
 31
0.0
  0
LINE
  5
5B3
330
3D5
100
AcDbEntity
  8
DOOR_TENT
 60
1
100
AcDbLine
 10
794158.4878311713
 20
-165752.9640874046
 30
0.0
 11
794157.6905066994
 21
-165743.247731292
 31
0.0
  0
LINE
  5
5B4
330
3D5
100
AcDbEntity
  8
DOOR_TENT
 60
1
100
AcDbLine
 10
794157.6905066994
 20
-165743.247731292
 30
0.0
 11
794156.7931146753
 21
-165733.1284243312
 31
0.0
  0
LINE
  5
5B5
330
3D5
100
AcDbEntity
  8
DOOR_TENT
 60
1
100
AcDbLine
 10
794156.7931146753
 20
-165733.1284243312
 30
0.0
 11
794155.6304830214
 21
-165723.4215400301
 31
0.0
  0
LINE
  5
5B6
330
3D5
100
AcDbEntity
  8
DOOR_TENT
 60
1
100
AcDbLine
 10
794155.6304830214
 20
-165723.4215400301
 30
0.0
 11
794154.0374396603
 21
-165714.9424518974
 31
0.0
  0
LINE
  5
5B7
330
3D5
100
AcDbEntity
  8
DOOR_TENT
 60
1
100
AcDbLine
 10
794154.0374396603
 20
-165714.9424518974
 30
0.0
 11
794151.8488125148
 21
-165708.506533441
 31
0.0
  0
LINE
  5
5B8
330
3D5
100
AcDbEntity
  8
DOOR_TENT
 60
1
100
AcDbLine
 10
794151.8488125148
 20
-165708.506533441
 30
0.0
 11
794148.8994295074
 21
-165704.9291581694
 31
0.0
  0
LINE
  5
5B9
330
3D5
100
AcDbEntity
  8
DOOR_TENT
 60
1
100
AcDbLine
 10
794148.8994295074
 20
-165704.9291581694
 30
0.0
 11
794145.0241185612
 21
-165705.0256995909
 31
0.0
  0
LINE
  5
5BA
330
3D5
100
AcDbEntity
  8
DOOR_TENT
 60
1
100
AcDbLine
 10
794139.700044487
 20
-165680.0324547343
 30
0.0
 11
794145.0241185612
 21
-165680.0324547343
 31
0.0
  0
LINE
  5
5BB
330
3D5
100
AcDbEntity
  8
DOOR_TENT
 60
1
100
AcDbLine
 10
794145.0241185612
 20
-165680.0324547343
 30
0.0
 11
794145.0241185612
 21
-165722.6250473269
 31
0.0
  0
LINE
  5
5BC
330
3D5
100
AcDbEntity
  8
DOOR_TENT
 60
1
100
AcDbLine
 10
794145.0241185612
 20
-165722.6250473269
 30
0.0
 11
794139.700044487
 21
-165722.6250473269
 31
0.0
  0
LINE
  5
5BD
330
3D5
100
AcDbEntity
  8
DOOR_TENT
 62
5
 60
1
100
AcDbLine
 10
794089.7000444873
 20
-166626.3287510307
 30
0.0
 11
794139.7000444873
 21
-166626.3287510307
 31
0.0
  0
LINE
  5
5BE
330
3D5
100
AcDbEntity
  8
DOOR_TENT
 62
5
 60
1
100
AcDbLine
 10
794164.700044487
 20
-166651.3287510307
 30
0.0
 11
794164.700044487
 21
-166676.3287510307
 31
0.0
  0
LINE
  5
5BF
330
3D5
100
AcDbEntity
  8
DOOR_TENT
 62
5
 60
1
100
AcDbLine
 10
794089.7000444873
 20
-166626.3287510307
 30
0.0
 11
794089.7000444873
 21
-166676.3287510307
 31
0.0
  0
LINE
  5
5C0
330
3D5
100
AcDbEntity
  8
DOOR_TENT
 62
5
 60
1
100
AcDbLine
 10
794164.7000444873
 20
-166651.3287510307
 30
0.0
 11
794114.7000444873
 21
-166651.3287510307
 31
0.0
  0
LINE
  5
5C1
330
3D5
100
AcDbEntity
  8
DOOR_TENT
 62
5
 60
1
100
AcDbLine
 10
794114.7000444873
 20
-166651.3287510307
 30
0.0
 11
794114.7000444873
 21
-166626.3287510304
 31
0.0
  0
LINE
  5
5C2
330
3D5
100
AcDbEntity
  8
DOOR_TENT
  6
HIDDEN
 62
251
 48
2.0
 60
1
420
6513766
100
AcDbLine
 10
795089.700044487
 20
-166676.3287510307
 30
0.0
 11
795089.700044487
 21
-166626.3287510302
 31
0.0
  0
LINE
  5
5C3
330
3D5
100
AcDbEntity
  8
DOOR_TENT
 62
5
 60
1
100
AcDbLine
 10
794114.700044487
 20
-165676.3287510304
 30
0.0
 11
794139.700044487
 21
-165676.3287510304
 31
0.0
  0
LINE
  5
5C4
330
3D5
100
AcDbEntity
  8
DOOR_TENT
 62
3
 60
1
100
AcDbLine
 10
794139.700044487
 20
-165726.3287510304
 30
0.0
 11
794139.7000444873
 21
-166576.3287510304
 31
0.0
  0
LINE
  5
5C5
330
3D5
100
AcDbEntity
  8
DOOR_TENT
 62
3
 60
1
100
AcDbLine
 10
794134.7000444873
 20
-166526.3287510304
 30
0.0
 11
794134.700044487
 21
-165776.3287510304
 31
0.0
  0
LINE
  5
5C6
330
3D5
100
AcDbEntity
  8
DOOR_TENT
 62
3
 60
1
100
AcDbLine
 10
794119.700044487
 20
-165776.3287510304
 30
0.0
 11
794119.7000444873
 21
-166526.3287510304
 31
0.0
  0
LINE
  5
5C7
330
3D5
100
AcDbEntity
  8
DOOR_TENT
 62
3
 60
1
100
AcDbLine
 10
794114.7000444873
 20
-166576.3287510304
 30
0.0
 11
794114.700044487
 21
-165726.3287510304
 31
0.0
  0
LINE
  5
5C8
330
3D5
100
AcDbEntity
  8
DOOR_TENT
 62
5
 60
1
100
AcDbLine
 10
794139.700044487
 20
-165676.3287510304
 30
0.0
 11
794139.700044487
 21
-165726.3287510304
 31
0.0
  0
LINE
  5
5C9
330
3D5
100
AcDbEntity
  8
DOOR_TENT
 62
5
 60
1
100
AcDbLine
 10
794139.700044487
 20
-165726.3287510304
 30
0.0
 11
794134.700044487
 21
-165726.3287510304
 31
0.0
  0
LINE
  5
5CA
330
3D5
100
AcDbEntity
  8
DOOR_TENT
 62
5
 60
1
100
AcDbLine
 10
794134.700044487
 20
-165726.3287510304
 30
0.0
 11
794134.700044487
 21
-165776.3287510304
 31
0.0
  0
LINE
  5
5CB
330
3D5
100
AcDbEntity
  8
DOOR_TENT
 62
5
 60
1
100
AcDbLine
 10
794134.700044487
 20
-165776.3287510304
 30
0.0
 11
794119.700044487
 21
-165776.3287510304
 31
0.0
  0
LINE
  5
5CC
330
3D5
100
AcDbEntity
  8
DOOR_TENT
 62
5
 60
1
100
AcDbLine
 10
794119.700044487
 20
-165776.3287510304
 30
0.0
 11
794119.700044487
 21
-165726.3287510304
 31
0.0
  0
LINE
  5
5CD
330
3D5
100
AcDbEntity
  8
DOOR_TENT
 62
5
 60
1
100
AcDbLine
 10
794119.700044487
 20
-165726.3287510304
 30
0.0
 11
794114.700044487
 21
-165726.3287510304
 31
0.0
  0
LINE
  5
5CE
330
3D5
100
AcDbEntity
  8
DOOR_TENT
 62
5
 60
1
100
AcDbLine
 10
794114.700044487
 20
-165726.3287510304
 30
0.0
 11
794114.700044487
 21
-165676.3287510304
 31
0.0
  0
LINE
  5
5CF
330
3D5
100
AcDbEntity
  8
DOOR_TENT
 62
5
 60
1
100
AcDbLine
 10
794114.700044487
 20
-165676.3287510304
 30
0.0
 11
794139.700044487
 21
-165676.3287510304
 31
0.0
  0
LINE
  5
5D0
330
3D5
100
AcDbEntity
  8
DOOR_TENT
 62
5
 60
1
100
AcDbLine
 10
794114.700044487
 20
-165676.3287510304
 30
0.0
 11
794139.700044487
 21
-165676.3287510304
 31
0.0
  0
LINE
  5
5D1
330
3D5
100
AcDbEntity
  8
DOOR_TENT
 62
5
 60
1
100
AcDbLine
 10
794114.700044487
 20
-165676.3287510304
 30
0.0
 11
794139.700044487
 21
-165676.3287510304
 31
0.0
  0
LINE
  5
5D2
330
3D5
100
AcDbEntity
  8
DOOR_TENT
 62
5
 60
1
100
AcDbLine
 10
794139.7000444873
 20
-166626.3287510304
 30
0.0
 11
794139.7000444873
 21
-166576.3287510304
 31
0.0
  0
LINE
  5
5D3
330
3D5
100
AcDbEntity
  8
DOOR_TENT
 62
5
 60
1
100
AcDbLine
 10
794139.7000444873
 20
-166576.3287510304
 30
0.0
 11
794134.7000444873
 21
-166576.3287510304
 31
0.0
  0
LINE
  5
5D4
330
3D5
100
AcDbEntity
  8
DOOR_TENT
 62
5
 60
1
100
AcDbLine
 10
794134.7000444873
 20
-166576.3287510304
 30
0.0
 11
794134.7000444873
 21
-166526.3287510304
 31
0.0
  0
LINE
  5
5D5
330
3D5
100
AcDbEntity
  8
DOOR_TENT
 62
5
 60
1
100
AcDbLine
 10
794134.7000444873
 20
-166526.3287510304
 30
0.0
 11
794119.7000444873
 21
-166526.3287510304
 31
0.0
  0
LINE
  5
5D6
330
3D5
100
AcDbEntity
  8
DOOR_TENT
 62
5
 60
1
100
AcDbLine
 10
794119.7000444873
 20
-166526.3287510304
 30
0.0
 11
794119.7000444873
 21
-166576.3287510304
 31
0.0
  0
LINE
  5
5D7
330
3D5
100
AcDbEntity
  8
DOOR_TENT
 62
5
 60
1
100
AcDbLine
 10
794119.7000444873
 20
-166576.3287510304
 30
0.0
 11
794114.7000444873
 21
-166576.3287510304
 31
0.0
  0
LINE
  5
5D8
330
3D5
100
AcDbEntity
  8
DOOR_TENT
 62
5
 60
1
100
AcDbLine
 10
794114.7000444873
 20
-166576.3287510304
 30
0.0
 11
794114.7000444873
 21
-166626.3287510304
 31
0.0
  0
ARC
  5
5D9
330
3D5
100
AcDbEntity
  8
DOOR_TENT
  6
Continuous
 62
251
 48
2.0
 60
1
420
6513766
100
AcDbCircle
 10
794139.8052229822
 20
-166626.2235725359
 30
0.0
 40
949.8948273280283
100
AcDbArc
 50
359.9936558481453
 51
90.00634415185442
  0
LWPOLYLINE
  5
5DA
330
3D5
100
AcDbEntity
  8
DOOR_TENT
 62
5
 60
1
100
AcDbPolyline
 90
4
 70
1
 10
795089.7000444873
 20
-166626.3287510307
 10
795064.7000444873
 20
-166626.3287510307
 10
795064.7000444873
 20
-166676.3287510307
 10
795089.7000444873
 20
-166676.3287510307
  0
LINE
  5
5DB
330
3D5
100
AcDbEntity
  8
DOOR_TENT
 62
5
 60
1
100
AcDbLine
 10
794089.7000444873
 20
-166676.3287510307
 30
0.0
 11
794164.7000444873
 21
-166676.3287510307
 31
0.0
  0
HATCH
  5
5DC
330
3D5
100
AcDbEntity
  8
ARROW
 62
6
 60
1
100
AcDbHatch
 10
0.0
 20
0.0
 30
0.0
210
0.0
220
0.0
230
1.0
  2
SOLID
 70
1
 71
0
 91
1
 92
7
 72
0
 73
1
 93
7
 10
795039.367954867
 20
-167110.164815603
 10
795039.367954867
 20
-167361.6454305896
 10
795189.2114136323
 20
-167361.6454305896
 10
795189.2114136323
 20
-167110.164815603
 10
795248.5012675296
 20
-167110.164815603
 10
795114.2896842499
 20
-166869.0101631614
 10
794980.0781009698
 20
-167110.164815603
 97
0
 75
1
 76
1
 47
5.508235739466424
 98
1
 10
795048.9800577316
 20
-167100.4998243732
450
0
451
0
460
0.0
461
0.0
452
0
462
0.0
453
2
463
0
 63
5
421
255
463
1
 63
2
421
16776960
470
LINEAR
  0
LWPOLYLINE
  5
5DD
330
3D5
100
AcDbEntity
  8
ARROW
 62
6
 60
1
100
AcDbPolyline
 90
7
 70
1
 10
794980.0781009698
 20
-167110.164815603
 10
795114.2896842499
 20
-166869.0101631614
 10
795248.5012675296
 20
-167110.164815603
 10
795189.2114136323
 20
-167110.164815603
 10
795189.2114136323
 20
-167361.6454305896
 10
795039.367954867
 20
-167361.6454305896
 10
795039.367954867
 20
-167110.164815603
  0
LINE
  5
5DE
330
3D5
100
AcDbEntity
  8
DOOR_TENT
 60
1
100
AcDbLine
 10
794109.3759704131
 20
-165695.3005170555
 30
0.0
 11
794101.0805530989
 21
-165696.6853614872
 31
0.0
  0
LINE
  5
5DF
330
3D5
100
AcDbEntity
  8
DOOR_TENT
 60
1
100
AcDbLine
 10
794101.0805530989
 20
-165696.6853614872
 30
0.0
 11
794094.7982040696
 21
-165701.4443043737
 31
0.0
  0
LINE
  5
5E0
330
3D5
100
AcDbEntity
  8
DOOR_TENT
 60
1
100
AcDbLine
 10
794094.7982040696
 20
-165701.4443043737
 30
0.0
 11
794090.2808267087
 21
-165708.819334308
 31
0.0
  0
LINE
  5
5E1
330
3D5
100
AcDbEntity
  8
DOOR_TENT
 60
1
100
AcDbLine
 10
794090.2808267087
 20
-165708.819334308
 30
0.0
 11
794087.2803243991
 21
-165718.0524398837
 31
0.0
  0
LINE
  5
5E2
330
3D5
100
AcDbEntity
  8
DOOR_TENT
 60
1
100
AcDbLine
 10
794087.2803243991
 20
-165718.0524398837
 30
0.0
 11
794085.5486005248
 21
-165728.3856096946
 31
0.0
  0
LINE
  5
5E3
330
3D5
100
AcDbEntity
  8
DOOR_TENT
 60
1
100
AcDbLine
 10
794085.5486005248
 20
-165728.3856096946
 30
0.0
 11
794084.8375584689
 21
-165739.0608323338
 31
0.0
  0
LINE
  5
5E4
330
3D5
100
AcDbEntity
  8
DOOR_TENT
 60
1
100
AcDbLine
 10
794084.8375584689
 20
-165739.0608323338
 30
0.0
 11
794084.8991016148
 21
-165749.320096395
 31
0.0
  0
LINE
  5
5E5
330
3D5
100
AcDbEntity
  8
DOOR_TENT
 60
1
100
AcDbLine
 10
794084.8991016148
 20
-165749.320096395
 30
0.0
 11
794085.4851333463
 21
-165758.4053904718
 31
0.0
  0
LINE
  5
5E6
330
3D5
100
AcDbEntity
  8
DOOR_TENT
 60
1
100
AcDbLine
 10
794085.4851333463
 20
-165758.4053904718
 30
0.0
 11
794086.3783508873
 21
-165765.6829192986
 31
0.0
  0
LINE
  5
5E7
330
3D5
100
AcDbEntity
  8
DOOR_TENT
 60
1
100
AcDbLine
 10
794086.3783508873
 20
-165765.6829192986
 30
0.0
 11
794087.484626826
 21
-165771.015752175
 31
0.0
  0
LINE
  5
5E8
330
3D5
100
AcDbEntity
  8
DOOR_TENT
 60
1
100
AcDbLine
 10
794087.484626826
 20
-165771.015752175
 30
0.0
 11
794088.7406275907
 21
-165774.3911745419
 31
0.0
  0
LINE
  5
5E9
330
3D5
100
AcDbEntity
  8
DOOR_TENT
 60
1
100
AcDbLine
 10
794088.7406275907
 20
-165774.3911745419
 30
0.0
 11
794090.0830196099
 21
-165775.7964718401
 31
0.0
  0
LINE
  5
5EA
330
3D5
100
AcDbEntity
  8
DOOR_TENT
 60
1
100
AcDbLine
 10
794090.0830196099
 20
-165775.7964718401
 30
0.0
 11
794091.4484693125
 21
-165775.2189295102
 31
0.0
  0
LINE
  5
5EB
330
3D5
100
AcDbEntity
  8
DOOR_TENT
 60
1
100
AcDbLine
 10
794091.4484693125
 20
-165775.2189295102
 30
0.0
 11
794092.7736431271
 21
-165772.6458329932
 31
0.0
  0
LINE
  5
5EC
330
3D5
100
AcDbEntity
  8
DOOR_TENT
 60
1
100
AcDbLine
 10
794092.7736431271
 20
-165772.6458329932
 30
0.0
 11
794093.9952074821
 21
-165768.0644677298
 31
0.0
  0
LINE
  5
5ED
330
3D5
100
AcDbEntity
  8
DOOR_TENT
 60
1
100
AcDbLine
 10
794093.9952074821
 20
-165768.0644677298
 30
0.0
 11
794095.0498288063
 21
-165761.4621191608
 31
0.0
  0
LINE
  5
5EE
330
3D5
100
AcDbEntity
  8
DOOR_TENT
 60
1
100
AcDbLine
 10
794095.0498288063
 20
-165761.4621191608
 30
0.0
 11
794095.912257803
 21
-165752.9640874046
 31
0.0
  0
LINE
  5
5EF
330
3D5
100
AcDbEntity
  8
DOOR_TENT
 60
1
100
AcDbLine
 10
794095.912257803
 20
-165752.9640874046
 30
0.0
 11
794096.7095822747
 21
-165743.247731292
 31
0.0
  0
LINE
  5
5F0
330
3D5
100
AcDbEntity
  8
DOOR_TENT
 60
1
100
AcDbLine
 10
794096.7095822747
 20
-165743.247731292
 30
0.0
 11
794097.606974299
 21
-165733.1284243312
 31
0.0
  0
LINE
  5
5F1
330
3D5
100
AcDbEntity
  8
DOOR_TENT
 60
1
100
AcDbLine
 10
794097.606974299
 20
-165733.1284243312
 30
0.0
 11
794098.7696059529
 21
-165723.4215400301
 31
0.0
  0
LINE
  5
5F2
330
3D5
100
AcDbEntity
  8
DOOR_TENT
 60
1
100
AcDbLine
 10
794098.7696059529
 20
-165723.4215400301
 30
0.0
 11
794100.362649314
 21
-165714.9424518974
 31
0.0
  0
LINE
  5
5F3
330
3D5
100
AcDbEntity
  8
DOOR_TENT
 60
1
100
AcDbLine
 10
794100.362649314
 20
-165714.9424518974
 30
0.0
 11
794102.5512764595
 21
-165708.506533441
 31
0.0
  0
LINE
  5
5F4
330
3D5
100
AcDbEntity
  8
DOOR_TENT
 60
1
100
AcDbLine
 10
794102.5512764595
 20
-165708.506533441
 30
0.0
 11
794105.5006594666
 21
-165704.9291581694
 31
0.0
  0
LINE
  5
5F5
330
3D5
100
AcDbEntity
  8
DOOR_TENT
 60
1
100
AcDbLine
 10
794105.5006594666
 20
-165704.9291581694
 30
0.0
 11
794109.3759704131
 21
-165705.0256995909
 31
0.0
  0
LINE
  5
5F6
330
3D5
100
AcDbEntity
  8
DOOR_TENT
 60
1
100
AcDbLine
 10
794114.700044487
 20
-165680.0324547343
 30
0.0
 11
794109.3759704131
 21
-165680.0324547343
 31
0.0
  0
LINE
  5
5F7
330
3D5
100
AcDbEntity
  8
DOOR_TENT
 60
1
100
AcDbLine
 10
794109.3759704131
 20
-165680.0324547343
 30
0.0
 11
794109.3759704131
 21
-165722.6250473269
 31
0.0
  0
LINE
  5
5F8
330
3D5
100
AcDbEntity
  8
DOOR_TENT
 60
1
100
AcDbLine
 10
794109.3759704131
 20
-165722.6250473269
 30
0.0
 11
794114.700044487
 21
-165722.6250473269
 31
0.0
  0
LINE
  5
5F9
330
3D5
100
AcDbEntity
  8
DOOR_TENT
 60
1
100
AcDbLine
 10
794145.0241185612
 20
-165695.3005170555
 30
0.0
 11
794153.3195358751
 21
-165696.6853614872
 31
0.0
  0
LINE
  5
5FA
330
3D5
100
AcDbEntity
  8
DOOR_TENT
 60
1
100
AcDbLine
 10
794153.3195358751
 20
-165696.6853614872
 30
0.0
 11
794159.6018849044
 21
-165701.4443043737
 31
0.0
  0
LINE
  5
5FB
330
3D5
100
AcDbEntity
  8
DOOR_TENT
 60
1
100
AcDbLine
 10
794159.6018849044
 20
-165701.4443043737
 30
0.0
 11
794164.1192622656
 21
-165708.819334308
 31
0.0
  0
LINE
  5
5FC
330
3D5
100
AcDbEntity
  8
DOOR_TENT
 60
1
100
AcDbLine
 10
794164.1192622656
 20
-165708.819334308
 30
0.0
 11
794167.1197645752
 21
-165718.0524398837
 31
0.0
  0
LINE
  5
5FD
330
3D5
100
AcDbEntity
  8
DOOR_TENT
 60
1
100
AcDbLine
 10
794167.1197645752
 20
-165718.0524398837
 30
0.0
 11
794168.8514884495
 21
-165728.3856096946
 31
0.0
  0
LINE
  5
5FE
330
3D5
100
AcDbEntity
  8
DOOR_TENT
 60
1
100
AcDbLine
 10
794168.8514884495
 20
-165728.3856096946
 30
0.0
 11
794169.5625305054
 21
-165739.0608323338
 31
0.0
  0
LINE
  5
5FF
330
3D5
100
AcDbEntity
  8
DOOR_TENT
 60
1
100
AcDbLine
 10
794169.5625305054
 20
-165739.0608323338
 30
0.0
 11
794169.5009873592
 21
-165749.320096395
 31
0.0
  0
LINE
  5
600
330
3D5
100
AcDbEntity
  8
DOOR_TENT
 60
1
100
AcDbLine
 10
794169.5009873592
 20
-165749.320096395
 30
0.0
 11
794168.914955628
 21
-165758.4053904718
 31
0.0
  0
LINE
  5
601
330
3D5
100
AcDbEntity
  8
DOOR_TENT
 60
1
100
AcDbLine
 10
794168.914955628
 20
-165758.4053904718
 30
0.0
 11
794168.0217380867
 21
-165765.6829192986
 31
0.0
  0
LINE
  5
602
330
3D5
100
AcDbEntity
  8
DOOR_TENT
 60
1
100
AcDbLine
 10
794168.0217380867
 20
-165765.6829192986
 30
0.0
 11
794166.9154621483
 21
-165771.015752175
 31
0.0
  0
LINE
  5
603
330
3D5
100
AcDbEntity
  8
DOOR_TENT
 60
1
100
AcDbLine
 10
794166.9154621483
 20
-165771.015752175
 30
0.0
 11
794165.6594613836
 21
-165774.3911745419
 31
0.0
  0
LINE
  5
604
330
3D5
100
AcDbEntity
  8
DOOR_TENT
 60
1
100
AcDbLine
 10
794165.6594613836
 20
-165774.3911745419
 30
0.0
 11
794164.3170693644
 21
-165775.7964718401
 31
0.0
  0
LINE
  5
605
330
3D5
100
AcDbEntity
  8
DOOR_TENT
 60
1
100
AcDbLine
 10
794164.3170693644
 20
-165775.7964718401
 30
0.0
 11
794162.9516196618
 21
-165775.2189295102
 31
0.0
  0
LINE
  5
606
330
3D5
100
AcDbEntity
  8
DOOR_TENT
 60
1
100
AcDbLine
 10
794162.9516196618
 20
-165775.2189295102
 30
0.0
 11
794161.6264458472
 21
-165772.6458329932
 31
0.0
  0
LINE
  5
607
330
3D5
100
AcDbEntity
  8
DOOR_TENT
 60
1
100
AcDbLine
 10
794161.6264458472
 20
-165772.6458329932
 30
0.0
 11
794160.4048814921
 21
-165768.0644677298
 31
0.0
  0
LINE
  5
608
330
3D5
100
AcDbEntity
  8
DOOR_TENT
 60
1
100
AcDbLine
 10
794160.4048814921
 20
-165768.0644677298
 30
0.0
 11
794159.350260168
 21
-165761.4621191608
 31
0.0
  0
LINE
  5
609
330
3D5
100
AcDbEntity
  8
DOOR_TENT
 60
1
100
AcDbLine
 10
794159.350260168
 20
-165761.4621191608
 30
0.0
 11
794158.4878311713
 21
-165752.9640874046
 31
0.0
  0
LINE
  5
60A
330
3D5
100
AcDbEntity
  8
DOOR_TENT
 60
1
100
AcDbLine
 10
794158.4878311713
 20
-165752.9640874046
 30
0.0
 11
794157.6905066994
 21
-165743.247731292
 31
0.0
  0
LINE
  5
60B
330
3D5
100
AcDbEntity
  8
DOOR_TENT
 60
1
100
AcDbLine
 10
794157.6905066994
 20
-165743.247731292
 30
0.0
 11
794156.7931146753
 21
-165733.1284243312
 31
0.0
  0
LINE
  5
60C
330
3D5
100
AcDbEntity
  8
DOOR_TENT
 60
1
100
AcDbLine
 10
794156.7931146753
 20
-165733.1284243312
 30
0.0
 11
794155.6304830214
 21
-165723.4215400301
 31
0.0
  0
LINE
  5
60D
330
3D5
100
AcDbEntity
  8
DOOR_TENT
 60
1
100
AcDbLine
 10
794155.6304830214
 20
-165723.4215400301
 30
0.0
 11
794154.0374396603
 21
-165714.9424518974
 31
0.0
  0
LINE
  5
60E
330
3D5
100
AcDbEntity
  8
DOOR_TENT
 60
1
100
AcDbLine
 10
794154.0374396603
 20
-165714.9424518974
 30
0.0
 11
794151.8488125148
 21
-165708.506533441
 31
0.0
  0
LINE
  5
60F
330
3D5
100
AcDbEntity
  8
DOOR_TENT
 60
1
100
AcDbLine
 10
794151.8488125148
 20
-165708.506533441
 30
0.0
 11
794148.8994295074
 21
-165704.9291581694
 31
0.0
  0
LINE
  5
610
330
3D5
100
AcDbEntity
  8
DOOR_TENT
 60
1
100
AcDbLine
 10
794148.8994295074
 20
-165704.9291581694
 30
0.0
 11
794145.0241185612
 21
-165705.0256995909
 31
0.0
  0
LINE
  5
611
330
3D5
100
AcDbEntity
  8
DOOR_TENT
 60
1
100
AcDbLine
 10
794139.700044487
 20
-165680.0324547343
 30
0.0
 11
794145.0241185612
 21
-165680.0324547343
 31
0.0
  0
LINE
  5
612
330
3D5
100
AcDbEntity
  8
DOOR_TENT
 60
1
100
AcDbLine
 10
794145.0241185612
 20
-165680.0324547343
 30
0.0
 11
794145.0241185612
 21
-165722.6250473269
 31
0.0
  0
LINE
  5
613
330
3D5
100
AcDbEntity
  8
DOOR_TENT
 60
1
100
AcDbLine
 10
794145.0241185612
 20
-165722.6250473269
 30
0.0
 11
794139.700044487
 21
-165722.6250473269
 31
0.0
  0
LINE
  5
614
330
3D5
100
AcDbEntity
  8
DOOR_TENT
 62
5
 60
1
100
AcDbLine
 10
794114.700044487
 20
-165676.3287510304
 30
0.0
 11
794139.700044487
 21
-165676.3287510304
 31
0.0
  0
LINE
  5
615
330
3D5
100
AcDbEntity
  8
DOOR_TENT
 62
3
 60
1
100
AcDbLine
 10
794139.700044487
 20
-165726.3287510304
 30
0.0
 11
794139.7000444873
 21
-166576.3287510304
 31
0.0
  0
LINE
  5
616
330
3D5
100
AcDbEntity
  8
DOOR_TENT
 62
3
 60
1
100
AcDbLine
 10
794134.7000444873
 20
-166526.3287510304
 30
0.0
 11
794134.700044487
 21
-165776.3287510304
 31
0.0
  0
LINE
  5
617
330
3D5
100
AcDbEntity
  8
DOOR_TENT
 62
3
 60
1
100
AcDbLine
 10
794119.700044487
 20
-165776.3287510304
 30
0.0
 11
794119.7000444873
 21
-166526.3287510304
 31
0.0
  0
LINE
  5
618
330
3D5
100
AcDbEntity
  8
DOOR_TENT
 62
3
 60
1
100
AcDbLine
 10
794114.7000444873
 20
-166576.3287510304
 30
0.0
 11
794114.700044487
 21
-165726.3287510304
 31
0.0
  0
LINE
  5
619
330
3D5
100
AcDbEntity
  8
DOOR_TENT
 62
5
 60
1
100
AcDbLine
 10
794139.700044487
 20
-165676.3287510304
 30
0.0
 11
794139.700044487
 21
-165726.3287510304
 31
0.0
  0
LINE
  5
61A
330
3D5
100
AcDbEntity
  8
DOOR_TENT
 62
5
 60
1
100
AcDbLine
 10
794139.700044487
 20
-165726.3287510304
 30
0.0
 11
794134.700044487
 21
-165726.3287510304
 31
0.0
  0
LINE
  5
61B
330
3D5
100
AcDbEntity
  8
DOOR_TENT
 62
5
 60
1
100
AcDbLine
 10
794134.700044487
 20
-165726.3287510304
 30
0.0
 11
794134.700044487
 21
-165776.3287510304
 31
0.0
  0
LINE
  5
61C
330
3D5
100
AcDbEntity
  8
DOOR_TENT
 62
5
 60
1
100
AcDbLine
 10
794134.700044487
 20
-165776.3287510304
 30
0.0
 11
794119.700044487
 21
-165776.3287510304
 31
0.0
  0
LINE
  5
61D
330
3D5
100
AcDbEntity
  8
DOOR_TENT
 62
5
 60
1
100
AcDbLine
 10
794119.700044487
 20
-165776.3287510304
 30
0.0
 11
794119.700044487
 21
-165726.3287510304
 31
0.0
  0
LINE
  5
61E
330
3D5
100
AcDbEntity
  8
DOOR_TENT
 62
5
 60
1
100
AcDbLine
 10
794119.700044487
 20
-165726.3287510304
 30
0.0
 11
794114.700044487
 21
-165726.3287510304
 31
0.0
  0
LINE
  5
61F
330
3D5
100
AcDbEntity
  8
DOOR_TENT
 62
5
 60
1
100
AcDbLine
 10
794114.700044487
 20
-165726.3287510304
 30
0.0
 11
794114.700044487
 21
-165676.3287510304
 31
0.0
  0
LINE
  5
620
330
3D5
100
AcDbEntity
  8
DOOR_TENT
 62
5
 60
1
100
AcDbLine
 10
794114.700044487
 20
-165676.3287510304
 30
0.0
 11
794139.700044487
 21
-165676.3287510304
 31
0.0
  0
LINE
  5
621
330
3D5
100
AcDbEntity
  8
DOOR_TENT
 62
5
 60
1
100
AcDbLine
 10
794114.700044487
 20
-165676.3287510304
 30
0.0
 11
794139.700044487
 21
-165676.3287510304
 31
0.0
  0
LINE
  5
622
330
3D5
100
AcDbEntity
  8
DOOR_TENT
 62
5
 60
1
100
AcDbLine
 10
794114.700044487
 20
-165676.3287510304
 30
0.0
 11
794139.700044487
 21
-165676.3287510304
 31
0.0
  0
LINE
  5
623
330
3D5
100
AcDbEntity
  8
DOOR_TENT
 62
5
 60
1
100
AcDbLine
 10
794139.7000444873
 20
-166626.3287510304
 30
0.0
 11
794139.7000444873
 21
-166576.3287510304
 31
0.0
  0
LINE
  5
624
330
3D5
100
AcDbEntity
  8
DOOR_TENT
 62
5
 60
1
100
AcDbLine
 10
794139.7000444873
 20
-166576.3287510304
 30
0.0
 11
794134.7000444873
 21
-166576.3287510304
 31
0.0
  0
LINE
  5
625
330
3D5
100
AcDbEntity
  8
DOOR_TENT
 62
5
 60
1
100
AcDbLine
 10
794134.7000444873
 20
-166576.3287510304
 30
0.0
 11
794134.7000444873
 21
-166526.3287510304
 31
0.0
  0
LINE
  5
626
330
3D5
100
AcDbEntity
  8
DOOR_TENT
 62
5
 60
1
100
AcDbLine
 10
794134.7000444873
 20
-166526.3287510304
 30
0.0
 11
794119.7000444873
 21
-166526.3287510304
 31
0.0
  0
LINE
  5
627
330
3D5
100
AcDbEntity
  8
DOOR_TENT
 62
5
 60
1
100
AcDbLine
 10
794119.7000444873
 20
-166526.3287510304
 30
0.0
 11
794119.7000444873
 21
-166576.3287510304
 31
0.0
  0
LINE
  5
628
330
3D5
100
AcDbEntity
  8
DOOR_TENT
 62
5
 60
1
100
AcDbLine
 10
794119.7000444873
 20
-166576.3287510304
 30
0.0
 11
794114.7000444873
 21
-166576.3287510304
 31
0.0
  0
LINE
  5
629
330
3D5
100
AcDbEntity
  8
DOOR_TENT
 62
5
 60
1
100
AcDbLine
 10
794114.7000444873
 20
-166576.3287510304
 30
0.0
 11
794114.7000444873
 21
-166626.3287510304
 31
0.0
  0
ARC
  5
62A
330
3D5
100
AcDbEntity
  8
DOOR_TENT
  6
Continuous
 62
251
 48
2.0
 60
1
420
6513766
100
AcDbCircle
 10
794139.8052229822
 20
-166626.2235725359
 30
0.0
 40
949.8948273280283
100
AcDbArc
 50
359.9936558481453
 51
90.00634415185449
  0
LINE
  5
62B
330
3D5
100
AcDbEntity
  8
DOOR_TENT
 60
1
100
AcDbLine
 10
796070.0241185607
 20
-165695.3005170555
 30
0.0
 11
796078.3195358749
 21
-165696.6853614872
 31
0.0
  0
LINE
  5
62C
330
3D5
100
AcDbEntity
  8
DOOR_TENT
 60
1
100
AcDbLine
 10
796078.3195358749
 20
-165696.6853614872
 30
0.0
 11
796084.6018849042
 21
-165701.4443043737
 31
0.0
  0
LINE
  5
62D
330
3D5
100
AcDbEntity
  8
DOOR_TENT
 60
1
100
AcDbLine
 10
796084.6018849042
 20
-165701.4443043737
 30
0.0
 11
796089.1192622652
 21
-165708.819334308
 31
0.0
  0
LINE
  5
62E
330
3D5
100
AcDbEntity
  8
DOOR_TENT
 60
1
100
AcDbLine
 10
796089.1192622652
 20
-165708.819334308
 30
0.0
 11
796092.1197645747
 21
-165718.0524398837
 31
0.0
  0
LINE
  5
62F
330
3D5
100
AcDbEntity
  8
DOOR_TENT
 60
1
100
AcDbLine
 10
796092.1197645747
 20
-165718.0524398837
 30
0.0
 11
796093.851488449
 21
-165728.3856096946
 31
0.0
  0
LINE
  5
630
330
3D5
100
AcDbEntity
  8
DOOR_TENT
 60
1
100
AcDbLine
 10
796093.851488449
 20
-165728.3856096946
 30
0.0
 11
796094.5625305051
 21
-165739.0608323338
 31
0.0
  0
LINE
  5
631
330
3D5
100
AcDbEntity
  8
DOOR_TENT
 60
1
100
AcDbLine
 10
796094.5625305051
 20
-165739.0608323338
 30
0.0
 11
796094.500987359
 21
-165749.320096395
 31
0.0
  0
LINE
  5
632
330
3D5
100
AcDbEntity
  8
DOOR_TENT
 60
1
100
AcDbLine
 10
796094.500987359
 20
-165749.320096395
 30
0.0
 11
796093.9149556275
 21
-165758.4053904718
 31
0.0
  0
LINE
  5
633
330
3D5
100
AcDbEntity
  8
DOOR_TENT
 60
1
100
AcDbLine
 10
796093.9149556275
 20
-165758.4053904718
 30
0.0
 11
796093.0217380865
 21
-165765.6829192986
 31
0.0
  0
LINE
  5
634
330
3D5
100
AcDbEntity
  8
DOOR_TENT
 60
1
100
AcDbLine
 10
796093.0217380865
 20
-165765.6829192986
 30
0.0
 11
796091.9154621478
 21
-165771.015752175
 31
0.0
  0
LINE
  5
635
330
3D5
100
AcDbEntity
  8
DOOR_TENT
 60
1
100
AcDbLine
 10
796091.9154621478
 20
-165771.015752175
 30
0.0
 11
796090.6594613831
 21
-165774.3911745419
 31
0.0
  0
LINE
  5
636
330
3D5
100
AcDbEntity
  8
DOOR_TENT
 60
1
100
AcDbLine
 10
796090.6594613831
 20
-165774.3911745419
 30
0.0
 11
796089.3170693639
 21
-165775.7964718401
 31
0.0
  0
LINE
  5
637
330
3D5
100
AcDbEntity
  8
DOOR_TENT
 60
1
100
AcDbLine
 10
796089.3170693639
 20
-165775.7964718401
 30
0.0
 11
796087.9516196613
 21
-165775.2189295102
 31
0.0
  0
LINE
  5
638
330
3D5
100
AcDbEntity
  8
DOOR_TENT
 60
1
100
AcDbLine
 10
796087.9516196613
 20
-165775.2189295102
 30
0.0
 11
796086.6264458467
 21
-165772.6458329932
 31
0.0
  0
LINE
  5
639
330
3D5
100
AcDbEntity
  8
DOOR_TENT
 60
1
100
AcDbLine
 10
796086.6264458467
 20
-165772.6458329932
 30
0.0
 11
796085.4048814919
 21
-165768.0644677298
 31
0.0
  0
LINE
  5
63A
330
3D5
100
AcDbEntity
  8
DOOR_TENT
 60
1
100
AcDbLine
 10
796085.4048814919
 20
-165768.0644677298
 30
0.0
 11
796084.3502601677
 21
-165761.4621191608
 31
0.0
  0
LINE
  5
63B
330
3D5
100
AcDbEntity
  8
DOOR_TENT
 60
1
100
AcDbLine
 10
796084.3502601677
 20
-165761.4621191608
 30
0.0
 11
796083.487831171
 21
-165752.9640874046
 31
0.0
  0
LINE
  5
63C
330
3D5
100
AcDbEntity
  8
DOOR_TENT
 60
1
100
AcDbLine
 10
796083.487831171
 20
-165752.9640874046
 30
0.0
 11
796082.6905066991
 21
-165743.247731292
 31
0.0
  0
LINE
  5
63D
330
3D5
100
AcDbEntity
  8
DOOR_TENT
 60
1
100
AcDbLine
 10
796082.6905066991
 20
-165743.247731292
 30
0.0
 11
796081.7931146749
 21
-165733.1284243312
 31
0.0
  0
LINE
  5
63E
330
3D5
100
AcDbEntity
  8
DOOR_TENT
 60
1
100
AcDbLine
 10
796081.7931146749
 20
-165733.1284243312
 30
0.0
 11
796080.6304830209
 21
-165723.4215400301
 31
0.0
  0
LINE
  5
63F
330
3D5
100
AcDbEntity
  8
DOOR_TENT
 60
1
100
AcDbLine
 10
796080.6304830209
 20
-165723.4215400301
 30
0.0
 11
796079.0374396598
 21
-165714.9424518974
 31
0.0
  0
LINE
  5
640
330
3D5
100
AcDbEntity
  8
DOOR_TENT
 60
1
100
AcDbLine
 10
796079.0374396598
 20
-165714.9424518974
 30
0.0
 11
796076.8488125143
 21
-165708.506533441
 31
0.0
  0
LINE
  5
641
330
3D5
100
AcDbEntity
  8
DOOR_TENT
 60
1
100
AcDbLine
 10
796076.8488125143
 20
-165708.506533441
 30
0.0
 11
796073.8994295072
 21
-165704.9291581694
 31
0.0
  0
LINE
  5
642
330
3D5
100
AcDbEntity
  8
DOOR_TENT
 60
1
100
AcDbLine
 10
796073.8994295072
 20
-165704.9291581694
 30
0.0
 11
796070.0241185607
 21
-165705.0256995909
 31
0.0
  0
LINE
  5
643
330
3D5
100
AcDbEntity
  8
DOOR_TENT
 60
1
100
AcDbLine
 10
796064.7000444868
 20
-165680.0324547343
 30
0.0
 11
796070.0241185607
 21
-165680.0324547343
 31
0.0
  0
LINE
  5
644
330
3D5
100
AcDbEntity
  8
DOOR_TENT
 60
1
100
AcDbLine
 10
796070.0241185607
 20
-165680.0324547343
 30
0.0
 11
796070.0241185607
 21
-165722.6250473269
 31
0.0
  0
LINE
  5
645
330
3D5
100
AcDbEntity
  8
DOOR_TENT
 60
1
100
AcDbLine
 10
796070.0241185607
 20
-165722.6250473269
 30
0.0
 11
796064.7000444868
 21
-165722.6250473269
 31
0.0
  0
LINE
  5
646
330
3D5
100
AcDbEntity
  8
DOOR_TENT
 60
1
100
AcDbLine
 10
796034.3759704126
 20
-165695.3005170555
 30
0.0
 11
796026.0805530987
 21
-165696.6853614872
 31
0.0
  0
LINE
  5
647
330
3D5
100
AcDbEntity
  8
DOOR_TENT
 60
1
100
AcDbLine
 10
796026.0805530987
 20
-165696.6853614872
 30
0.0
 11
796019.7982040694
 21
-165701.4443043737
 31
0.0
  0
LINE
  5
648
330
3D5
100
AcDbEntity
  8
DOOR_TENT
 60
1
100
AcDbLine
 10
796019.7982040694
 20
-165701.4443043737
 30
0.0
 11
796015.2808267082
 21
-165708.819334308
 31
0.0
  0
LINE
  5
649
330
3D5
100
AcDbEntity
  8
DOOR_TENT
 60
1
100
AcDbLine
 10
796015.2808267082
 20
-165708.819334308
 30
0.0
 11
796012.2803243989
 21
-165718.0524398837
 31
0.0
  0
LINE
  5
64A
330
3D5
100
AcDbEntity
  8
DOOR_TENT
 60
1
100
AcDbLine
 10
796012.2803243989
 20
-165718.0524398837
 30
0.0
 11
796010.5486005243
 21
-165728.3856096946
 31
0.0
  0
LINE
  5
64B
330
3D5
100
AcDbEntity
  8
DOOR_TENT
 60
1
100
AcDbLine
 10
796010.5486005243
 20
-165728.3856096946
 30
0.0
 11
796009.8375584685
 21
-165739.0608323338
 31
0.0
  0
LINE
  5
64C
330
3D5
100
AcDbEntity
  8
DOOR_TENT
 60
1
100
AcDbLine
 10
796009.8375584685
 20
-165739.0608323338
 30
0.0
 11
796009.8991016146
 21
-165749.320096395
 31
0.0
  0
LINE
  5
64D
330
3D5
100
AcDbEntity
  8
DOOR_TENT
 60
1
100
AcDbLine
 10
796009.8991016146
 20
-165749.320096395
 30
0.0
 11
796010.485133346
 21
-165758.4053904718
 31
0.0
  0
LINE
  5
64E
330
3D5
100
AcDbEntity
  8
DOOR_TENT
 60
1
100
AcDbLine
 10
796010.485133346
 20
-165758.4053904718
 30
0.0
 11
796011.3783508871
 21
-165765.6829192986
 31
0.0
  0
LINE
  5
64F
330
3D5
100
AcDbEntity
  8
DOOR_TENT
 60
1
100
AcDbLine
 10
796011.3783508871
 20
-165765.6829192986
 30
0.0
 11
796012.4846268255
 21
-165771.015752175
 31
0.0
  0
LINE
  5
650
330
3D5
100
AcDbEntity
  8
DOOR_TENT
 60
1
100
AcDbLine
 10
796012.4846268255
 20
-165771.015752175
 30
0.0
 11
796013.7406275902
 21
-165774.3911745419
 31
0.0
  0
LINE
  5
651
330
3D5
100
AcDbEntity
  8
DOOR_TENT
 60
1
100
AcDbLine
 10
796013.7406275902
 20
-165774.3911745419
 30
0.0
 11
796015.0830196097
 21
-165775.7964718401
 31
0.0
  0
LINE
  5
652
330
3D5
100
AcDbEntity
  8
DOOR_TENT
 60
1
100
AcDbLine
 10
796015.0830196097
 20
-165775.7964718401
 30
0.0
 11
796016.448469312
 21
-165775.2189295102
 31
0.0
  0
LINE
  5
653
330
3D5
100
AcDbEntity
  8
DOOR_TENT
 60
1
100
AcDbLine
 10
796016.448469312
 20
-165775.2189295102
 30
0.0
 11
796017.7736431266
 21
-165772.6458329932
 31
0.0
  0
LINE
  5
654
330
3D5
100
AcDbEntity
  8
DOOR_TENT
 60
1
100
AcDbLine
 10
796017.7736431266
 20
-165772.6458329932
 30
0.0
 11
796018.9952074817
 21
-165768.0644677298
 31
0.0
  0
LINE
  5
655
330
3D5
100
AcDbEntity
  8
DOOR_TENT
 60
1
100
AcDbLine
 10
796018.9952074817
 20
-165768.0644677298
 30
0.0
 11
796020.0498288058
 21
-165761.4621191608
 31
0.0
  0
LINE
  5
656
330
3D5
100
AcDbEntity
  8
DOOR_TENT
 60
1
100
AcDbLine
 10
796020.0498288058
 20
-165761.4621191608
 30
0.0
 11
796020.9122578026
 21
-165752.9640874046
 31
0.0
  0
LINE
  5
657
330
3D5
100
AcDbEntity
  8
DOOR_TENT
 60
1
100
AcDbLine
 10
796020.9122578026
 20
-165752.9640874046
 30
0.0
 11
796021.7095822744
 21
-165743.247731292
 31
0.0
  0
LINE
  5
658
330
3D5
100
AcDbEntity
  8
DOOR_TENT
 60
1
100
AcDbLine
 10
796021.7095822744
 20
-165743.247731292
 30
0.0
 11
796022.6069742985
 21
-165733.1284243312
 31
0.0
  0
LINE
  5
659
330
3D5
100
AcDbEntity
  8
DOOR_TENT
 60
1
100
AcDbLine
 10
796022.6069742985
 20
-165733.1284243312
 30
0.0
 11
796023.7696059527
 21
-165723.4215400301
 31
0.0
  0
LINE
  5
65A
330
3D5
100
AcDbEntity
  8
DOOR_TENT
 60
1
100
AcDbLine
 10
796023.7696059527
 20
-165723.4215400301
 30
0.0
 11
796025.3626493135
 21
-165714.9424518974
 31
0.0
  0
LINE
  5
65B
330
3D5
100
AcDbEntity
  8
DOOR_TENT
 60
1
100
AcDbLine
 10
796025.3626493135
 20
-165714.9424518974
 30
0.0
 11
796027.551276459
 21
-165708.506533441
 31
0.0
  0
LINE
  5
65C
330
3D5
100
AcDbEntity
  8
DOOR_TENT
 60
1
100
AcDbLine
 10
796027.551276459
 20
-165708.506533441
 30
0.0
 11
796030.5006594664
 21
-165704.9291581694
 31
0.0
  0
LINE
  5
65D
330
3D5
100
AcDbEntity
  8
DOOR_TENT
 60
1
100
AcDbLine
 10
796030.5006594664
 20
-165704.9291581694
 30
0.0
 11
796034.3759704126
 21
-165705.0256995909
 31
0.0
  0
LINE
  5
65E
330
3D5
100
AcDbEntity
  8
DOOR_TENT
 60
1
100
AcDbLine
 10
796039.7000444868
 20
-165680.0324547343
 30
0.0
 11
796034.3759704126
 21
-165680.0324547343
 31
0.0
  0
LINE
  5
65F
330
3D5
100
AcDbEntity
  8
DOOR_TENT
 60
1
100
AcDbLine
 10
796034.3759704126
 20
-165680.0324547343
 30
0.0
 11
796034.3759704126
 21
-165722.6250473269
 31
0.0
  0
LINE
  5
660
330
3D5
100
AcDbEntity
  8
DOOR_TENT
 60
1
100
AcDbLine
 10
796034.3759704126
 20
-165722.6250473269
 30
0.0
 11
796039.7000444868
 21
-165722.6250473269
 31
0.0
  0
LINE
  5
661
330
3D5
100
AcDbEntity
  8
DOOR_TENT
 62
5
 60
1
100
AcDbLine
 10
796064.7000444868
 20
-165676.3287510304
 30
0.0
 11
796039.7000444868
 21
-165676.3287510304
 31
0.0
  0
LINE
  5
662
330
3D5
100
AcDbEntity
  8
DOOR_TENT
 62
3
 60
1
100
AcDbLine
 10
796039.7000444868
 20
-165726.3287510304
 30
0.0
 11
796039.7000444868
 21
-166576.3287510304
 31
0.0
  0
LINE
  5
663
330
3D5
100
AcDbEntity
  8
DOOR_TENT
 62
3
 60
1
100
AcDbLine
 10
796044.7000444868
 20
-166526.3287510304
 30
0.0
 11
796044.7000444868
 21
-165776.3287510304
 31
0.0
  0
LINE
  5
664
330
3D5
100
AcDbEntity
  8
DOOR_TENT
 62
3
 60
1
100
AcDbLine
 10
796059.7000444868
 20
-165776.3287510304
 30
0.0
 11
796059.7000444868
 21
-166526.3287510304
 31
0.0
  0
LINE
  5
665
330
3D5
100
AcDbEntity
  8
DOOR_TENT
 62
3
 60
1
100
AcDbLine
 10
796064.7000444868
 20
-166576.3287510304
 30
0.0
 11
796064.7000444868
 21
-165726.3287510304
 31
0.0
  0
LINE
  5
666
330
3D5
100
AcDbEntity
  8
DOOR_TENT
 62
5
 60
1
100
AcDbLine
 10
796039.7000444868
 20
-165676.3287510304
 30
0.0
 11
796039.7000444868
 21
-165726.3287510304
 31
0.0
  0
LINE
  5
667
330
3D5
100
AcDbEntity
  8
DOOR_TENT
 62
5
 60
1
100
AcDbLine
 10
796039.7000444868
 20
-165726.3287510304
 30
0.0
 11
796044.7000444868
 21
-165726.3287510304
 31
0.0
  0
LINE
  5
668
330
3D5
100
AcDbEntity
  8
DOOR_TENT
 62
5
 60
1
100
AcDbLine
 10
796044.7000444868
 20
-165726.3287510304
 30
0.0
 11
796044.7000444868
 21
-165776.3287510304
 31
0.0
  0
LINE
  5
669
330
3D5
100
AcDbEntity
  8
DOOR_TENT
 62
5
 60
1
100
AcDbLine
 10
796044.7000444868
 20
-165776.3287510304
 30
0.0
 11
796059.7000444868
 21
-165776.3287510304
 31
0.0
  0
LINE
  5
66A
330
3D5
100
AcDbEntity
  8
DOOR_TENT
 62
5
 60
1
100
AcDbLine
 10
796059.7000444868
 20
-165776.3287510304
 30
0.0
 11
796059.7000444868
 21
-165726.3287510304
 31
0.0
  0
LINE
  5
66B
330
3D5
100
AcDbEntity
  8
DOOR_TENT
 62
5
 60
1
100
AcDbLine
 10
796059.7000444868
 20
-165726.3287510304
 30
0.0
 11
796064.7000444868
 21
-165726.3287510304
 31
0.0
  0
LINE
  5
66C
330
3D5
100
AcDbEntity
  8
DOOR_TENT
 62
5
 60
1
100
AcDbLine
 10
796064.7000444868
 20
-165726.3287510304
 30
0.0
 11
796064.7000444868
 21
-165676.3287510304
 31
0.0
  0
LINE
  5
66D
330
3D5
100
AcDbEntity
  8
DOOR_TENT
 62
5
 60
1
100
AcDbLine
 10
796064.7000444868
 20
-165676.3287510304
 30
0.0
 11
796039.7000444868
 21
-165676.3287510304
 31
0.0
  0
LINE
  5
66E
330
3D5
100
AcDbEntity
  8
DOOR_TENT
 62
5
 60
1
100
AcDbLine
 10
796064.7000444868
 20
-165676.3287510304
 30
0.0
 11
796039.7000444868
 21
-165676.3287510304
 31
0.0
  0
LINE
  5
66F
330
3D5
100
AcDbEntity
  8
DOOR_TENT
 62
5
 60
1
100
AcDbLine
 10
796064.7000444868
 20
-165676.3287510304
 30
0.0
 11
796039.7000444868
 21
-165676.3287510304
 31
0.0
  0
LINE
  5
670
330
3D5
100
AcDbEntity
  8
DOOR_TENT
 62
5
 60
1
100
AcDbLine
 10
796039.7000444868
 20
-166626.3287510304
 30
0.0
 11
796039.7000444868
 21
-166576.3287510304
 31
0.0
  0
LINE
  5
671
330
3D5
100
AcDbEntity
  8
DOOR_TENT
 62
5
 60
1
100
AcDbLine
 10
796039.7000444868
 20
-166576.3287510304
 30
0.0
 11
796044.7000444868
 21
-166576.3287510304
 31
0.0
  0
LINE
  5
672
330
3D5
100
AcDbEntity
  8
DOOR_TENT
 62
5
 60
1
100
AcDbLine
 10
796044.7000444868
 20
-166576.3287510304
 30
0.0
 11
796044.7000444868
 21
-166526.3287510304
 31
0.0
  0
LINE
  5
673
330
3D5
100
AcDbEntity
  8
DOOR_TENT
 62
5
 60
1
100
AcDbLine
 10
796044.7000444868
 20
-166526.3287510304
 30
0.0
 11
796059.7000444868
 21
-166526.3287510304
 31
0.0
  0
LINE
  5
674
330
3D5
100
AcDbEntity
  8
DOOR_TENT
 62
5
 60
1
100
AcDbLine
 10
796059.7000444868
 20
-166526.3287510304
 30
0.0
 11
796059.7000444868
 21
-166576.3287510304
 31
0.0
  0
LINE
  5
675
330
3D5
100
AcDbEntity
  8
DOOR_TENT
 62
5
 60
1
100
AcDbLine
 10
796059.7000444868
 20
-166576.3287510304
 30
0.0
 11
796064.7000444868
 21
-166576.3287510304
 31
0.0
  0
LINE
  5
676
330
3D5
100
AcDbEntity
  8
DOOR_TENT
 62
5
 60
1
100
AcDbLine
 10
796064.7000444868
 20
-166576.3287510304
 30
0.0
 11
796064.7000444868
 21
-166626.3287510304
 31
0.0
  0
ARC
  5
677
330
3D5
100
AcDbEntity
  8
DOOR_TENT
 62
251
 48
2.0
 60
1
420
6513766
100
AcDbCircle
 10
796039.5948659919
 20
-166626.2235725359
 30
0.0
 40
949.8948273280286
100
AcDbArc
 50
89.99365584814552
 51
180.0063441551897
  0
LINE
  5
678
330
3D5
100
AcDbEntity
  8
DOOR_TENT
 60
1
100
AcDbLine
 10
794109.3759704133
 20
-165695.3005170555
 30
0.0
 11
794101.0805530992
 21
-165696.6853614872
 31
0.0
  0
LINE
  5
679
330
3D5
100
AcDbEntity
  8
DOOR_TENT
 60
1
100
AcDbLine
 10
794101.0805530992
 20
-165696.6853614872
 30
0.0
 11
794094.7982040698
 21
-165701.4443043737
 31
0.0
  0
LINE
  5
67A
330
3D5
100
AcDbEntity
  8
DOOR_TENT
 60
1
100
AcDbLine
 10
794094.7982040698
 20
-165701.4443043737
 30
0.0
 11
794090.2808267089
 21
-165708.819334308
 31
0.0
  0
LINE
  5
67B
330
3D5
100
AcDbEntity
  8
DOOR_TENT
 60
1
100
AcDbLine
 10
794090.2808267089
 20
-165708.819334308
 30
0.0
 11
794087.2803243994
 21
-165718.0524398837
 31
0.0
  0
LINE
  5
67C
330
3D5
100
AcDbEntity
  8
DOOR_TENT
 60
1
100
AcDbLine
 10
794087.2803243994
 20
-165718.0524398837
 30
0.0
 11
794085.548600525
 21
-165728.3856096946
 31
0.0
  0
LINE
  5
67D
330
3D5
100
AcDbEntity
  8
DOOR_TENT
 60
1
100
AcDbLine
 10
794085.548600525
 20
-165728.3856096946
 30
0.0
 11
794084.8375584689
 21
-165739.0608323338
 31
0.0
  0
LINE
  5
67E
330
3D5
100
AcDbEntity
  8
DOOR_TENT
 60
1
100
AcDbLine
 10
794084.8375584689
 20
-165739.0608323338
 30
0.0
 11
794084.8991016151
 21
-165749.320096395
 31
0.0
  0
LINE
  5
67F
330
3D5
100
AcDbEntity
  8
DOOR_TENT
 60
1
100
AcDbLine
 10
794084.8991016151
 20
-165749.320096395
 30
0.0
 11
794085.4851333465
 21
-165758.4053904718
 31
0.0
  0
LINE
  5
680
330
3D5
100
AcDbEntity
  8
DOOR_TENT
 60
1
100
AcDbLine
 10
794085.4851333465
 20
-165758.4053904718
 30
0.0
 11
794086.3783508876
 21
-165765.6829192986
 31
0.0
  0
LINE
  5
681
330
3D5
100
AcDbEntity
  8
DOOR_TENT
 60
1
100
AcDbLine
 10
794086.3783508876
 20
-165765.6829192986
 30
0.0
 11
794087.4846268262
 21
-165771.015752175
 31
0.0
  0
LINE
  5
682
330
3D5
100
AcDbEntity
  8
DOOR_TENT
 60
1
100
AcDbLine
 10
794087.4846268262
 20
-165771.015752175
 30
0.0
 11
794088.7406275909
 21
-165774.3911745419
 31
0.0
  0
LINE
  5
683
330
3D5
100
AcDbEntity
  8
DOOR_TENT
 60
1
100
AcDbLine
 10
794088.7406275909
 20
-165774.3911745419
 30
0.0
 11
794090.0830196101
 21
-165775.7964718401
 31
0.0
  0
LINE
  5
684
330
3D5
100
AcDbEntity
  8
DOOR_TENT
 60
1
100
AcDbLine
 10
794090.0830196101
 20
-165775.7964718401
 30
0.0
 11
794091.4484693127
 21
-165775.2189295102
 31
0.0
  0
LINE
  5
685
330
3D5
100
AcDbEntity
  8
DOOR_TENT
 60
1
100
AcDbLine
 10
794091.4484693127
 20
-165775.2189295102
 30
0.0
 11
794092.7736431273
 21
-165772.6458329932
 31
0.0
  0
LINE
  5
686
330
3D5
100
AcDbEntity
  8
DOOR_TENT
 60
1
100
AcDbLine
 10
794092.7736431273
 20
-165772.6458329932
 30
0.0
 11
794093.9952074821
 21
-165768.0644677298
 31
0.0
  0
LINE
  5
687
330
3D5
100
AcDbEntity
  8
DOOR_TENT
 60
1
100
AcDbLine
 10
794093.9952074821
 20
-165768.0644677298
 30
0.0
 11
794095.0498288063
 21
-165761.4621191608
 31
0.0
  0
LINE
  5
688
330
3D5
100
AcDbEntity
  8
DOOR_TENT
 60
1
100
AcDbLine
 10
794095.0498288063
 20
-165761.4621191608
 30
0.0
 11
794095.912257803
 21
-165752.9640874046
 31
0.0
  0
LINE
  5
689
330
3D5
100
AcDbEntity
  8
DOOR_TENT
 60
1
100
AcDbLine
 10
794095.912257803
 20
-165752.9640874046
 30
0.0
 11
794096.7095822749
 21
-165743.247731292
 31
0.0
  0
LINE
  5
68A
330
3D5
100
AcDbEntity
  8
DOOR_TENT
 60
1
100
AcDbLine
 10
794096.7095822749
 20
-165743.247731292
 30
0.0
 11
794097.6069742992
 21
-165733.1284243312
 31
0.0
  0
LINE
  5
68B
330
3D5
100
AcDbEntity
  8
DOOR_TENT
 60
1
100
AcDbLine
 10
794097.6069742992
 20
-165733.1284243312
 30
0.0
 11
794098.7696059531
 21
-165723.4215400301
 31
0.0
  0
LINE
  5
68C
330
3D5
100
AcDbEntity
  8
DOOR_TENT
 60
1
100
AcDbLine
 10
794098.7696059531
 20
-165723.4215400301
 30
0.0
 11
794100.3626493142
 21
-165714.9424518974
 31
0.0
  0
LINE
  5
68D
330
3D5
100
AcDbEntity
  8
DOOR_TENT
 60
1
100
AcDbLine
 10
794100.3626493142
 20
-165714.9424518974
 30
0.0
 11
794102.5512764597
 21
-165708.506533441
 31
0.0
  0
LINE
  5
68E
330
3D5
100
AcDbEntity
  8
DOOR_TENT
 60
1
100
AcDbLine
 10
794102.5512764597
 20
-165708.506533441
 30
0.0
 11
794105.5006594668
 21
-165704.9291581694
 31
0.0
  0
LINE
  5
68F
330
3D5
100
AcDbEntity
  8
DOOR_TENT
 60
1
100
AcDbLine
 10
794105.5006594668
 20
-165704.9291581694
 30
0.0
 11
794109.3759704133
 21
-165705.0256995909
 31
0.0
  0
LINE
  5
690
330
3D5
100
AcDbEntity
  8
DOOR_TENT
 60
1
100
AcDbLine
 10
794114.7000444873
 20
-165680.0324547343
 30
0.0
 11
794109.3759704133
 21
-165680.0324547343
 31
0.0
  0
LINE
  5
691
330
3D5
100
AcDbEntity
  8
DOOR_TENT
 60
1
100
AcDbLine
 10
794109.3759704133
 20
-165680.0324547343
 30
0.0
 11
794109.3759704133
 21
-165722.6250473269
 31
0.0
  0
LINE
  5
692
330
3D5
100
AcDbEntity
  8
DOOR_TENT
 60
1
100
AcDbLine
 10
794109.3759704133
 20
-165722.6250473269
 30
0.0
 11
794114.7000444873
 21
-165722.6250473269
 31
0.0
  0
LINE
  5
693
330
3D5
100
AcDbEntity
  8
DOOR_TENT
 60
1
100
AcDbLine
 10
794145.0241185614
 20
-165695.3005170555
 30
0.0
 11
794153.3195358753
 21
-165696.6853614872
 31
0.0
  0
LINE
  5
694
330
3D5
100
AcDbEntity
  8
DOOR_TENT
 60
1
100
AcDbLine
 10
794153.3195358753
 20
-165696.6853614872
 30
0.0
 11
794159.6018849047
 21
-165701.4443043737
 31
0.0
  0
LINE
  5
695
330
3D5
100
AcDbEntity
  8
DOOR_TENT
 60
1
100
AcDbLine
 10
794159.6018849047
 20
-165701.4443043737
 30
0.0
 11
794164.1192622659
 21
-165708.819334308
 31
0.0
  0
LINE
  5
696
330
3D5
100
AcDbEntity
  8
DOOR_TENT
 60
1
100
AcDbLine
 10
794164.1192622659
 20
-165708.819334308
 30
0.0
 11
794167.1197645752
 21
-165718.0524398837
 31
0.0
  0
LINE
  5
697
330
3D5
100
AcDbEntity
  8
DOOR_TENT
 60
1
100
AcDbLine
 10
794167.1197645752
 20
-165718.0524398837
 30
0.0
 11
794168.8514884497
 21
-165728.3856096946
 31
0.0
  0
LINE
  5
698
330
3D5
100
AcDbEntity
  8
DOOR_TENT
 60
1
100
AcDbLine
 10
794168.8514884497
 20
-165728.3856096946
 30
0.0
 11
794169.5625305056
 21
-165739.0608323338
 31
0.0
  0
LINE
  5
699
330
3D5
100
AcDbEntity
  8
DOOR_TENT
 60
1
100
AcDbLine
 10
794169.5625305056
 20
-165739.0608323338
 30
0.0
 11
794169.5009873594
 21
-165749.320096395
 31
0.0
  0
LINE
  5
69A
330
3D5
100
AcDbEntity
  8
DOOR_TENT
 60
1
100
AcDbLine
 10
794169.5009873594
 20
-165749.320096395
 30
0.0
 11
794168.914955628
 21
-165758.4053904718
 31
0.0
  0
LINE
  5
69B
330
3D5
100
AcDbEntity
  8
DOOR_TENT
 60
1
100
AcDbLine
 10
794168.914955628
 20
-165758.4053904718
 30
0.0
 11
794168.021738087
 21
-165765.6829192986
 31
0.0
  0
LINE
  5
69C
330
3D5
100
AcDbEntity
  8
DOOR_TENT
 60
1
100
AcDbLine
 10
794168.021738087
 20
-165765.6829192986
 30
0.0
 11
794166.9154621485
 21
-165771.015752175
 31
0.0
  0
LINE
  5
69D
330
3D5
100
AcDbEntity
  8
DOOR_TENT
 60
1
100
AcDbLine
 10
794166.9154621485
 20
-165771.015752175
 30
0.0
 11
794165.6594613838
 21
-165774.3911745419
 31
0.0
  0
LINE
  5
69E
330
3D5
100
AcDbEntity
  8
DOOR_TENT
 60
1
100
AcDbLine
 10
794165.6594613838
 20
-165774.3911745419
 30
0.0
 11
794164.3170693644
 21
-165775.7964718401
 31
0.0
  0
LINE
  5
69F
330
3D5
100
AcDbEntity
  8
DOOR_TENT
 60
1
100
AcDbLine
 10
794164.3170693644
 20
-165775.7964718401
 30
0.0
 11
794162.951619662
 21
-165775.2189295102
 31
0.0
  0
LINE
  5
6A0
330
3D5
100
AcDbEntity
  8
DOOR_TENT
 60
1
100
AcDbLine
 10
794162.951619662
 20
-165775.2189295102
 30
0.0
 11
794161.6264458474
 21
-165772.6458329932
 31
0.0
  0
LINE
  5
6A1
330
3D5
100
AcDbEntity
  8
DOOR_TENT
 60
1
100
AcDbLine
 10
794161.6264458474
 20
-165772.6458329932
 30
0.0
 11
794160.4048814924
 21
-165768.0644677298
 31
0.0
  0
LINE
  5
6A2
330
3D5
100
AcDbEntity
  8
DOOR_TENT
 60
1
100
AcDbLine
 10
794160.4048814924
 20
-165768.0644677298
 30
0.0
 11
794159.3502601682
 21
-165761.4621191608
 31
0.0
  0
LINE
  5
6A3
330
3D5
100
AcDbEntity
  8
DOOR_TENT
 60
1
100
AcDbLine
 10
794159.3502601682
 20
-165761.4621191608
 30
0.0
 11
794158.4878311715
 21
-165752.9640874046
 31
0.0
  0
LINE
  5
6A4
330
3D5
100
AcDbEntity
  8
DOOR_TENT
 60
1
100
AcDbLine
 10
794158.4878311715
 20
-165752.9640874046
 30
0.0
 11
794157.6905066996
 21
-165743.247731292
 31
0.0
  0
LINE
  5
6A5
330
3D5
100
AcDbEntity
  8
DOOR_TENT
 60
1
100
AcDbLine
 10
794157.6905066996
 20
-165743.247731292
 30
0.0
 11
794156.7931146756
 21
-165733.1284243312
 31
0.0
  0
LINE
  5
6A6
330
3D5
100
AcDbEntity
  8
DOOR_TENT
 60
1
100
AcDbLine
 10
794156.7931146756
 20
-165733.1284243312
 30
0.0
 11
794155.6304830214
 21
-165723.4215400301
 31
0.0
  0
LINE
  5
6A7
330
3D5
100
AcDbEntity
  8
DOOR_TENT
 60
1
100
AcDbLine
 10
794155.6304830214
 20
-165723.4215400301
 30
0.0
 11
794154.0374396605
 21
-165714.9424518974
 31
0.0
  0
LINE
  5
6A8
330
3D5
100
AcDbEntity
  8
DOOR_TENT
 60
1
100
AcDbLine
 10
794154.0374396605
 20
-165714.9424518974
 30
0.0
 11
794151.848812515
 21
-165708.506533441
 31
0.0
  0
LINE
  5
6A9
330
3D5
100
AcDbEntity
  8
DOOR_TENT
 60
1
100
AcDbLine
 10
794151.848812515
 20
-165708.506533441
 30
0.0
 11
794148.8994295077
 21
-165704.9291581694
 31
0.0
  0
LINE
  5
6AA
330
3D5
100
AcDbEntity
  8
DOOR_TENT
 60
1
100
AcDbLine
 10
794148.8994295077
 20
-165704.9291581694
 30
0.0
 11
794145.0241185614
 21
-165705.0256995909
 31
0.0
  0
LINE
  5
6AB
330
3D5
100
AcDbEntity
  8
DOOR_TENT
 60
1
100
AcDbLine
 10
794139.7000444873
 20
-165680.0324547343
 30
0.0
 11
794145.0241185614
 21
-165680.0324547343
 31
0.0
  0
LINE
  5
6AC
330
3D5
100
AcDbEntity
  8
DOOR_TENT
 60
1
100
AcDbLine
 10
794145.0241185614
 20
-165680.0324547343
 30
0.0
 11
794145.0241185614
 21
-165722.6250473269
 31
0.0
  0
LINE
  5
6AD
330
3D5
100
AcDbEntity
  8
DOOR_TENT
 60
1
100
AcDbLine
 10
794145.0241185614
 20
-165722.6250473269
 30
0.0
 11
794139.7000444873
 21
-165722.6250473269
 31
0.0
  0
LINE
  5
6AE
330
3D5
100
AcDbEntity
  8
DOOR_TENT
 62
5
 60
1
100
AcDbLine
 10
794114.7000444873
 20
-165676.3287510304
 30
0.0
 11
794139.7000444873
 21
-165676.3287510304
 31
0.0
  0
LINE
  5
6AF
330
3D5
100
AcDbEntity
  8
DOOR_TENT
 62
3
 60
1
100
AcDbLine
 10
794139.7000444873
 20
-165726.3287510304
 30
0.0
 11
794139.7000444873
 21
-166576.3287510304
 31
0.0
  0
LINE
  5
6B0
330
3D5
100
AcDbEntity
  8
DOOR_TENT
 62
3
 60
1
100
AcDbLine
 10
794134.7000444873
 20
-166526.3287510304
 30
0.0
 11
794134.7000444873
 21
-165776.3287510304
 31
0.0
  0
LINE
  5
6B1
330
3D5
100
AcDbEntity
  8
DOOR_TENT
 62
3
 60
1
100
AcDbLine
 10
794119.7000444873
 20
-165776.3287510304
 30
0.0
 11
794119.7000444873
 21
-166526.3287510304
 31
0.0
  0
LINE
  5
6B2
330
3D5
100
AcDbEntity
  8
DOOR_TENT
 62
3
 60
1
100
AcDbLine
 10
794114.7000444873
 20
-166576.3287510304
 30
0.0
 11
794114.7000444873
 21
-165726.3287510304
 31
0.0
  0
LINE
  5
6B3
330
3D5
100
AcDbEntity
  8
DOOR_TENT
 62
5
 60
1
100
AcDbLine
 10
794139.7000444873
 20
-165676.3287510304
 30
0.0
 11
794139.7000444873
 21
-165726.3287510304
 31
0.0
  0
LINE
  5
6B4
330
3D5
100
AcDbEntity
  8
DOOR_TENT
 62
5
 60
1
100
AcDbLine
 10
794139.7000444873
 20
-165726.3287510304
 30
0.0
 11
794134.7000444873
 21
-165726.3287510304
 31
0.0
  0
LINE
  5
6B5
330
3D5
100
AcDbEntity
  8
DOOR_TENT
 62
5
 60
1
100
AcDbLine
 10
794134.7000444873
 20
-165726.3287510304
 30
0.0
 11
794134.7000444873
 21
-165776.3287510304
 31
0.0
  0
LINE
  5
6B6
330
3D5
100
AcDbEntity
  8
DOOR_TENT
 62
5
 60
1
100
AcDbLine
 10
794134.7000444873
 20
-165776.3287510304
 30
0.0
 11
794119.7000444873
 21
-165776.3287510304
 31
0.0
  0
LINE
  5
6B7
330
3D5
100
AcDbEntity
  8
DOOR_TENT
 62
5
 60
1
100
AcDbLine
 10
794119.7000444873
 20
-165776.3287510304
 30
0.0
 11
794119.7000444873
 21
-165726.3287510304
 31
0.0
  0
LINE
  5
6B8
330
3D5
100
AcDbEntity
  8
DOOR_TENT
 62
5
 60
1
100
AcDbLine
 10
794119.7000444873
 20
-165726.3287510304
 30
0.0
 11
794114.7000444873
 21
-165726.3287510304
 31
0.0
  0
LINE
  5
6B9
330
3D5
100
AcDbEntity
  8
DOOR_TENT
 62
5
 60
1
100
AcDbLine
 10
794114.7000444873
 20
-165726.3287510304
 30
0.0
 11
794114.7000444873
 21
-165676.3287510304
 31
0.0
  0
LINE
  5
6BA
330
3D5
100
AcDbEntity
  8
DOOR_TENT
 62
5
 60
1
100
AcDbLine
 10
794114.7000444873
 20
-165676.3287510304
 30
0.0
 11
794139.7000444873
 21
-165676.3287510304
 31
0.0
  0
LINE
  5
6BB
330
3D5
100
AcDbEntity
  8
DOOR_TENT
 62
5
 60
1
100
AcDbLine
 10
794114.7000444873
 20
-165676.3287510304
 30
0.0
 11
794139.7000444873
 21
-165676.3287510304
 31
0.0
  0
LINE
  5
6BC
330
3D5
100
AcDbEntity
  8
DOOR_TENT
 62
5
 60
1
100
AcDbLine
 10
794114.7000444873
 20
-165676.3287510304
 30
0.0
 11
794139.7000444873
 21
-165676.3287510304
 31
0.0
  0
LINE
  5
6BD
330
3D5
100
AcDbEntity
  8
DOOR_TENT
 62
5
 60
1
100
AcDbLine
 10
794139.7000444873
 20
-166626.3287510304
 30
0.0
 11
794139.7000444873
 21
-166576.3287510304
 31
0.0
  0
LINE
  5
6BE
330
3D5
100
AcDbEntity
  8
DOOR_TENT
 62
5
 60
1
100
AcDbLine
 10
794139.7000444873
 20
-166576.3287510304
 30
0.0
 11
794134.7000444873
 21
-166576.3287510304
 31
0.0
  0
LINE
  5
6BF
330
3D5
100
AcDbEntity
  8
DOOR_TENT
 62
5
 60
1
100
AcDbLine
 10
794134.7000444873
 20
-166576.3287510304
 30
0.0
 11
794134.7000444873
 21
-166526.3287510304
 31
0.0
  0
LINE
  5
6C0
330
3D5
100
AcDbEntity
  8
DOOR_TENT
 62
5
 60
1
100
AcDbLine
 10
794134.7000444873
 20
-166526.3287510304
 30
0.0
 11
794119.7000444873
 21
-166526.3287510304
 31
0.0
  0
LINE
  5
6C1
330
3D5
100
AcDbEntity
  8
DOOR_TENT
 62
5
 60
1
100
AcDbLine
 10
794119.7000444873
 20
-166526.3287510304
 30
0.0
 11
794119.7000444873
 21
-166576.3287510304
 31
0.0
  0
LINE
  5
6C2
330
3D5
100
AcDbEntity
  8
DOOR_TENT
 62
5
 60
1
100
AcDbLine
 10
794119.7000444873
 20
-166576.3287510304
 30
0.0
 11
794114.7000444873
 21
-166576.3287510304
 31
0.0
  0
LINE
  5
6C3
330
3D5
100
AcDbEntity
  8
DOOR_TENT
 62
5
 60
1
100
AcDbLine
 10
794114.7000444873
 20
-166576.3287510304
 30
0.0
 11
794114.7000444873
 21
-166626.3287510304
 31
0.0
  0
LINE
  5
6C4
330
3D5
100
AcDbEntity
  8
DOOR_TENT
 62
5
 60
1
100
AcDbLine
 10
794089.7000444873
 20
-166626.3287510307
 30
0.0
 11
794139.7000444873
 21
-166626.3287510307
 31
0.0
  0
LINE
  5
6C5
330
3D5
100
AcDbEntity
  8
DOOR_TENT
 62
5
 60
1
100
AcDbLine
 10
794164.700044487
 20
-166651.3287510307
 30
0.0
 11
794164.700044487
 21
-166676.3287510307
 31
0.0
  0
LINE
  5
6C6
330
3D5
100
AcDbEntity
  8
DOOR_TENT
 62
5
 60
1
100
AcDbLine
 10
794089.7000444873
 20
-166626.3287510307
 30
0.0
 11
794089.7000444873
 21
-166676.3287510307
 31
0.0
  0
LINE
  5
6C7
330
3D5
100
AcDbEntity
  8
DOOR_TENT
 62
5
 60
1
100
AcDbLine
 10
794164.7000444873
 20
-166651.3287510307
 30
0.0
 11
794114.7000444873
 21
-166651.3287510307
 31
0.0
  0
LINE
  5
6C8
330
3D5
100
AcDbEntity
  8
DOOR_TENT
 62
5
 60
1
100
AcDbLine
 10
794114.7000444873
 20
-166651.3287510307
 30
0.0
 11
794114.7000444873
 21
-166626.3287510304
 31
0.0
  0
LINE
  5
6C9
330
3D5
100
AcDbEntity
  8
DOOR_TENT
 62
5
 60
1
100
AcDbLine
 10
796089.7000444868
 20
-166626.3287510307
 30
0.0
 11
796039.7000444868
 21
-166626.3287510307
 31
0.0
  0
LINE
  5
6CA
330
3D5
100
AcDbEntity
  8
DOOR_TENT
 62
5
 60
1
100
AcDbLine
 10
796014.7000444868
 20
-166651.3287510307
 30
0.0
 11
796014.7000444868
 21
-166676.3287510307
 31
0.0
  0
LINE
  5
6CB
330
3D5
100
AcDbEntity
  8
DOOR_TENT
 62
5
 60
1
100
AcDbLine
 10
796089.7000444868
 20
-166626.3287510307
 30
0.0
 11
796089.7000444868
 21
-166676.3287510307
 31
0.0
  0
LINE
  5
6CC
330
3D5
100
AcDbEntity
  8
DOOR_TENT
 62
5
 60
1
100
AcDbLine
 10
796014.7000444868
 20
-166651.3287510307
 30
0.0
 11
796064.7000444868
 21
-166651.3287510307
 31
0.0
  0
LINE
  5
6CD
330
3D5
100
AcDbEntity
  8
DOOR_TENT
 62
5
 60
1
100
AcDbLine
 10
796064.7000444868
 20
-166651.3287510307
 30
0.0
 11
796064.7000444868
 21
-166626.3287510304
 31
0.0
  0
LINE
  5
6CE
330
3D5
100
AcDbEntity
  8
DOOR_TENT
 62
5
 60
1
100
AcDbLine
 10
794164.7000444873
 20
-166651.3287510307
 30
0.0
 11
794164.7000444873
 21
-166676.3287510307
 31
0.0
  0
LINE
  5
6CF
330
3D5
100
AcDbEntity
  8
DOOR_TENT
 62
5
 60
1
100
AcDbLine
 10
794089.7000444873
 20
-166626.3287510307
 30
0.0
 11
794089.7000444873
 21
-166676.3287510307
 31
0.0
  0
LINE
  5
6D0
330
3D5
100
AcDbEntity
  8
DOOR_TENT
 62
5
 60
1
100
AcDbLine
 10
794164.7000444873
 20
-166651.3287510307
 30
0.0
 11
794114.7000444873
 21
-166651.3287510307
 31
0.0
  0
LINE
  5
6D1
330
3D5
100
AcDbEntity
  8
DOOR_TENT
 62
5
 60
1
100
AcDbLine
 10
794114.7000444873
 20
-166651.3287510307
 30
0.0
 11
794114.7000444873
 21
-166626.3287510304
 31
0.0
  0
LINE
  5
6D2
330
3D5
100
AcDbEntity
  8
DOOR_TENT
 62
5
 60
1
100
AcDbLine
 10
794089.7000444873
 20
-166676.3287510307
 30
0.0
 11
794164.700044487
 21
-166676.3287510307
 31
0.0
  0
LINE
  5
6D3
330
3D5
100
AcDbEntity
  8
DOOR_TENT
 62
5
 60
1
100
AcDbLine
 10
796014.7000444868
 20
-166676.3287510307
 30
0.0
 11
796089.7000444868
 21
-166676.3287510307
 31
0.0
  0
LWPOLYLINE
  5
6D4
330
3D5
100
AcDbEntity
  8
DOOR_TENT
 62
5
 60
1
100
AcDbPolyline
 90
4
 70
1
 10
793027.7076128114
 20
-166676.3287510307
 10
794227.7076128114
 20
-166676.328751031
 10
794227.7076128114
 20
-166646.328751031
 10
793027.7076128114
 20
-166646.3287510307
  0
LWPOLYLINE
  5
6D5
330
3D5
100
AcDbEntity
  8
DOOR_TENT
 62
5
 60
1
100
AcDbPolyline
 90
4
 70
1
 10
796227.7076128114
 20
-166676.328751031
 10
795027.7076128114
 20
-166676.328751031
 10
795027.7076128114
 20
-166646.328751031
 10
796227.7076128114
 20
-166646.328751031
  0
LINE
  5
6D6
330
3D5
100
AcDbEntity
  8
DOOR_TENT
 62
3
370
9
 60
1
100
AcDbLine
 10
796639.7000444871
 20
-166646.3287510304
 30
0.0
 11
797539.7000444871
 21
-166646.3287510304
 31
0.0
  0
LINE
  5
6D7
330
3D5
100
AcDbEntity
  8
DOOR_TENT
 62
3
370
15
 60
1
100
AcDbLine
 10
797489.7000444871
 20
-166641.3287510304
 30
0.0
 11
796689.7000444871
 21
-166641.3287510304
 31
0.0
  0
LINE
  5
6D8
330
3D5
100
AcDbEntity
  8
DOOR_TENT
 62
3
370
15
 60
1
100
AcDbLine
 10
796689.7000444871
 20
-166626.3287510304
 30
0.0
 11
797489.7000444871
 21
-166626.3287510304
 31
0.0
  0
LINE
  5
6D9
330
3D5
100
AcDbEntity
  8
DOOR_TENT
 62
3
370
9
 60
1
100
AcDbLine
 10
797539.7000444871
 20
-166621.3287510304
 30
0.0
 11
796639.7000444871
 21
-166621.3287510304
 31
0.0
  0
LINE
  5
6DA
330
3D5
100
AcDbEntity
  8
DOOR_TENT
 62
3
370
9
 60
1
100
AcDbLine
 10
793539.7000444873
 20
-166646.3287510307
 30
0.0
 11
792639.7000444873
 21
-166646.3287510307
 31
0.0
  0
LINE
  5
6DB
330
3D5
100
AcDbEntity
  8
DOOR_TENT
 62
3
370
15
 60
1
100
AcDbLine
 10
792689.7000444873
 20
-166641.3287510307
 30
0.0
 11
793489.7000444873
 21
-166641.3287510307
 31
0.0
  0
LINE
  5
6DC
330
3D5
100
AcDbEntity
  8
DOOR_TENT
 62
3
370
15
 60
1
100
AcDbLine
 10
793489.7000444873
 20
-166626.3287510307
 30
0.0
 11
792689.7000444873
 21
-166626.3287510307
 31
0.0
  0
LINE
  5
6DD
330
3D5
100
AcDbEntity
  8
DOOR_TENT
 62
3
370
9
 60
1
100
AcDbLine
 10
792639.7000444873
 20
-166621.3287510307
 30
0.0
 11
793539.7000444873
 21
-166621.3287510307
 31
0.0
  0
LINE
  5
6DE
330
3D5
100
AcDbEntity
  8
DOOR_TENT
 62
5
370
20
 60
1
100
AcDbLine
 10
793589.7000444873
 20
-166646.3287510307
 30
0.0
 11
793539.7000444873
 21
-166646.3287510307
 31
0.0
  0
LINE
  5
6DF
330
3D5
100
AcDbEntity
  8
DOOR_TENT
 62
5
370
20
 60
1
100
AcDbLine
 10
793539.7000444873
 20
-166646.3287510307
 30
0.0
 11
793539.7000444873
 21
-166641.3287510307
 31
0.0
  0
LINE
  5
6E0
330
3D5
100
AcDbEntity
  8
DOOR_TENT
 62
5
370
20
 60
1
100
AcDbLine
 10
793539.7000444873
 20
-166641.3287510307
 30
0.0
 11
793489.7000444873
 21
-166641.3287510307
 31
0.0
  0
LINE
  5
6E1
330
3D5
100
AcDbEntity
  8
DOOR_TENT
 62
5
370
20
 60
1
100
AcDbLine
 10
793489.7000444873
 20
-166641.3287510307
 30
0.0
 11
793489.7000444873
 21
-166626.3287510307
 31
0.0
  0
LINE
  5
6E2
330
3D5
100
AcDbEntity
  8
DOOR_TENT
 62
5
370
20
 60
1
100
AcDbLine
 10
793489.7000444873
 20
-166626.3287510307
 30
0.0
 11
793539.7000444873
 21
-166626.3287510307
 31
0.0
  0
LINE
  5
6E3
330
3D5
100
AcDbEntity
  8
DOOR_TENT
 62
5
370
20
 60
1
100
AcDbLine
 10
793539.7000444873
 20
-166626.3287510307
 30
0.0
 11
793539.7000444873
 21
-166621.3287510307
 31
0.0
  0
LINE
  5
6E4
330
3D5
100
AcDbEntity
  8
DOOR_TENT
 62
5
370
20
 60
1
100
AcDbLine
 10
793539.7000444873
 20
-166621.3287510307
 30
0.0
 11
793589.7000444873
 21
-166621.3287510307
 31
0.0
  0
LINE
  5
6E5
330
3D5
100
AcDbEntity
  8
DOOR_TENT
 62
5
370
20
 60
1
100
AcDbLine
 10
792589.7000444873
 20
-166621.3287510307
 30
0.0
 11
792589.7000444873
 21
-166646.3287510307
 31
0.0
  0
LINE
  5
6E6
330
3D5
100
AcDbEntity
  8
DOOR_TENT
 62
5
370
20
 60
1
100
AcDbLine
 10
792589.7000444873
 20
-166646.3287510307
 30
0.0
 11
792639.7000444873
 21
-166646.3287510307
 31
0.0
  0
LINE
  5
6E7
330
3D5
100
AcDbEntity
  8
DOOR_TENT
 62
5
370
20
 60
1
100
AcDbLine
 10
792639.7000444873
 20
-166646.3287510307
 30
0.0
 11
792639.7000444873
 21
-166641.3287510307
 31
0.0
  0
LINE
  5
6E8
330
3D5
100
AcDbEntity
  8
DOOR_TENT
 62
5
370
20
 60
1
100
AcDbLine
 10
792639.7000444873
 20
-166641.3287510307
 30
0.0
 11
792689.7000444873
 21
-166641.3287510307
 31
0.0
  0
LINE
  5
6E9
330
3D5
100
AcDbEntity
  8
DOOR_TENT
 62
5
370
20
 60
1
100
AcDbLine
 10
792689.7000444873
 20
-166641.3287510307
 30
0.0
 11
792689.7000444873
 21
-166626.3287510307
 31
0.0
  0
LINE
  5
6EA
330
3D5
100
AcDbEntity
  8
DOOR_TENT
 62
5
370
20
 60
1
100
AcDbLine
 10
792689.7000444873
 20
-166626.3287510307
 30
0.0
 11
792639.7000444873
 21
-166626.3287510307
 31
0.0
  0
LINE
  5
6EB
330
3D5
100
AcDbEntity
  8
DOOR_TENT
 62
5
370
20
 60
1
100
AcDbLine
 10
792639.7000444873
 20
-166626.3287510307
 30
0.0
 11
792639.7000444873
 21
-166621.3287510307
 31
0.0
  0
LINE
  5
6EC
330
3D5
100
AcDbEntity
  8
DOOR_TENT
 62
5
370
20
 60
1
100
AcDbLine
 10
792639.7000444873
 20
-166621.3287510307
 30
0.0
 11
792589.7000444873
 21
-166621.3287510307
 31
0.0
  0
HATCH
  5
6ED
330
3D5
100
AcDbEntity
  8
0
 60
1
100
AcDbHatch
 10
0.0
 20
0.0
 30
0.0
210
0.0
220
0.0
230
1.0
  2
SOLID
 70
1
 71
0
 91
1
 92
7
 72
0
 73
1
 93
5
 10
794513.9278947265
 20
-166344.18600826
 10
794513.9278947265
 20
-165638.5088589082
 10
794344.5782282456
 20
-165942.965307508
 10
794457.1368093485
 20
-165942.965307508
 10
794457.1368093485
 20
-166344.18600826
 97
2
330
42F55E
330
42F55F
 75
1
 76
1
 47
5.508235739466424
 98
1
 10
794518.1323709944
 20
-166126.7400104726
450
0
451
0
460
0.0
461
0.0
452
0
462
0.0
453
2
463
0
 63
5
421
255
463
1
 63
2
421
16776960
470
LINEAR
  0
LWPOLYLINE
  5
6EE
330
3D5
100
AcDbEntity
  8
0
 60
1
100
AcDbPolyline
 90
5
 70
0
 10
794513.9278947265
 20
-165638.5088589082
 10
794344.5782282456
 20
-165942.965307508
 10
794457.1368093485
 20
-165942.965307508
 10
794457.1368093485
 20
-166344.18600826
 10
794513.9278947265
 20
-166344.18600826
  0
LINE
  5
6EF
330
3D5
100
AcDbEntity
  8
0
 60
1
100
AcDbLine
 10
794513.9278947265
 20
-165638.5088589082
 30
0.0
 11
794513.9278947265
 21
-166344.18600826
 31
0.0
  0
LINE
  5
6F0
330
3D5
100
AcDbEntity
  8
0
 60
1
100
AcDbLine
 10
794513.9278947265
 20
-165638.5088589082
 30
0.0
 11
794513.9278947265
 21
-166344.18600826
 31
0.0
  0
HATCH
  5
6F1
330
3D5
100
AcDbEntity
  8
0
 60
1
100
AcDbHatch
 10
0.0
 20
0.0
 30
0.0
210
0.0
220
0.0
230
1.0
  2
SOLID
 70
1
 71
0
 91
1
 92
7
 72
0
 73
1
 93
5
 10
794664.9664266687
 20
-165638.5088589082
 10
794664.9664266687
 20
-166344.18600826
 10
794834.3160931495
 20
-166039.7295596602
 10
794721.7575120466
 20
-166039.7295596602
 10
794721.7575120466
 20
-165638.5088589082
 97
2
330
42F562
330
42F563
 75
1
 76
1
 47
5.508235739466424
 98
1
 10
794660.7619504007
 20
-166077.8004890643
450
0
451
0
460
0.0
461
0.0
452
0
462
0.0
453
2
463
0
 63
5
421
255
463
1
 63
2
421
16776960
470
LINEAR
  0
LWPOLYLINE
  5
6F2
330
3D5
100
AcDbEntity
  8
0
 60
1
100
AcDbPolyline
 90
5
 70
0
 10
794664.9664266687
 20
-166344.18600826
 10
794834.3160931495
 20
-166039.7295596602
 10
794721.7575120466
 20
-166039.7295596602
 10
794721.7575120466
 20
-165638.5088589082
 10
794664.9664266687
 20
-165638.5088589082
  0
LINE
  5
6F3
330
3D5
100
AcDbEntity
  8
0
 60
1
100
AcDbLine
 10
794664.9664266687
 20
-166344.18600826
 30
0.0
 11
794664.9664266687
 21
-165638.5088589082
 31
0.0
  0
LINE
  5
6F4
330
3D5
100
AcDbEntity
  8
0
 60
1
100
AcDbLine
 10
794664.9664266687
 20
-166344.18600826
 30
0.0
 11
794664.9664266687
 21
-165638.5088589082
 31
0.0
  0
LINE
  5
6F5
330
3D5
100
AcDbEntity
  8
DOOR_TENT
 62
3
370
9
 60
1
100
AcDbLine
 10
795639.7000444871
 20
-166646.3287510307
 30
0.0
 11
796539.7000444871
 21
-166646.3287510307
 31
0.0
  0
LINE
  5
6F6
330
3D5
100
AcDbEntity
  8
DOOR_TENT
 62
3
370
15
 60
1
100
AcDbLine
 10
796489.7000444871
 20
-166641.3287510307
 30
0.0
 11
795689.7000444871
 21
-166641.3287510307
 31
0.0
  0
LINE
  5
6F7
330
3D5
100
AcDbEntity
  8
DOOR_TENT
 62
3
370
15
 60
1
100
AcDbLine
 10
795689.7000444871
 20
-166626.3287510307
 30
0.0
 11
796489.7000444871
 21
-166626.3287510307
 31
0.0
  0
LINE
  5
6F8
330
3D5
100
AcDbEntity
  8
DOOR_TENT
 62
3
370
9
 60
1
100
AcDbLine
 10
796539.7000444871
 20
-166621.3287510307
 30
0.0
 11
795639.7000444871
 21
-166621.3287510307
 31
0.0
  0
LINE
  5
6F9
330
3D5
100
AcDbEntity
  8
DOOR_TENT
 62
5
370
20
 60
1
100
AcDbLine
 10
793589.7000444873
 20
-166621.3287510307
 30
0.0
 11
793589.7000444873
 21
-166646.3287510307
 31
0.0
  0
LINE
  5
6FA
330
3D5
100
AcDbEntity
  8
DOOR_TENT
 62
5
370
20
 60
1
100
AcDbLine
 10
796589.7000444871
 20
-166646.3287510307
 30
0.0
 11
796539.7000444871
 21
-166646.3287510307
 31
0.0
  0
LINE
  5
6FB
330
3D5
100
AcDbEntity
  8
DOOR_TENT
 62
5
370
20
 60
1
100
AcDbLine
 10
796539.7000444871
 20
-166646.3287510307
 30
0.0
 11
796539.7000444871
 21
-166641.3287510307
 31
0.0
  0
LINE
  5
6FC
330
3D5
100
AcDbEntity
  8
DOOR_TENT
 62
5
370
20
 60
1
100
AcDbLine
 10
796539.7000444871
 20
-166641.3287510307
 30
0.0
 11
796489.7000444871
 21
-166641.3287510307
 31
0.0
  0
LINE
  5
6FD
330
3D5
100
AcDbEntity
  8
DOOR_TENT
 62
5
370
20
 60
1
100
AcDbLine
 10
796489.7000444871
 20
-166641.3287510307
 30
0.0
 11
796489.7000444871
 21
-166626.3287510307
 31
0.0
  0
LINE
  5
6FE
330
3D5
100
AcDbEntity
  8
DOOR_TENT
 62
5
370
20
 60
1
100
AcDbLine
 10
796489.7000444871
 20
-166626.3287510307
 30
0.0
 11
796539.7000444871
 21
-166626.3287510307
 31
0.0
  0
LINE
  5
6FF
330
3D5
100
AcDbEntity
  8
DOOR_TENT
 62
5
370
20
 60
1
100
AcDbLine
 10
796539.7000444871
 20
-166626.3287510307
 30
0.0
 11
796539.7000444871
 21
-166621.3287510307
 31
0.0
  0
LINE
  5
700
330
3D5
100
AcDbEntity
  8
DOOR_TENT
 62
5
370
20
 60
1
100
AcDbLine
 10
796539.7000444871
 20
-166621.3287510307
 30
0.0
 11
796589.7000444871
 21
-166621.3287510307
 31
0.0
  0
LINE
  5
701
330
3D5
100
AcDbEntity
  8
DOOR_TENT
 62
5
370
20
 60
1
100
AcDbLine
 10
795589.7000444871
 20
-166621.3287510307
 30
0.0
 11
795589.7000444871
 21
-166646.3287510307
 31
0.0
  0
LINE
  5
702
330
3D5
100
AcDbEntity
  8
DOOR_TENT
 62
5
370
20
 60
1
100
AcDbLine
 10
795589.7000444871
 20
-166646.3287510307
 30
0.0
 11
795639.7000444871
 21
-166646.3287510307
 31
0.0
  0
LINE
  5
703
330
3D5
100
AcDbEntity
  8
DOOR_TENT
 62
5
370
20
 60
1
100
AcDbLine
 10
795639.7000444871
 20
-166646.3287510307
 30
0.0
 11
795639.7000444871
 21
-166641.3287510307
 31
0.0
  0
LINE
  5
704
330
3D5
100
AcDbEntity
  8
DOOR_TENT
 62
5
370
20
 60
1
100
AcDbLine
 10
795639.7000444871
 20
-166641.3287510307
 30
0.0
 11
795689.7000444871
 21
-166641.3287510307
 31
0.0
  0
LINE
  5
705
330
3D5
100
AcDbEntity
  8
DOOR_TENT
 62
5
370
20
 60
1
100
AcDbLine
 10
795689.7000444871
 20
-166641.3287510307
 30
0.0
 11
795689.7000444871
 21
-166626.3287510307
 31
0.0
  0
LINE
  5
706
330
3D5
100
AcDbEntity
  8
DOOR_TENT
 62
5
370
20
 60
1
100
AcDbLine
 10
795689.7000444871
 20
-166626.3287510307
 30
0.0
 11
795639.7000444871
 21
-166626.3287510307
 31
0.0
  0
LINE
  5
707
330
3D5
100
AcDbEntity
  8
DOOR_TENT
 62
5
370
20
 60
1
100
AcDbLine
 10
795639.7000444871
 20
-166626.3287510307
 30
0.0
 11
795639.7000444871
 21
-166621.3287510307
 31
0.0
  0
LINE
  5
708
330
3D5
100
AcDbEntity
  8
DOOR_TENT
 62
5
370
20
 60
1
100
AcDbLine
 10
795639.7000444871
 20
-166621.3287510307
 30
0.0
 11
795589.7000444871
 21
-166621.3287510307
 31
0.0
  0
LINE
  5
709
330
3D5
100
AcDbEntity
  8
DOOR_TENT
 62
5
370
20
 60
1
100
AcDbLine
 10
796589.7000444871
 20
-166621.3287510307
 30
0.0
 11
796589.7000444871
 21
-166646.3287510307
 31
0.0
  0
LINE
  5
70A
330
3D5
100
AcDbEntity
  8
DOOR_TENT
 62
5
370
20
 60
1
100
AcDbLine
 10
797589.7000444871
 20
-166646.3287510304
 30
0.0
 11
797539.7000444871
 21
-166646.3287510304
 31
0.0
  0
LINE
  5
70B
330
3D5
100
AcDbEntity
  8
DOOR_TENT
 62
5
370
20
 60
1
100
AcDbLine
 10
797539.7000444871
 20
-166646.3287510304
 30
0.0
 11
797539.7000444871
 21
-166641.3287510304
 31
0.0
  0
LINE
  5
70C
330
3D5
100
AcDbEntity
  8
DOOR_TENT
 62
5
370
20
 60
1
100
AcDbLine
 10
797539.7000444871
 20
-166641.3287510304
 30
0.0
 11
797489.7000444871
 21
-166641.3287510304
 31
0.0
  0
LINE
  5
70D
330
3D5
100
AcDbEntity
  8
DOOR_TENT
 62
5
370
20
 60
1
100
AcDbLine
 10
797489.7000444871
 20
-166641.3287510304
 30
0.0
 11
797489.7000444871
 21
-166626.3287510304
 31
0.0
  0
LINE
  5
70E
330
3D5
100
AcDbEntity
  8
DOOR_TENT
 62
5
370
20
 60
1
100
AcDbLine
 10
797489.7000444871
 20
-166626.3287510304
 30
0.0
 11
797539.7000444871
 21
-166626.3287510304
 31
0.0
  0
LINE
  5
70F
330
3D5
100
AcDbEntity
  8
DOOR_TENT
 62
5
370
20
 60
1
100
AcDbLine
 10
797539.7000444871
 20
-166626.3287510304
 30
0.0
 11
797539.7000444871
 21
-166621.3287510304
 31
0.0
  0
LINE
  5
710
330
3D5
100
AcDbEntity
  8
DOOR_TENT
 62
5
370
20
 60
1
100
AcDbLine
 10
797539.7000444871
 20
-166621.3287510304
 30
0.0
 11
797589.7000444871
 21
-166621.3287510304
 31
0.0
  0
LINE
  5
711
330
3D5
100
AcDbEntity
  8
DOOR_TENT
 62
5
370
20
 60
1
100
AcDbLine
 10
796589.7000444871
 20
-166621.3287510304
 30
0.0
 11
796589.7000444871
 21
-166646.3287510304
 31
0.0
  0
LINE
  5
712
330
3D5
100
AcDbEntity
  8
DOOR_TENT
 62
5
370
20
 60
1
100
AcDbLine
 10
796589.7000444871
 20
-166646.3287510304
 30
0.0
 11
796639.7000444871
 21
-166646.3287510304
 31
0.0
  0
LINE
  5
713
330
3D5
100
AcDbEntity
  8
DOOR_TENT
 62
5
370
20
 60
1
100
AcDbLine
 10
796639.7000444871
 20
-166646.3287510304
 30
0.0
 11
796639.7000444871
 21
-166641.3287510304
 31
0.0
  0
LINE
  5
714
330
3D5
100
AcDbEntity
  8
DOOR_TENT
 62
5
370
20
 60
1
100
AcDbLine
 10
796639.7000444871
 20
-166641.3287510304
 30
0.0
 11
796689.7000444871
 21
-166641.3287510304
 31
0.0
  0
LINE
  5
715
330
3D5
100
AcDbEntity
  8
DOOR_TENT
 62
5
370
20
 60
1
100
AcDbLine
 10
796689.7000444871
 20
-166641.3287510304
 30
0.0
 11
796689.7000444871
 21
-166626.3287510304
 31
0.0
  0
LINE
  5
716
330
3D5
100
AcDbEntity
  8
DOOR_TENT
 62
5
370
20
 60
1
100
AcDbLine
 10
796689.7000444871
 20
-166626.3287510304
 30
0.0
 11
796639.7000444871
 21
-166626.3287510304
 31
0.0
  0
LINE
  5
717
330
3D5
100
AcDbEntity
  8
DOOR_TENT
 62
5
370
20
 60
1
100
AcDbLine
 10
796639.7000444871
 20
-166626.3287510304
 30
0.0
 11
796639.7000444871
 21
-166621.3287510304
 31
0.0
  0
LINE
  5
718
330
3D5
100
AcDbEntity
  8
DOOR_TENT
 62
5
370
20
 60
1
100
AcDbLine
 10
796639.7000444871
 20
-166621.3287510304
 30
0.0
 11
796589.7000444871
 21
-166621.3287510304
 31
0.0
  0
LINE
  5
719
330
3D5
100
AcDbEntity
  8
DOOR_TENT
 62
5
370
20
 60
1
100
AcDbLine
 10
797589.7000444871
 20
-166621.3287510304
 30
0.0
 11
797589.7000444871
 21
-166646.3287510304
 31
0.0
  0
ENDBLK
  5
3D7
330
3D5
100
AcDbEntity
  8
0
100
AcDbBlockEnd
  0
BLOCK
  5
71B
330
71A
100
AcDbEntity
  8
0
100
AcDbBlockBegin
  2
opanable pvc
 70
0
 10
0.0
 20
0.0
 30
0.0
  3
opanable pvc
  1

  0
LINE
  5
71D
330
71A
100
AcDbEntity
  8
DOOR_TENT
 62
5
370
20
100
AcDbLine
 10
980509.5530528052
 20
-168627.6912137881
 30
0.0
 11
980509.5530528052
 21
-168652.6912137881
 31
0.0
  0
LINE
  5
71E
330
71A
100
AcDbEntity
  8
DOOR_TENT
 62
5
370
20
100
AcDbLine
 10
982509.5530528048
 20
-168627.6912137881
 30
0.0
 11
982509.5530528048
 21
-168652.6912137881
 31
0.0
  0
LINE
  5
71F
330
71A
100
AcDbEntity
  8
DOOR_TENT
 62
5
370
20
 48
2.0
100
AcDbLine
 10
982509.5530528048
 20
-168652.6912137881
 30
0.0
 11
981634.553052805
 21
-168652.6912137881
 31
0.0
  0
LINE
  5
720
330
71A
100
AcDbEntity
  8
DOOR_TENT
 62
5
370
20
 48
2.0
100
AcDbLine
 10
982509.5530528048
 20
-168627.6912137881
 30
0.0
 11
981634.5530528054
 21
-168627.6912137881
 31
0.0
  0
LINE
  5
721
330
71A
100
AcDbEntity
  8
DOOR_TENT
 62
5
370
20
100
AcDbLine
 10
980509.5530528054
 20
-168627.6912137881
 30
0.0
 11
980509.5530528054
 21
-168652.6912137881
 31
0.0
  0
LINE
  5
722
330
71A
100
AcDbEntity
  8
DOOR_TENT
 62
5
370
20
 48
2.0
100
AcDbLine
 10
980509.5530528054
 20
-168652.6912137881
 30
0.0
 11
981384.553052805
 21
-168652.6912137881
 31
0.0
  0
LINE
  5
723
330
71A
100
AcDbEntity
  8
DOOR_TENT
 62
5
370
20
 48
2.0
100
AcDbLine
 10
980509.5530528054
 20
-168627.6912137881
 30
0.0
 11
981384.5530528054
 21
-168627.6912137881
 31
0.0
  0
LINE
  5
724
330
71A
100
AcDbEntity
  8
DOOR_TENT
 62
5
370
20
 48
2.0
100
AcDbLine
 10
981384.5530528054
 20
-168627.6912137835
 30
0.0
 11
981384.5530528048
 21
-168652.6912137835
 31
0.0
  0
LINE
  5
725
330
71A
100
AcDbEntity
  8
DOOR_TENT
 62
5
370
20
 48
2.0
100
AcDbLine
 10
981634.5530528054
 20
-168627.6912137928
 30
0.0
 11
981634.5530528048
 21
-168652.6912137928
 31
0.0
  0
HATCH
  5
726
330
71A
100
AcDbEntity
  8
ARROW
 62
1
420
16711680
100
AcDbHatch
 10
0.0
 20
0.0
 30
0.0
210
0.0
220
0.0
230
1.0
  2
SOLID
 70
1
 71
0
 91
1
 92
7
 72
0
 73
1
 93
5
 10
981453.0287277648
 20
-169179.9960628798
 10
981453.0287277648
 20
-168827.1574882039
 10
981368.3538945242
 20
-168979.3857125038
 10
981424.6331850758
 20
-168979.3857125038
 10
981424.6331850758
 20
-169179.9960628798
 97
2
330
42F236
330
42F237
 75
1
 76
1
 47
5.508235739466424
 98
1
 10
981455.1309658987
 20
-169071.2730639861
450
0
451
0
460
0.0
461
0.0
452
0
462
0.0
453
2
463
0
 63
5
421
255
463
1
 63
2
421
16776960
470
LINEAR
  0
LWPOLYLINE
  5
727
330
71A
100
AcDbEntity
  8
ARROW
 62
1
420
16711680
100
AcDbPolyline
 90
5
 70
0
 10
981453.0287277648
 20
-168827.1574882039
 10
981368.3538945242
 20
-168979.3857125038
 10
981424.6331850758
 20
-168979.3857125038
 10
981424.6331850758
 20
-169179.9960628798
 10
981453.0287277648
 20
-169179.9960628798
  0
LINE
  5
728
330
71A
100
AcDbEntity
  8
ARROW
 62
1
420
16711680
100
AcDbLine
 10
981453.0287277648
 20
-168827.1574882039
 30
0.0
 11
981453.0287277648
 21
-169179.9960628798
 31
0.0
  0
LINE
  5
729
330
71A
100
AcDbEntity
  8
ARROW
 62
1
420
16711680
100
AcDbLine
 10
981453.0287277648
 20
-168827.1574882039
 30
0.0
 11
981453.0287277648
 21
-169179.9960628798
 31
0.0
  0
HATCH
  5
72A
330
71A
100
AcDbEntity
  8
ARROW
 62
1
420
16711680
100
AcDbHatch
 10
0.0
 20
0.0
 30
0.0
210
0.0
220
0.0
230
1.0
  2
SOLID
 70
1
 71
0
 91
1
 92
7
 72
0
 73
1
 93
5
 10
981528.5479937358
 20
-168827.1574882039
 10
981528.5479937358
 20
-169179.9960628798
 10
981613.2228269764
 20
-169027.7678385799
 10
981556.9435364248
 20
-169027.7678385799
 10
981556.9435364248
 20
-168827.1574882039
 97
2
330
42F23A
330
42F23B
 75
1
 76
1
 47
5.508235739466424
 98
1
 10
981526.4457556017
 20
-169046.803303282
450
0
451
0
460
0.0
461
0.0
452
0
462
0.0
453
2
463
0
 63
5
421
255
463
1
 63
2
421
16776960
470
LINEAR
  0
LWPOLYLINE
  5
72B
330
71A
100
AcDbEntity
  8
ARROW
 62
1
420
16711680
100
AcDbPolyline
 90
5
 70
0
 10
981528.5479937358
 20
-169179.9960628798
 10
981613.2228269764
 20
-169027.7678385799
 10
981556.9435364248
 20
-169027.7678385799
 10
981556.9435364248
 20
-168827.1574882039
 10
981528.5479937358
 20
-168827.1574882039
  0
LINE
  5
72C
330
71A
100
AcDbEntity
  8
ARROW
 62
1
420
16711680
100
AcDbLine
 10
981528.5479937358
 20
-169179.9960628798
 30
0.0
 11
981528.5479937358
 21
-168827.1574882039
 31
0.0
  0
LINE
  5
72D
330
71A
100
AcDbEntity
  8
ARROW
 62
1
420
16711680
100
AcDbLine
 10
981528.5479937358
 20
-169179.9960628798
 30
0.0
 11
981528.5479937358
 21
-168827.1574882039
 31
0.0
  0
ENDBLK
  5
71C
330
71A
100
AcDbEntity
  8
0
100
AcDbBlockEnd
  0
BLOCK
  5
81D
330
81C
100
AcDbEntity
  8
0
100
AcDbBlockBegin
  2
F&BB
 70
0
 10
0.0
 20
0.0
 30
0.0
  3
F&BB
  1

  0
POLYLINE
  5
81F
330
81C
100
AcDbEntity
  8
0
  6
Continuous
 62
15
370
25
420
10041663
430
Active Document$DIC 300
440
33554687
100
AcDb2dPolyline
 66
1
 10
0.0
 20
0.0
 30
0.0
 70
129
  0
VERTEX
  5
820
330
81F
100
AcDbEntity
  8
0
  6
Continuous
 62
15
370
25
420
10041663
430
Active Document$DIC 300
440
33554687
100
AcDbVertex
100
AcDb2dVertex
 10
57.08667062553832
 20
-17.78646986476767
 30
0.0
 70
0
  0
VERTEX
  5
821
330
81F
100
AcDbEntity
  8
0
  6
Continuous
 62
15
370
25
420
10041663
430
Active Document$DIC 300
440
33554687
100
AcDbVertex
100
AcDb2dVertex
 10
54.08667062553832
 20
-17.78646986476767
 30
0.0
 70
0
  0
VERTEX
  5
822
330
81F
100
AcDbEntity
  8
0
  6
Continuous
 62
15
370
25
420
10041663
430
Active Document$DIC 300
440
33554687
100
AcDbVertex
100
AcDb2dVertex
 10
54.08667062553832
 20
-14.78646986476767
 30
0.0
 70
0
  0
VERTEX
  5
823
330
81F
100
AcDbEntity
  8
0
  6
Continuous
 62
15
370
25
420
10041663
430
Active Document$DIC 300
440
33554687
100
AcDbVertex
100
AcDb2dVertex
 10
57.08667062553832
 20
-14.78646986476767
 30
0.0
 70
0
  0
SEQEND
  5
824
330
81F
100
AcDbEntity
  8
0
  6
Continuous
 62
15
370
25
420
10041663
430
Active Document$DIC 300
440
33554687
  0
POLYLINE
  5
825
330
81C
100
AcDbEntity
  8
0
  6
Continuous
 62
15
370
25
420
10041663
430
Active Document$DIC 300
440
33554687
100
AcDb2dPolyline
 66
1
 10
0.0
 20
0.0
 30
0.0
 70
129
  0
VERTEX
  5
826
330
825
100
AcDbEntity
  8
0
  6
Continuous
 62
15
370
25
420
10041663
430
Active Document$DIC 300
440
33554687
100
AcDbVertex
100
AcDb2dVertex
 10
54.08667062553832
 20
-14.78646986476767
 30
0.0
 70
0
  0
VERTEX
  5
827
330
825
100
AcDbEntity
  8
0
  6
Continuous
 62
15
370
25
420
10041663
430
Active Document$DIC 300
440
33554687
100
AcDbVertex
100
AcDb2dVertex
 10
54.08667062553832
 20
-15.38646986476766
 30
0.0
 70
0
  0
VERTEX
  5
828
330
825
100
AcDbEntity
  8
0
  6
Continuous
 62
15
370
25
420
10041663
430
Active Document$DIC 300
440
33554687
100
AcDbVertex
100
AcDb2dVertex
 10
56.4866706255383
 20
-15.38646986476763
 30
0.0
 70
0
  0
VERTEX
  5
829
330
825
100
AcDbEntity
  8
0
  6
Continuous
 62
15
370
25
420
10041663
430
Active Document$DIC 300
440
33554687
100
AcDbVertex
100
AcDb2dVertex
 10
56.4866706255383
 20
-15.38646986476763
 30
0.0
 70
0
  0
VERTEX
  5
82A
330
825
100
AcDbEntity
  8
0
  6
Continuous
 62
15
370
25
420
10041663
430
Active Document$DIC 300
440
33554687
100
AcDbVertex
100
AcDb2dVertex
 10
57.08667062553832
 20
-15.38646986476763
 30
0.0
 70
0
  0
VERTEX
  5
82B
330
825
100
AcDbEntity
  8
0
  6
Continuous
 62
15
370
25
420
10041663
430
Active Document$DIC 300
440
33554687
100
AcDbVertex
100
AcDb2dVertex
 10
57.08667062553832
 20
-14.78646986476767
 30
0.0
 70
0
  0
SEQEND
  5
82C
330
825
100
AcDbEntity
  8
0
  6
Continuous
 62
15
370
25
420
10041663
430
Active Document$DIC 300
440
33554687
  0
POLYLINE
  5
82D
330
81C
100
AcDbEntity
  8
0
  6
Continuous
 62
15
370
25
420
10041663
430
Active Document$DIC 300
440
33554687
100
AcDb2dPolyline
 66
1
 10
0.0
 20
0.0
 30
0.0
 70
129
  0
VERTEX
  5
82E
330
82D
100
AcDbEntity
  8
0
  6
Continuous
 62
15
370
25
420
10041663
430
Active Document$DIC 300
440
33554687
100
AcDbVertex
100
AcDb2dVertex
 10
54.08667062553826
 20
-17.58646986476768
 30
0.0
 70
0
  0
VERTEX
  5
82F
330
82D
100
AcDbEntity
  8
0
  6
Continuous
 62
15
370
25
420
10041663
430
Active Document$DIC 300
440
33554687
100
AcDbVertex
100
AcDb2dVertex
 10
54.08667062553832
 20
-17.78646986476767
 30
0.0
 70
0
  0
VERTEX
  5
830
330
82D
100
AcDbEntity
  8
0
  6
Continuous
 62
15
370
25
420
10041663
430
Active Document$DIC 300
440
33554687
100
AcDbVertex
100
AcDb2dVertex
 10
57.08667062553832
 20
-17.7864698647677
 30
0.0
 70
0
  0
VERTEX
  5
831
330
82D
100
AcDbEntity
  8
0
  6
Continuous
 62
15
370
25
420
10041663
430
Active Document$DIC 300
440
33554687
100
AcDbVertex
100
AcDb2dVertex
 10
57.08667062553832
 20
-17.58646986476768
 30
0.0
 70
0
  0
VERTEX
  5
832
330
82D
100
AcDbEntity
  8
0
  6
Continuous
 62
15
370
25
420
10041663
430
Active Document$DIC 300
440
33554687
100
AcDbVertex
100
AcDb2dVertex
 10
54.28667062553825
 20
-17.58646986476768
 30
0.0
 70
0
  0
VERTEX
  5
833
330
82D
100
AcDbEntity
  8
0
  6
Continuous
 62
15
370
25
420
10041663
430
Active Document$DIC 300
440
33554687
100
AcDbVertex
100
AcDb2dVertex
 10
54.28667062553825
 20
-17.58646986476768
 30
0.0
 70
0
  0
SEQEND
  5
834
330
82D
100
AcDbEntity
  8
0
  6
Continuous
 62
15
370
25
420
10041663
430
Active Document$DIC 300
440
33554687
  0
ENDBLK
  5
81E
330
81C
100
AcDbEntity
  8
0
100
AcDbBlockEnd
  0
BLOCK
  5
836
330
835
100
AcDbEntity
  8
0
100
AcDbBlockBegin
  2
32FT VIP
 70
2
 10
0.0
 20
0.0
 30
0.0
  3
32FT VIP
  1

  0
INSERT
  5
838
330
835
100
AcDbEntity
  8
0
100
AcDbBlockReference
  2
*U878
 10
5.826999999797181
 20
-3.799999986262151
 30
0.0
 41
0.001
 42
0.001
 43
0.001
 50
180.0
  0
INSERT
  5
83A
330
835
100
AcDbEntity
  8
0
 62
31
100
AcDbBlockReference
  2
SPLIT-AC0
 10
9.65399999961619
 20
-2.308827156005464
 30
0.0
 41
-0.001
 42
0.001
 43
0.001
 50
89.9999998989868
  0
INSERT
  5
83C
330
835
100
AcDbEntity
  8
0
370
25
100
AcDbBlockReference
 66
1
  2
CU-OUTDOOR-S0
 10
10.03145781559351
 20
-2.308827157023671
 30
0.0
 41
-1.0
 50
89.9999998989868
  0
ATTRIB
  5
83D
330
83C
100
AcDbEntity
  8
0
100
AcDbText
 10
10.29983711327414
 20
-2.486887679446342
 30
0.0923344233422653
 40
0.2
  1
CU
 50
89.9999999259058
  7
Bahnschrift Light
 72
1
 11
10.09983711350619
 21
-2.307451640673262
 31
0.0923344233422653
210
-3.895109417672472e-12
220
3.328159088912154e-08
230
0.9999999999999996
100
AcDbAttribute
  2
CU
 70
0
 74
3
280
1
 71
1
 72
0
 11
10.09983711350619
 21
-2.307451640673262
 31
0.0923344233422653
  0
SEQEND
  5
83E
330
83C
100
AcDbEntity
  8
0
  0
LINE
  5
83F
330
835
100
AcDbEntity
  8
0
100
AcDbLine
 10
10.00885466747218
 20
-2.5687196486262
 30
0.0
 11
9.754000000585847
 21
-2.568719648176909
 31
0.0
  0
LINE
  5
840
330
835
100
AcDbEntity
  8
0
100
AcDbLine
 10
10.00885466740169
 20
-2.60871964862622
 30
0.0
 11
9.754000000585847
 21
-2.608719648176901
 31
0.0
  0
LINE
  5
841
330
835
100
AcDbEntity
  8
0
100
AcDbLine
 10
10.00885466838849
 20
-2.048970507756394
 30
0.0
 11
9.754000000585847
 21
-2.048970507307075
 31
0.0
  0
LINE
  5
842
330
835
100
AcDbEntity
  8
0
100
AcDbLine
 10
10.00885466845898
 20
-2.008970507756374
 30
0.0
 11
9.754000000585847
 21
-2.008970507307083
 31
0.0
  0
LWPOLYLINE
  5
843
330
835
100
AcDbEntity
  8
0
 62
0
100
AcDbPolyline
 90
3
 70
0
 38
-1.5855894937e-06
 10
0.9302981753545222
 20
-0.0999999999924332
 10
0.9302981753547102
 20
-1.282211943887461
 10
0.8558960490484148
 20
-1.282211943887375
210
-5.01886029272183e-06
220
5.8181743517413e-06
230
0.99999999997048
  0
LWPOLYLINE
  5
844
330
835
100
AcDbEntity
  8
0
100
AcDbPolyline
 90
2
 70
0
 38
-1.0837034644e-06
 10
0.2676220941670117
 20
-1.282211943887368
 10
0.0999999999986101
 20
-1.282211943890409
210
-5.01886029272183e-06
220
5.8181743517413e-06
230
0.99999999997048
  0
LWPOLYLINE
  5
845
330
835
100
AcDbEntity
  8
0
 62
0
100
AcDbPolyline
 90
2
 70
0
 38
-1.5855894937e-06
 10
0.8558960490486806
 20
-1.299098140756259
 10
1.121586498527668
 20
-1.299098140753417
210
-5.01886029272183e-06
220
5.8181743517413e-06
230
0.99999999997048
  0
LWPOLYLINE
  5
846
330
835
100
AcDbEntity
  8
0
 62
0
100
AcDbPolyline
 90
2
 70
0
 38
-2.087475523e-06
 10
1.709860453408617
 20
-1.299098140753424
 10
1.975550902887832
 20
-1.299098140750525
210
-5.01886029272183e-06
220
5.8181743517413e-06
230
0.99999999997048
  0
LWPOLYLINE
  5
847
330
835
100
AcDbEntity
  8
0
 62
0
100
AcDbPolyline
 90
2
 70
0
 38
-2.5893615523e-06
 10
2.567339158202433
 20
-1.299098140750504
 10
2.829601109700529
 20
-1.299098140747491
210
-5.01886029272183e-06
220
5.8181743517413e-06
230
0.99999999997048
  0
LWPOLYLINE
  5
848
330
835
100
AcDbEntity
  8
0
 62
0
100
AcDbPolyline
 90
2
 70
0
 38
-3.0912475815e-06
 10
3.421303733996663
 20
-1.299098140747612
 10
3.512677773906984
 20
-1.29909814074747
210
-5.01886029272183e-06
220
5.8181743517413e-06
230
0.99999999997048
  0
LWPOLYLINE
  5
849
330
835
100
AcDbEntity
  8
0
 62
0
100
AcDbPolyline
 90
4
 70
0
 38
-1.5855894937e-06
 10
0.9471843722238439
 20
-0.0999999999925753
 10
0.9471843722238044
 20
-1.282211943887489
 10
1.121586498527403
 20
-1.282211943884533
 10
1.121586498527668
 20
-1.299098140753417
210
-5.01886029272183e-06
220
5.8181743517413e-06
230
0.99999999997048
  0
LWPOLYLINE
  5
84A
330
835
100
AcDbEntity
  8
0
 62
0
100
AcDbPolyline
 90
3
 70
0
 38
-2.087475523e-06
 10
1.709860453408351
 20
-1.282211943884541
 10
1.784348296449805
 20
-1.282211943884427
 10
1.784348296450299
 20
-0.0999999999896268
210
-5.01886029272183e-06
220
5.8181743517413e-06
230
0.99999999997048
  0
LWPOLYLINE
  5
84B
330
835
100
AcDbEntity
  8
0
 62
0
100
AcDbPolyline
 90
4
 70
0
 38
-2.087475523e-06
 10
1.801234493318711
 20
-0.0999999999894847
 10
1.801234493318444
 20
-1.282211943884399
 10
1.975550902887339
 20
-1.2822119438815
 10
1.975550902887832
 20
-1.299098140750525
210
-5.01886029272183e-06
220
5.8181743517413e-06
230
0.99999999997048
  0
LWPOLYLINE
  5
84C
330
835
100
AcDbEntity
  8
0
 62
0
100
AcDbPolyline
 90
2
 70
0
 38
-2.5893615523e-06
 10
2.567339158202622
 20
-1.282211943881592
 10
2.638312700810196
 20
-1.28221194388162
210
-5.01886029272183e-06
220
5.8181743517413e-06
230
0.99999999997048
  0
LWPOLYLINE
  5
84D
330
835
100
AcDbEntity
  8
0
 62
0
100
AcDbPolyline
 90
4
 70
0
 38
-2.5893615523e-06
 10
2.658627567094288
 20
-0.0999999999867068
 10
2.658627567094249
 20
-1.282211943881621
 10
2.829601109700718
 20
-1.282211943878693
 10
2.829601109700529
 20
-1.299098140747491
210
-5.01886029272183e-06
220
5.8181743517413e-06
230
0.99999999997048
  0
LWPOLYLINE
  5
84E
330
835
100
AcDbEntity
  8
0
 62
0
100
AcDbPolyline
 90
3
 70
0
 38
-3.0912475815e-06
 10
3.421303733996625
 20
-1.282211943878587
 10
3.495705860302693
 20
-1.2822119438787
 10
3.495705860302733
 20
-0.099999999983673
210
-5.01886029272183e-06
220
5.8181743517413e-06
230
0.99999999997048
  0
LWPOLYLINE
  5
84F
330
835
100
AcDbEntity
  8
0
 62
0
100
AcDbPolyline
 90
2
 70
0
 38
-2.5893615523e-06
 10
2.638398417545393
 20
-0.0999999999865647
 10
2.638398417545353
 20
-1.282211943881479
210
-5.01886029272183e-06
220
5.8181743517413e-06
230
0.99999999997048
  0
LWPOLYLINE
  5
850
330
835
100
AcDbEntity
  8
0
 62
0
100
AcDbPolyline
 90
2
 70
0
 38
-3.0912475815e-06
 10
3.512677773906984
 20
-1.29909814074747
 10
3.512677773906985
 20
-0.099999999983673
210
-5.01886029272183e-06
220
5.8181743517413e-06
230
0.99999999997048
  0
LWPOLYLINE
  5
851
330
835
100
AcDbEntity
  8
0
 62
0
100
AcDbPolyline
 90
2
 70
0
 38
-1.5855894937e-06
 10
0.8558960490486806
 20
-1.299098140756259
 10
0.8558960490486397
 20
-1.28212622715199
210
-5.01886029272183e-06
220
5.8181743517413e-06
230
0.99999999997048
  0
LWPOLYLINE
  5
852
330
835
100
AcDbEntity
  8
0
 62
0
100
AcDbPolyline
 90
2
 70
0
 38
-2.087475523e-06
 10
1.709860453408617
 20
-1.299098140753424
 10
1.709860453408349
 20
-1.282126227149041
210
-5.01886029272183e-06
220
5.8181743517413e-06
230
0.99999999997048
  0
LWPOLYLINE
  5
853
330
835
100
AcDbEntity
  8
0
 62
0
100
AcDbPolyline
 90
2
 70
0
 38
-2.5893615523e-06
 10
2.567339158202433
 20
-1.299098140750504
 10
2.567339158202392
 20
-1.282126227146121
210
-5.01886029272183e-06
220
5.8181743517413e-06
230
0.99999999997048
  0
LWPOLYLINE
  5
854
330
835
100
AcDbEntity
  8
0
 62
0
100
AcDbPolyline
 90
2
 70
0
 38
-3.0912475815e-06
 10
3.421303733996663
 20
-1.299098140747612
 10
3.42130373399685
 20
-1.282126227143343
210
-5.01886029272183e-06
220
5.8181743517413e-06
230
0.99999999997048
  0
INSERT
  5
855
330
835
100
AcDbEntity
  8
WT
100
AcDbBlockReference
  2
EXHAUST0
 10
1.305599518680465
 20
-0.0499999999610124
 30
-6.8435303001e-06
210
-5.01886029272183e-06
220
5.8181743517413e-06
230
0.99999999997048
  0
LINE
  5
857
330
835
100
AcDbEntity
  8
0
100
AcDbLine
 10
2.427000000180442
 20
-4.9999999849824
 30
-3.13028738676e-05
 11
7.326999999435657
 21
-4.999999986694155
 31
3.162590974e-07
210
-5.8181743517413e-06
220
-5.01886029272183e-06
230
0.99999999997048
  0
LINE
  5
858
330
835
100
AcDbEntity
  8
0
100
AcDbLine
 10
2.654448545697278
 20
-5.037693329788999
 30
-3.01687162052e-05
 11
7.099551453918821
 21
-5.037693331009541
 31
-1.2305914047e-06
210
-5.8181743517413e-06
220
-5.01886029272183e-06
230
0.99999999997048
  0
LWPOLYLINE
  5
859
330
835
100
AcDbEntity
  8
0
 62
0
100
AcDbPolyline
 90
4
 70
1
 38
-1.0837034644e-06
 10
1.632312972960589
 20
-1.593302108768085
 10
1.121586498527458
 20
-1.29906195807876
 10
1.131701073301396
 20
-1.285518713889522
 10
1.642427547735667
 20
-1.579844581314233
210
-5.01886029272183e-06
220
5.8181743517413e-06
230
0.99999999997048
  0
LWPOLYLINE
  5
85A
330
835
100
AcDbEntity
  8
0
 62
0
100
AcDbPolyline
 90
4
 70
1
 38
-1.0837034644e-06
 10
2.486165495518755
 20
-1.59327797655871
 10
1.975550902887868
 20
-1.299098140750539
 10
1.982322524982687
 20
-1.285554896561044
 10
2.492851400877737
 20
-1.579820449104715
210
-5.01886029272183e-06
220
5.8181743517413e-06
230
0.99999999997048
  0
LWPOLYLINE
  5
85B
330
835
100
AcDbEntity
  8
0
 62
0
100
AcDbPolyline
 90
4
 70
1
 38
-1.0837034644e-06
 10
3.340129985595857
 20
-1.593277976555697
 10
2.829601109700355
 20
-1.299098140747497
 10
2.839715684474748
 20
-1.285554896558117
 10
3.350244560370252
 20
-1.579820449101702
210
-5.01886029272183e-06
220
5.8181743517413e-06
230
0.99999999997048
  0
ARC
  5
85C
330
835
100
AcDbEntity
  8
0
  6
HIDDEN2
 62
0
100
AcDbCircle
 10
1.121586498527422
 20
-1.299061958078747
 30
-2.087475523e-06
 40
0.591704554698364
210
-5.01886029272183e-06
220
5.8181743517413e-06
230
0.99999999997048
100
AcDbArc
 50
331.6711305073437
 51
0.0
  0
ARC
  5
85D
330
835
100
AcDbEntity
  8
0
  6
HIDDEN2
 62
0
100
AcDbCircle
 10
1.97201035166993
 20
-1.299037825869235
 30
-2.5893615523e-06
 40
0.591704554698364
210
-5.01886029272183e-06
220
5.8181743517413e-06
230
0.99999999997048
100
AcDbArc
 50
331.6711305073437
 51
0.0
  0
ARC
  5
85E
330
835
100
AcDbEntity
  8
0
  6
HIDDEN2
 62
0
100
AcDbCircle
 10
2.829403511162654
 20
-1.299037825866458
 30
-3.0912475815e-06
 40
0.591704554698364
210
-5.01886029272183e-06
220
5.8181743517413e-06
230
0.99999999997048
100
AcDbArc
 50
331.6711305073437
 51
0.0
  0
LWPOLYLINE
  5
85F
330
835
100
AcDbEntity
  8
0
 62
0
100
AcDbPolyline
 90
4
 70
1
 38
-1.0837034644e-06
 10
0.778348568600862
 20
-1.593302108771013
 10
0.2676220941675037
 20
-1.299061958081716
 10
0.2777366689416697
 20
-1.285518713892336
 10
0.7884631433752578
 20
-1.579844581317075
210
-5.01886029272183e-06
220
5.8181743517413e-06
230
0.99999999997048
  0
ARC
  5
860
330
835
100
AcDbEntity
  8
0
  6
HIDDEN2
 62
0
100
AcDbCircle
 10
0.2676220941674859
 20
-1.299061958081724
 30
-1.5855894937e-06
 40
0.591704554698364
210
-5.01886029272183e-06
220
5.8181743517413e-06
230
0.99999999997048
100
AcDbArc
 50
331.6711305073437
 51
0.0
  0
INSERT
  5
861
330
835
100
AcDbEntity
  8
0
 62
0
440
33554687
100
AcDbBlockReference
  2
WC-BYRNE0
 10
3.075468198749858
 20
-0.1359211418473338
 30
-2.8403045669e-06
210
-5.01886029272183e-06
220
5.8181743517413e-06
230
0.99999999997048
  0
INSERT
  5
863
330
835
100
AcDbEntity
  8
0
 62
0
440
33554687
100
AcDbBlockReference
  2
WC-BYRNE0
 10
2.221434023981349
 20
-0.1359211418502539
 30
-2.3384185376e-06
210
-5.01886029272183e-06
220
5.8181743517413e-06
230
0.99999999997048
  0
INSERT
  5
865
330
835
100
AcDbEntity
  8
0
 62
0
440
33554687
100
AcDbBlockReference
  2
WC-BYRNE0
 10
1.365765873943375
 20
-0.1359211418530319
 30
-1.8365325083e-06
210
-5.01886029272183e-06
220
5.8181743517413e-06
230
0.99999999997048
  0
INSERT
  5
867
330
835
100
AcDbEntity
  8
0
 62
0
440
33554687
100
AcDbBlockReference
  2
WC-BYRNE0
 10
0.5100706863032085
 20
-0.1359211418559803
 30
-1.3346464791e-06
210
-5.01886029272183e-06
220
5.8181743517413e-06
230
0.99999999997048
  0
LINE
  5
869
330
835
100
AcDbEntity
  8
0
100
AcDbLine
 10
0.2676220941343672
 20
-1.299061958068904
 30
7.315737374e-06
 11
0.2676220941345946
 21
-1.282211943874842
 31
7.2177010536e-06
210
-5.01886029272183e-06
220
5.8181743517413e-06
230
0.99999999997048
  0
LWPOLYLINE
  5
86A
330
835
100
AcDbEntity
  8
0
100
AcDbPolyline
 90
2
 70
0
 38
-1.0837034644e-06
 10
0.2676220941675037
 20
-1.299061958081716
 10
0.0999999999988748
 20
-1.299061958084643
210
-5.01886029272183e-06
220
5.8181743517413e-06
230
0.99999999997048
  0
HATCH
  5
86B
330
835
100
AcDbEntity
  8
0
 62
0
100
AcDbHatch
 10
0.0
 20
0.0
 30
0.0
210
0.0
220
0.0
230
1.0
  2
ANSI32
 70
0
 71
0
 91
5
 92
5
 93
8
 72
1
 10
1.155599518682266
 20
-0.0999999999999943
 11
1.155599518682266
 21
0.0
 72
1
 10
1.155599518682266
 20
0.0
 11
0.0
 21
0.0
 72
1
 10
0.0
 20
0.0
 11
0.0
 21
-3.799999986262151
 72
1
 10
0.0
 20
-3.799999986262151
 11
3.926999999818918
 21
-3.799999986262151
 72
1
 10
3.926999999818918
 20
-3.799999986262151
 11
3.926999999818918
 21
-3.699999986262156
 72
1
 10
3.926999999818918
 20
-3.699999986262156
 11
0.0999999999999091
 21
-3.699999986262156
 72
1
 10
0.0999999999999091
 20
-3.699999986262156
 11
0.0999999999999091
 21
-0.0999999999999943
 72
1
 10
0.0999999999999091
 20
-0.0999999999999943
 11
1.155599518682266
 21
-0.0999999999999943
 97
0
 92
5
 93
4
 72
1
 10
2.955599518681993
 20
-0.0999999999999943
 11
2.95559951868222
 21
0.0
 72
1
 10
2.95559951868222
 20
0.0
 11
1.455599518734971
 21
0.0
 72
1
 10
1.455599518734971
 20
0.0
 11
1.455599518734971
 21
-0.0999999999999943
 72
1
 10
1.455599518734971
 20
-0.0999999999999943
 11
2.955599518681993
 21
-0.0999999999999943
 97
0
 92
5
 93
12
 72
1
 10
6.498400480858891
 20
-0.0999999999999943
 11
6.498400480858663
 21
2.84e-14
 72
1
 10
6.498400480858663
 20
2.84e-14
 11
3.255599518734925
 21
2.84e-14
 72
1
 10
3.255599518734925
 20
2.84e-14
 11
3.255599518734925
 21
-0.0999999999999943
 72
1
 10
3.255599518734925
 20
-0.0999999999999943
 11
4.826999999808095
 21
-0.0999999999999943
 72
1
 10
4.826999999808095
 20
-0.0999999999999943
 11
4.826999999808095
 21
-3.699999986262156
 72
1
 10
4.826999999808095
 20
-3.699999986262156
 11
4.726999999808186
 21
-3.699999986262156
 72
1
 10
4.726999999808186
 20
-3.699999986262156
 11
4.726999999808186
 21
-3.799999986262151
 72
1
 10
4.726999999808186
 20
-3.799999986262151
 11
5.026999999807913
 21
-3.799999986262151
 72
1
 10
5.026999999807913
 20
-3.799999986262151
 11
5.026999999807913
 21
-3.699999986262156
 72
1
 10
5.026999999807913
 20
-3.699999986262156
 11
4.926999999808004
 21
-3.699999986262156
 72
1
 10
4.926999999808004
 20
-3.699999986262156
 11
4.926999999808004
 21
-0.0999999999999943
 72
1
 10
4.926999999808004
 20
-0.0999999999999943
 11
6.498400480858891
 21
-0.0999999999999943
 97
0
 92
5
 93
4
 72
1
 10
8.298400480858845
 20
-0.0999999999999943
 11
8.298400480858618
 21
2.84e-14
 72
1
 10
8.298400480858618
 20
2.84e-14
 11
6.798400480911596
 21
5.68e-14
 72
1
 10
6.798400480911596
 20
5.68e-14
 11
6.798400480911596
 21
-0.0999999999999943
 72
1
 10
6.798400480911596
 20
-0.0999999999999943
 11
8.298400480858845
 21
-0.0999999999999943
 97
0
 92
5
 93
8
 72
1
 10
8.598400480911096
 20
2.84e-14
 11
8.598400480911323
 21
-0.0999999999999943
 72
1
 10
8.598400480911323
 20
-0.0999999999999943
 11
9.65399999961619
 21
-0.0999999999999943
 72
1
 10
9.65399999961619
 20
-0.0999999999999943
 11
9.65399999961619
 21
-3.699999986262156
 72
1
 10
9.65399999961619
 20
-3.699999986262156
 11
5.826999999797181
 21
-3.699999986262156
 72
1
 10
5.826999999797181
 20
-3.699999986262156
 11
5.826999999797181
 21
-3.799999986262151
 72
1
 10
5.826999999797181
 20
-3.799999986262151
 11
9.753999999616099
 21
-3.799999986262151
 72
1
 10
9.753999999616099
 20
-3.799999986262151
 11
9.753999999616099
 21
0.0
 72
1
 10
9.753999999616099
 20
0.0
 11
8.598400480911096
 21
2.84e-14
 97
0
 75
1
 76
1
 52
0.0
 41
0.005
 77
0
 78
2
 53
45.0
 43
-1450.855442103108
 44
-163.2895270967209
 45
-0.0336759604540093
 46
0.0336759604540093
 79
0
 53
45.0
 43
-1450.832991453107
 44
-163.2895270967209
 45
-0.0336759604540093
 46
0.0336759604540093
 79
0
 47
0.0059892045486559
 98
5
 10
4.914715437223549
 20
-1.815340742409802
 10
4.914715437223549
 20
-1.815340742409802
 10
4.914715437223549
 20
-1.815340742409802
 10
8.58860319746509
 20
-2.130991193396881
 10
8.58860319746509
 20
-2.130991193396881
  0
LWPOLYLINE
  5
86C
330
835
100
AcDbEntity
  8
0
100
AcDbPolyline
 90
2
 70
0
 10
1.455599518735198
 20
0.0
 10
2.95559951868222
 20
0.0
  0
LWPOLYLINE
  5
86D
330
835
100
AcDbEntity
  8
0
100
AcDbPolyline
 90
2
 70
0
 10
3.255599518734925
 20
0.0
 10
6.498400480858663
 20
0.0
  0
LWPOLYLINE
  5
86E
330
835
100
AcDbEntity
  8
0
100
AcDbPolyline
 90
2
 70
0
 10
6.798400480911369
 20
0.0
 10
8.298400480858618
 20
0.0
  0
LWPOLYLINE
  5
86F
330
835
100
AcDbEntity
  8
0
100
AcDbPolyline
 90
8
 70
0
 10
8.598400480911323
 20
0.0
 10
9.753999999616099
 20
0.0
 10
9.753999999616099
 20
-3.799999986262151
 10
5.826999999797181
 20
-3.799999986262151
 10
5.826999999797181
 20
-3.699999986262156
 10
9.65399999961619
 20
-3.699999986262156
 10
9.65399999961619
 20
-0.0999999999999943
 10
8.598400480911323
 20
-0.0999999999999943
  0
LWPOLYLINE
  5
870
330
835
100
AcDbEntity
  8
0
100
AcDbPolyline
 90
2
 70
0
 10
8.298400480858618
 20
-0.0999999999999943
 10
6.798400480911369
 20
-0.0999999999999943
  0
LWPOLYLINE
  5
871
330
835
100
AcDbEntity
  8
0
100
AcDbPolyline
 90
10
 70
0
 10
6.498400480858663
 20
-0.0999999999999943
 10
4.926999999808004
 20
-0.0999999999999943
 10
4.926999999808004
 20
-3.699999986262156
 10
5.026999999807913
 20
-3.699999986262156
 10
5.026999999807913
 20
-3.799999986262151
 10
4.726999999808186
 20
-3.799999986262151
 10
4.726999999808186
 20
-3.699999986262156
 10
4.826999999808095
 20
-3.699999986262156
 10
4.826999999808095
 20
-0.0999999999999943
 10
3.255599518734925
 20
-0.0999999999999943
  0
LWPOLYLINE
  5
872
330
835
100
AcDbEntity
  8
0
100
AcDbPolyline
 90
2
 70
0
 10
2.95559951868222
 20
-0.0999999999999943
 10
1.455599518735198
 20
-0.0999999999999943
  0
LWPOLYLINE
  5
873
330
835
100
AcDbEntity
  8
0
100
AcDbPolyline
 90
8
 70
0
 10
1.155599518682493
 20
-0.0999999999999943
 10
0.0999999999999091
 20
-0.0999999999999943
 10
0.0999999999999091
 20
-3.699999986262156
 10
3.926999999818918
 20
-3.699999986262156
 10
3.926999999818918
 20
-3.799999986262151
 10
0.0
 20
-3.799999986262151
 10
0.0
 20
0.0
 10
1.155599518682493
 20
0.0
  0
LINE
  5
874
330
835
100
AcDbEntity
  8
0
100
AcDbLine
 10
3.626999999473355
 20
-3.799999986486341
 30
5.2363569176e-06
 11
3.627000000115913
 21
-4.999999986525586
 31
-2.7938195549e-06
210
5.8181743517413e-06
220
-5.01886029272183e-06
230
0.99999999997048
  0
LINE
  5
875
330
835
100
AcDbEntity
  8
0
100
AcDbLine
 10
3.326999999530472
 20
-3.799999986561147
 30
6.9818092225e-06
 11
3.32700000014097
 21
-4.999999986619946
 31
-1.04836725e-06
210
5.8181743517413e-06
220
-5.01886029272183e-06
230
0.99999999997048
  0
LINE
  5
876
330
835
100
AcDbEntity
  8
0
100
AcDbLine
 10
3.027000000170347
 20
-4.99999998671476
 30
6.97085055e-07
 11
3.026999999559621
 21
-3.799999986635953
 31
8.7272615275e-06
210
5.8181743517413e-06
220
-5.01886029272183e-06
230
0.99999999997048
  0
LINE
  5
877
330
835
100
AcDbEntity
  8
0
100
AcDbLine
 10
2.427000000180442
 20
-4.999999986903708
 30
4.1879896651e-06
 11
2.426999999569716
 21
-3.799999986785565
 31
1.22181661378e-05
210
5.8181743517413e-06
220
-5.01886029272183e-06
230
0.99999999997048
  0
LINE
  5
878
330
835
100
AcDbEntity
  8
0
100
AcDbLine
 10
2.726999999612872
 20
-3.799999986710759
 30
1.04727138324e-05
 11
2.72700000022337
 21
-4.999999986809121
 31
2.4425373598e-06
210
5.8181743517413e-06
220
-5.01886029272183e-06
230
0.99999999997048
  0
LINE
  5
879
330
835
100
AcDbEntity
  8
0
100
AcDbLine
 10
2.654448545697278
 20
-5.037693331174273
 30
2.6754767423e-06
 11
2.654448545458536
 21
-4.999999986701573
 31
2.8646543736e-06
210
5.8181743517413e-06
220
-5.01886029272183e-06
230
0.99999999997048
  0
INSERT
  5
87A
330
835
100
AcDbEntity
  8
0
100
AcDbBlockReference
  2
*U877
 10
4.726999999808186
 20
-3.799999986262151
 30
0.0
 41
0.001
 42
0.001
 43
0.001
 50
180.0
  0
LWPOLYLINE
  5
87C
330
835
100
AcDbEntity
  8
0
 62
0
100
AcDbPolyline
 90
4
 70
0
 38
-0.000672430891307
 10
4.236373593423407
 20
-0.100000075477036
 10
4.236373593423933
 20
-0.610174176476918
 10
4.219693451849404
 20
-0.610174176476918
 10
4.219693451849104
 20
-0.100000075477036
210
-0.0001416124465908931
220
-0.000111323883599752
230
0.9999999837764538
  0
LWPOLYLINE
  5
87D
330
835
100
AcDbEntity
  8
0
 62
0
100
AcDbPolyline
 90
4
 70
0
 38
-0.0006724308913071
 10
3.628979303646067
 20
-0.1000000754770645
 10
3.628979303646139
 20
-0.6101741764768043
 10
3.612299162072063
 20
-0.6101741764766906
 10
3.612299162072218
 20
-0.1000000754770645
210
-0.0001416124465908931
220
-0.000111323883599752
230
0.9999999837764538
  0
INSERT
  5
87E
330
835
100
AcDbEntity
  8
0
 62
0
440
33554687
100
AcDbBlockReference
  2
URINE
 10
4.531711034751366
 20
-0.1168371597420657
 30
-0.0006724308913071
210
-0.0001416124465908931
220
-0.000111323883599752
230
0.9999999837764538
  0
INSERT
  5
880
330
835
100
AcDbEntity
  8
0
 62
0
440
33554687
100
AcDbBlockReference
  2
URINE
 10
3.924316744974253
 20
-0.1168371597420657
 30
-0.0006724308913071
210
-0.0001416124465908931
220
-0.000111323883599752
230
0.9999999837764538
  0
LWPOLYLINE
  5
882
330
835
100
AcDbEntity
  8
0
 62
0
100
AcDbPolyline
 90
3
 70
0
 38
4.73683737996e-05
 10
8.823701824138729
 20
-0.1000000002772559
 10
8.823701824138542
 20
-1.282211944172283
 10
8.898103950445066
 20
-1.282211944172198
210
5.01886029272183e-06
220
5.8181743517413e-06
230
0.99999999997048
  0
LWPOLYLINE
  5
883
330
835
100
AcDbEntity
  8
0
100
AcDbPolyline
 90
2
 70
0
 38
4.78702598288e-05
 10
9.48637790532624
 20
-1.282211944172191
 10
9.653999999494642
 20
-1.28221194417526
210
5.01886029272183e-06
220
5.8181743517413e-06
230
0.99999999997048
  0
LWPOLYLINE
  5
884
330
835
100
AcDbEntity
  8
0
 62
0
100
AcDbPolyline
 90
2
 70
0
 38
4.73683737996e-05
 10
8.898103950444572
 20
-1.299098141041081
 10
8.632413500965356
 20
-1.299098141038239
210
5.01886029272183e-06
220
5.8181743517413e-06
230
0.99999999997048
  0
LWPOLYLINE
  5
885
330
835
100
AcDbEntity
  8
0
 62
0
100
AcDbPolyline
 90
2
 70
0
 38
4.68664877703e-05
 10
8.044139546084637
 20
-1.299098141038275
 10
7.77844909660542
 20
-1.299098141035376
210
5.01886029272183e-06
220
5.8181743517413e-06
230
0.99999999997048
  0
LWPOLYLINE
  5
886
330
835
100
AcDbEntity
  8
0
 62
0
100
AcDbPolyline
 90
2
 70
0
 38
4.6364601741e-05
 10
7.186660841290592
 20
-1.299098141035355
 10
6.924398889792723
 20
-1.299098141032314
210
5.01886029272183e-06
220
5.8181743517413e-06
230
0.99999999997048
  0
LWPOLYLINE
  5
887
330
835
100
AcDbEntity
  8
0
 62
0
100
AcDbPolyline
 90
2
 70
0
 38
4.58627157117e-05
 10
6.332696265496589
 20
-1.299098141032435
 10
6.241322225586268
 20
-1.299098141032264
210
5.01886029272183e-06
220
5.8181743517413e-06
230
0.99999999997048
  0
LWPOLYLINE
  5
888
330
835
100
AcDbEntity
  8
0
 62
0
100
AcDbPolyline
 90
4
 70
0
 38
4.73683737996e-05
 10
8.806815627269408
 20
-0.100000000277398
 10
8.806815627269447
 20
-1.282211944172312
 10
8.632413500965622
 20
-1.282211944169356
 10
8.632413500965356
 20
-1.299098141038239
210
5.01886029272183e-06
220
5.8181743517413e-06
230
0.99999999997048
  0
LWPOLYLINE
  5
889
330
835
100
AcDbEntity
  8
0
 62
0
100
AcDbPolyline
 90
3
 70
0
 38
4.68664877703e-05
 10
8.044139546084901
 20
-1.282211944169392
 10
7.969651703043447
 20
-1.28221194416925
 10
7.969651703042953
 20
-0.1000000002744495
210
5.01886029272183e-06
220
5.8181743517413e-06
230
0.99999999997048
  0
LWPOLYLINE
  5
88A
330
835
100
AcDbEntity
  8
0
 62
0
100
AcDbPolyline
 90
4
 70
0
 38
4.68664877703e-05
 10
7.952765506174542
 20
-0.1000000002743074
 10
7.952765506174808
 20
-1.282211944169221
 10
7.77844909660614
 20
-1.282211944166351
 10
7.77844909660542
 20
-1.299098141035376
210
5.01886029272183e-06
220
5.8181743517413e-06
230
0.99999999997048
  0
LWPOLYLINE
  5
88B
330
835
100
AcDbEntity
  8
0
 62
0
100
AcDbPolyline
 90
2
 70
0
 38
4.6364601741e-05
 10
7.186660841290403
 20
-1.282211944166443
 10
7.115687298682829
 20
-1.282211944166472
210
5.01886029272183e-06
220
5.8181743517413e-06
230
0.99999999997048
  0
LWPOLYLINE
  5
88C
330
835
100
AcDbEntity
  8
0
 62
0
100
AcDbPolyline
 90
4
 70
0
 38
4.6364601741e-05
 10
7.095372432398737
 20
-0.1000000002715579
 10
7.095372432398776
 20
-1.282211944166472
 10
6.924398889792534
 20
-1.282211944163516
 10
6.924398889792723
 20
-1.299098141032314
210
5.01886029272183e-06
220
5.8181743517413e-06
230
0.99999999997048
  0
LWPOLYLINE
  5
88D
330
835
100
AcDbEntity
  8
0
 62
0
100
AcDbPolyline
 90
3
 70
0
 38
4.58627157117e-05
 10
6.332696265496855
 20
-1.282211944163381
 10
6.25829413919056
 20
-1.282211944163523
 10
6.25829413919052
 20
-0.1000000002684957
210
5.01886029272183e-06
220
5.8181743517413e-06
230
0.99999999997048
  0
LWPOLYLINE
  5
88E
330
835
100
AcDbEntity
  8
0
 62
0
100
AcDbPolyline
 90
2
 70
0
 38
4.6364601741e-05
 10
7.115601581947631
 20
-0.1000000002714158
 10
7.115601581947671
 20
-1.28221194416633
210
5.01886029272183e-06
220
5.8181743517413e-06
230
0.99999999997048
  0
LWPOLYLINE
  5
88F
330
835
100
AcDbEntity
  8
0
 62
0
100
AcDbPolyline
 90
2
 70
0
 38
4.58627157117e-05
 10
6.241322225586268
 20
-1.299098141032264
 10
6.241322225586267
 20
-0.1000000002684673
210
5.01886029272183e-06
220
5.8181743517413e-06
230
0.99999999997048
  0
LWPOLYLINE
  5
890
330
835
100
AcDbEntity
  8
0
 62
0
100
AcDbPolyline
 90
2
 70
0
 38
4.73683737996e-05
 10
8.898103950444572
 20
-1.299098141041081
 10
8.89810395044484
 20
-1.282126227436812
210
5.01886029272183e-06
220
5.8181743517413e-06
230
0.99999999997048
  0
LWPOLYLINE
  5
891
330
835
100
AcDbEntity
  8
0
 62
0
100
AcDbPolyline
 90
2
 70
0
 38
4.68664877703e-05
 10
8.044139546084637
 20
-1.299098141038275
 10
8.044139546084905
 20
-1.282126227433864
210
5.01886029272183e-06
220
5.8181743517413e-06
230
0.99999999997048
  0
LWPOLYLINE
  5
892
330
835
100
AcDbEntity
  8
0
 62
0
100
AcDbPolyline
 90
2
 70
0
 38
4.6364601741e-05
 10
7.186660841290592
 20
-1.299098141035355
 10
7.186660841290633
 20
-1.282126227430972
210
5.01886029272183e-06
220
5.8181743517413e-06
230
0.99999999997048
  0
LWPOLYLINE
  5
893
330
835
100
AcDbEntity
  8
0
 62
0
100
AcDbPolyline
 90
2
 70
0
 38
4.58627157117e-05
 10
6.332696265496589
 20
-1.299098141032435
 10
6.332696265496629
 20
-1.282126227428138
210
5.01886029272183e-06
220
5.8181743517413e-06
230
0.99999999997048
  0
LWPOLYLINE
  5
894
330
835
100
AcDbEntity
  8
0
 62
0
100
AcDbPolyline
 90
4
 70
1
 38
4.78702598288e-05
 10
8.121687026532664
 20
-1.593302109052936
 10
8.632413500965567
 20
-1.299061958363611
 10
8.622298926191855
 20
-1.285518714174373
 10
8.111572451757358
 20
-1.579844581599084
210
5.01886029272183e-06
220
5.8181743517413e-06
230
0.99999999997048
  0
LWPOLYLINE
  5
895
330
835
100
AcDbEntity
  8
0
 62
0
100
AcDbPolyline
 90
4
 70
1
 38
4.78702598288e-05
 10
7.267834503974496
 20
-1.593277976843561
 10
7.778449096605384
 20
-1.29909814103539
 10
7.771677474510565
 20
-1.285554896845895
 10
7.261148598615287
 20
-1.579820449389566
210
5.01886029272183e-06
220
5.8181743517413e-06
230
0.99999999997048
  0
LWPOLYLINE
  5
896
330
835
100
AcDbEntity
  8
0
 62
0
100
AcDbPolyline
 90
4
 70
1
 38
4.78702598288e-05
 10
6.413870013897169
 20
-1.593277976840548
 10
6.924398889792897
 20
-1.299098141032349
 10
6.914284315018732
 20
-1.285554896842968
 10
6.403755439123
 20
-1.579820449386553
210
5.01886029272183e-06
220
5.8181743517413e-06
230
0.99999999997048
  0
ARC
  5
897
330
835
100
AcDbEntity
  8
0
  6
HIDDEN2
 62
0
100
AcDbCircle
 10
8.632413500965605
 20
-1.299061958363569
 30
4.68664877703e-05
 40
0.591704554698364
210
5.01886029272183e-06
220
5.8181743517413e-06
230
0.99999999997048
100
AcDbArc
 50
180.0
 51
208.328869492652
  0
ARC
  5
898
330
835
100
AcDbEntity
  8
0
  6
HIDDEN2
 62
0
100
AcDbCircle
 10
7.781989647823094
 20
-1.299037826154058
 30
4.6364601741e-05
 40
0.591704554698364
210
5.01886029272183e-06
220
5.8181743517413e-06
230
0.99999999997048
100
AcDbArc
 50
180.0
 51
208.328869492652
  0
ARC
  5
899
330
835
100
AcDbEntity
  8
0
  6
HIDDEN2
 62
0
100
AcDbCircle
 10
6.924596488330597
 20
-1.299037826151253
 30
4.58627157117e-05
 40
0.591704554698364
210
5.01886029272183e-06
220
5.8181743517413e-06
230
0.99999999997048
100
AcDbArc
 50
180.0
 51
208.328869492652
  0
LWPOLYLINE
  5
89A
330
835
100
AcDbEntity
  8
0
 62
0
100
AcDbPolyline
 90
4
 70
1
 38
4.78702598288e-05
 10
8.975651430892162
 20
-1.593302109055892
 10
9.48637790532552
 20
-1.299061958366539
 10
9.476263330551811
 20
-1.285518714177187
 10
8.965536856117994
 20
-1.579844581601926
210
5.01886029272183e-06
220
5.8181743517413e-06
230
0.99999999997048
  0
ARC
  5
89B
330
835
100
AcDbEntity
  8
0
  6
HIDDEN2
 62
0
100
AcDbCircle
 10
9.486377905325766
 20
-1.299061958366546
 30
4.73683737996e-05
 40
0.591704554698364
210
5.01886029272183e-06
220
5.8181743517413e-06
230
0.99999999997048
100
AcDbArc
 50
180.0
 51
208.328869492652
  0
INSERT
  5
89C
330
835
100
AcDbEntity
  8
0
 62
0
440
33554687
100
AcDbBlockReference
  2
WC-BYRNE0
 10
6.678531800743623
 20
-0.135921142132185
 30
4.61136587264e-05
 41
-1.0
210
5.01886029272183e-06
220
5.8181743517413e-06
230
0.99999999997048
  0
INSERT
  5
89E
330
835
100
AcDbEntity
  8
0
 62
0
440
33554687
100
AcDbBlockReference
  2
WC-BYRNE0
 10
7.532565975511677
 20
-0.135921142135105
 30
4.66155447557e-05
 41
-1.0
210
5.01886029272183e-06
220
5.8181743517413e-06
230
0.99999999997048
  0
INSERT
  5
8A0
330
835
100
AcDbEntity
  8
0
 62
0
440
33554687
100
AcDbBlockReference
  2
WC-BYRNE0
 10
8.388234125550104
 20
-0.135921142137883
 30
4.71174307849e-05
 41
-1.0
210
5.01886029272183e-06
220
5.8181743517413e-06
230
0.99999999997048
  0
INSERT
  5
8A2
330
835
100
AcDbEntity
  8
0
 62
0
440
33554687
100
AcDbBlockReference
  2
WC-BYRNE0
 10
9.243929313189817
 20
-0.1359211421408315
 30
4.76193168142e-05
 41
-1.0
210
5.01886029272183e-06
220
5.8181743517413e-06
230
0.99999999997048
  0
LINE
  5
8A4
330
835
100
AcDbEntity
  8
0
100
AcDbLine
 10
9.486377905481731
 20
-1.299061958068904
 30
7.315737374e-06
 11
9.486377905481504
 21
-1.282211943874842
 31
7.2177010536e-06
210
5.01886029272183e-06
220
5.8181743517413e-06
230
0.99999999997048
  0
LWPOLYLINE
  5
8A5
330
835
100
AcDbEntity
  8
0
100
AcDbPolyline
 90
2
 70
0
 38
4.78702598288e-05
 10
9.48637790532552
 20
-1.299061958366539
 10
9.653999999494378
 20
-1.299061958369494
210
5.01886029272183e-06
220
5.8181743517413e-06
230
0.99999999997048
  0
LWPOLYLINE
  5
8A6
330
835
100
AcDbEntity
  8
0
 62
0
440
33554687
100
AcDbPolyline
 90
2
 70
0
 38
2.20291310508e-05
 10
3.326999999388766
 20
-3.089262835446339
 10
0.099949948791851
 20
-3.089262835446253
210
5.018860292721829e-06
220
-5.818174351741301e-06
230
0.99999999997048
  0
INSERT
  5
8A7
330
835
100
AcDbEntity
  8
0
 62
0
440
33554687
100
AcDbBlockReference
  2
WASH-03
 10
0.5810632839081115
 20
-3.618976173143313
 30
2.20291310508e-05
 50
180.0
210
5.018860292721829e-06
220
-5.818174351741301e-06
230
0.99999999997048
  0
INSERT
  5
8A9
330
835
100
AcDbEntity
  8
0
 62
0
440
33554687
100
AcDbBlockReference
  2
WASH-03
 10
1.321043330427913
 20
-3.618976169619333
 30
2.20291310508e-05
 50
180.0
210
5.018860292721829e-06
220
-5.818174351741301e-06
230
0.99999999997048
  0
INSERT
  5
8AB
330
835
100
AcDbEntity
  8
0
 62
0
440
33554687
100
AcDbBlockReference
  2
WASH-03
 10
2.061043330427692
 20
-3.618976169619191
 30
2.20291310508e-05
 50
180.0
210
5.018860292721829e-06
220
-5.818174351741301e-06
230
0.99999999997048
  0
INSERT
  5
8AD
330
835
100
AcDbEntity
  8
0
 62
0
440
33554687
100
AcDbBlockReference
  2
WASH-03
 10
2.801083237389247
 20
-3.618976176667179
 30
2.20291310508e-05
 50
180.0
210
5.018860292721829e-06
220
-5.818174351741301e-06
230
0.99999999997048
  0
LINE
  5
8AF
330
835
100
AcDbEntity
  8
0
100
AcDbLine
 10
3.326999999436794
 20
-3.699999986262156
 30
1.2209526968e-06
 11
3.326999999367217
 21
-3.08926283552222
 31
-1.26424869357e-05
  0
LWPOLYLINE
  5
8B0
330
835
100
AcDbEntity
  8
0
 62
0
440
33554687
100
AcDbPolyline
 90
2
 70
0
 38
-2.69248322425e-05
 10
6.427000000104713
 20
-3.089262835731161
 10
9.6540500507014
 20
-3.089262835731104
210
-5.018860292721829e-06
220
-5.818174351741301e-06
230
0.99999999997048
  0
INSERT
  5
8B1
330
835
100
AcDbEntity
  8
0
 62
0
440
33554687
100
AcDbBlockReference
  2
WASH-03
 10
9.17293671558491
 20
-3.618976173428107
 30
-2.69248322425e-05
 41
-1.0
 50
180.0
210
-5.018860292721829e-06
220
-5.818174351741301e-06
230
0.99999999997048
  0
INSERT
  5
8B3
330
835
100
AcDbEntity
  8
0
 62
0
440
33554687
100
AcDbBlockReference
  2
WASH-03
 10
8.432956669065112
 20
-3.618976169904127
 30
-2.69248322425e-05
 41
-1.0
 50
180.0
210
-5.018860292721829e-06
220
-5.818174351741301e-06
230
0.99999999997048
  0
INSERT
  5
8B5
330
835
100
AcDbEntity
  8
0
 62
0
440
33554687
100
AcDbBlockReference
  2
WASH-03
 10
7.692956669065333
 20
-3.618976169903985
 30
-2.69248322425e-05
 41
-1.0
 50
180.0
210
-5.018860292721829e-06
220
-5.818174351741301e-06
230
0.99999999997048
  0
INSERT
  5
8B7
330
835
100
AcDbEntity
  8
0
 62
0
440
33554687
100
AcDbBlockReference
  2
WASH-03
 10
6.952916762103778
 20
-3.618976176951972
 30
-2.69248322425e-05
 41
-1.0
 50
180.0
210
-5.018860292721829e-06
220
-5.818174351741301e-06
230
0.99999999997048
  0
LINE
  5
8B9
330
835
100
AcDbEntity
  8
0
100
AcDbLine
 10
6.427000000179305
 20
-3.699999986262156
 30
1.2209526968e-06
 11
6.427000000248881
 21
-3.08926283552222
 31
-1.26424869357e-05
  0
INSERT
  5
8BA
330
835
100
AcDbEntity
  8
WT
100
AcDbBlockReference
  2
EXHAUST0
 10
3.105599518657522
 20
-0.0499999999084513
 30
-1.5877478827e-05
210
-5.01886029272183e-06
220
5.8181743517413e-06
230
0.99999999997048
  0
INSERT
  5
8BC
330
835
100
AcDbEntity
  8
WT
100
AcDbBlockReference
  2
EXHAUST0
 10
8.448400480813012
 20
-0.0500000002458635
 30
4.21104329931e-05
 41
-1.0
210
5.01886029272183e-06
220
5.8181743517413e-06
230
0.99999999997048
  0
INSERT
  5
8BE
330
835
100
AcDbEntity
  8
WT
100
AcDbBlockReference
  2
EXHAUST0
 10
6.64840048083573
 20
-0.0500000001933024
 30
3.30764844662e-05
 41
-1.0
210
5.01886029272183e-06
220
5.8181743517413e-06
230
0.99999999997048
  0
INSERT
  5
8C0
330
835
100
AcDbEntity
  8
0
 62
31
100
AcDbBlockReference
  2
SPLIT-AC0
 10
0.0999999999999091
 20
-2.308827156005464
 30
0.0
 41
0.001
 42
0.001
 43
0.001
 50
270.0000001010132
  0
INSERT
  5
8C2
330
835
100
AcDbEntity
  8
0
370
25
100
AcDbBlockReference
 66
1
  2
CU-OUTDOOR-S0
 10
-0.2774578159774137
 20
-2.308827157023671
 30
0.0
 50
270.0000001010132
  0
ATTRIB
  5
8C3
330
8C2
100
AcDbEntity
  8
0
100
AcDbText
 10
-0.5458371136580239
 20
-2.486887679446365
 30
0.0923344233802583
 40
0.2
  1
CU
 50
270.0000000741007
  7
Bahnschrift Light
 72
1
 11
-0.3458371138900888
 21
-2.307451640673262
 31
0.0923344233802583
 71
2
210
3.895109417672472e-12
220
3.328159088912154e-08
230
0.9999999999999996
100
AcDbAttribute
  2
CU
 70
0
 74
3
280
1
 71
1
 72
0
 11
-0.3458371138900888
 21
-2.307451640673262
 31
0.0923344233802583
  0
SEQEND
  5
8C4
330
8C2
100
AcDbEntity
  8
0
  0
LINE
  5
8C5
330
835
100
AcDbEntity
  8
0
100
AcDbLine
 10
-0.2548546678560797
 20
-2.5687196486262
 30
0.0
 11
-9.697487e-10
 21
-2.568719648176909
 31
0.0
  0
LINE
  5
8C6
330
835
100
AcDbEntity
  8
0
100
AcDbLine
 10
-0.2548546677855938
 20
-2.60871964862622
 30
0.0
 11
-9.697487e-10
 21
-2.608719648176901
 31
0.0
  0
LINE
  5
8C7
330
835
100
AcDbEntity
  8
0
100
AcDbLine
 10
-0.2548546687723956
 20
-2.048970507756394
 30
0.0
 11
-9.697487e-10
 21
-2.048970507307075
 31
0.0
  0
LINE
  5
8C8
330
835
100
AcDbEntity
  8
0
100
AcDbLine
 10
-0.2548546688428814
 20
-2.008970507756374
 30
0.0
 11
-9.697487e-10
 21
-2.008970507307083
 31
0.0
  0
LINE
  5
8C9
330
835
100
AcDbEntity
  8
WT
100
AcDbLine
 10
1.155599518682493
 20
0.0
 30
-7.52829044e-07
 11
1.155599518682493
 21
-0.0999999999999943
 31
-7.52829044e-07
  0
LINE
  5
8CA
330
835
100
AcDbEntity
  8
WT
100
AcDbLine
 10
1.455599518735198
 20
0.0
 30
7.528290443e-07
 11
1.455599518735198
 21
-0.0999999999999943
 31
7.528290443e-07
  0
LINE
  5
8CB
330
835
100
AcDbEntity
  8
WT
100
AcDbLine
 10
3.255599518734925
 20
0.0
 30
7.528290283e-07
 11
3.255599518734925
 21
-0.0999999999999943
 31
7.528290283e-07
  0
LINE
  5
8CC
330
835
100
AcDbEntity
  8
WT
100
AcDbLine
 10
2.95559951868222
 20
0.0
 30
-7.52829044e-07
 11
2.95559951868222
 21
-0.0999999999999943
 31
-7.52829044e-07
  0
LINE
  5
8CD
330
835
100
AcDbEntity
  8
WT
100
AcDbLine
 10
6.798400480911369
 20
0.0
 30
7.528290283e-07
 11
6.798400480911369
 21
-0.0999999999999943
 31
7.528290283e-07
  0
LINE
  5
8CE
330
835
100
AcDbEntity
  8
WT
100
AcDbLine
 10
6.498400480858663
 20
0.0
 30
-7.52829044e-07
 11
6.498400480858663
 21
-0.0999999999999943
 31
-7.52829044e-07
  0
LINE
  5
8CF
330
835
100
AcDbEntity
  8
WT
100
AcDbLine
 10
8.598400480911323
 20
0.0
 30
7.528290283e-07
 11
8.598400480911323
 21
-0.0999999999999943
 31
7.528290283e-07
  0
LINE
  5
8D0
330
835
100
AcDbEntity
  8
WT
100
AcDbLine
 10
8.298400480858618
 20
0.0
 30
-7.52829044e-07
 11
8.298400480858618
 21
-0.0999999999999943
 31
-7.52829044e-07
  0
LINE
  5
8D1
330
835
100
AcDbEntity
  8
0
100
AcDbLine
 10
6.127000000142743
 20
-3.799999986486341
 30
5.2363569176e-06
 11
6.126999999500185
 21
-4.999999986525586
 31
-2.7938195549e-06
210
-5.8181743517413e-06
220
-5.01886029272183e-06
230
0.99999999997048
  0
LINE
  5
8D2
330
835
100
AcDbEntity
  8
0
100
AcDbLine
 10
6.427000000085627
 20
-3.799999986561147
 30
6.9818092225e-06
 11
6.426999999475129
 21
-4.999999986619946
 31
-1.04836725e-06
210
-5.8181743517413e-06
220
-5.01886029272183e-06
230
0.99999999997048
  0
LINE
  5
8D3
330
835
100
AcDbEntity
  8
0
100
AcDbLine
 10
6.726999999445752
 20
-4.99999998671476
 30
6.97085055e-07
 11
6.727000000056478
 21
-3.799999986635953
 31
8.7272615275e-06
210
-5.8181743517413e-06
220
-5.01886029272183e-06
230
0.99999999997048
  0
LINE
  5
8D4
330
835
100
AcDbEntity
  8
0
100
AcDbLine
 10
7.326999999435657
 20
-4.999999986903708
 30
4.1879896651e-06
 11
7.327000000046382
 21
-3.799999986785565
 31
1.22181661378e-05
210
-5.8181743517413e-06
220
-5.01886029272183e-06
230
0.99999999997048
  0
LINE
  5
8D5
330
835
100
AcDbEntity
  8
0
100
AcDbLine
 10
7.027000000003227
 20
-3.799999986710759
 30
1.04727138324e-05
 11
7.026999999392729
 21
-4.999999986809121
 31
2.4425373598e-06
210
-5.8181743517413e-06
220
-5.01886029272183e-06
230
0.99999999997048
  0
LINE
  5
8D6
330
835
100
AcDbEntity
  8
0
100
AcDbLine
 10
7.099551453918821
 20
-5.037693331174273
 30
2.6754767423e-06
 11
7.099551454157563
 21
-4.999999986701573
 31
2.8646543736e-06
210
-5.8181743517413e-06
220
-5.01886029272183e-06
230
0.99999999997048
  0
ATTDEF
  5
8D7
330
835
100
AcDbEntity
  8
TEXT-CABINS
100
AcDbText
 10
-0.0300499086665695
 20
0.0499849391532052
 30
0.0
 40
0.2
  1
32' VIP TOILET UNIT
  7
isocp- Blocks
100
AcDbAttributeDefinition
  3
32FT VIP 
  2
ANNO
 70
4
280
1
 71
1
 72
0
  0
ENDBLK
  5
837
330
835
100
AcDbEntity
  8
0
100
AcDbBlockEnd
  0
BLOCK
  5
8D9
330
8D8
100
AcDbEntity
  8
0
100
AcDbBlockBegin
  2
TOILET-8FT
 70
2
 10
0.0
 20
0.0
 30
0.0
  3
TOILET-8FT
  1

  0
SOLID
  5
8DB
330
8D8
100
AcDbEntity
  8
0
100
AcDbTrace
 10
2.375446046660386
 20
0.7626995706294508
 30
1.63961e-11
 11
2.29893295904742
 21
0.7189711250804862
 31
1.63961e-11
 12
2.29893295904742
 22
0.8085793621626749
 32
1.63961e-11
 13
2.29893295904742
 23
0.8085793621626749
 33
1.63961e-11
  0
SOLID
  5
8DC
330
8D8
100
AcDbEntity
  8
0
100
AcDbTrace
 10
0.1420098898694846
 20
1.916559184608133
 30
-6.00428e-11
 11
0.2447132764208391
 21
1.916559184608133
 31
-6.00428e-11
 12
0.2447132764208391
 22
1.608402256562925
 32
-6.00428e-11
 13
0.2447132764208391
 23
1.608402256562925
 33
-6.00428e-11
  0
MTEXT
  5
8DD
330
8D8
100
AcDbEntity
  8
0
370
25
100
AcDbMText
 10
-0.1781554848028009
 20
0.8617498503027718
 30
-4.07666e-11
 40
0.12834891822881
 41
0.0
 46
0.0
 71
4
 72
5
  1
A/C
  7
CourierNewPSMT
 11
6.123319485869916e-17
 21
1.0
 31
-3.841930616790773e-11
  0
LWPOLYLINE
  5
8DE
330
8D8
100
AcDbEntity
  8
0
100
AcDbPolyline
 90
4
 70
1
 10
1.6170972717685
 20
-2.199972369897218
 10
0.0786510510906737
 20
-2.199972369897218
 10
0.078651051626025
 20
-9.24406436e-08
 10
1.614945879551215
 20
-9.24406436e-08
  0
LWPOLYLINE
  5
8DF
330
8D8
100
AcDbEntity
  8
0
100
AcDbPolyline
 90
4
 70
0
 10
0.0065174310451539
 20
2.049859375106109
 10
0.0065174310451539
 20
2.493504331766673
 10
2.49342657365338
 20
2.493504331766673
 10
2.49342657365338
 20
2.049859375106109
  0
HATCH
  5
8E0
330
8D8
100
AcDbEntity
  8
0
100
AcDbHatch
 10
0.0
 20
0.0
 30
-3.6944e-12
210
-2.225186805222488e-11
220
3.841930616790773e-11
230
1.0
  2
ANSI32
 70
0
 71
0
 91
1
 92
1
 93
6
 72
1
 10
1.527524886847118
 20
0.1114395073234107
 11
2.39072912559152
 21
0.1114395073234107
 72
1
 10
2.39072912559152
 20
0.1114395073234107
 11
2.39072912559152
 21
1.52914962133039
 72
1
 10
2.39072912559152
 20
1.52914962133039
 11
2.500000000113943
 21
1.52914962133039
 72
1
 10
2.500000000113943
 20
1.52914962133039
 11
2.499999999981526
 21
-9.6151062223e-06
 72
1
 10
2.499999999981526
 20
-9.6151062223e-06
 11
1.527544893487857
 21
-9.6151062223e-06
 72
1
 10
1.527544893487857
 20
-9.6151062223e-06
 11
1.527524886847118
 21
0.1114395073234107
 97
1
330
894B6
 75
1
 76
1
 52
0.0
 41
0.005
 77
0
 78
2
 53
45.0
 43
113.7818998880235
 44
-78.9851354230961
 45
-0.0336759604540093
 46
0.0336759604540093
 79
0
 53
45.0
 43
113.8043505380235
 44
-78.9851354230961
 45
-0.0336759604540093
 46
0.0336759604540093
 79
0
 98
1
 10
113.7818998880235
 20
-78.9851354230961
  0
LWPOLYLINE
  5
8E1
330
8D8
100
AcDbEntity
  8
0
100
AcDbPolyline
 90
6
 70
1
 10
1.527524886847118
 20
0.1114395073234107
 10
2.39072912559152
 20
0.1114395073234107
 10
2.39072912559152
 20
1.52914962133039
 10
2.500000000113943
 20
1.52914962133039
 10
2.499999999981526
 20
-9.6151062223e-06
 10
1.527544893487857
 20
-9.6151062223e-06
  0
LWPOLYLINE
  5
8E2
330
8D8
100
AcDbEntity
  8
0
370
0
100
AcDbPolyline
 90
10
 70
0
 10
0.9243756488246504
 20
1.868900346200803
 10
0.9243756488246504
 20
1.110175527609101
 10
0.9222243028404478
 20
1.110175527609101
 42
0.0476609708495642
 10
0.9235602163518024
 20
1.067600420724915
 42
0.3378142455256601
 10
0.9309591219531512
 20
1.062176840230109
 42
0.0964946507333298
 10
0.9702591398106506
 20
1.062176840230109
 42
0.3378142455253764
 10
0.9776580454119994
 20
1.067600420724915
 42
0.0476609708495642
 10
0.9789939589233541
 20
1.110175527609101
 10
0.9768426129391514
 20
1.110175527609101
 10
0.9768426129391514
 20
1.868900346200803
  0
LWPOLYLINE
  5
8E3
330
8D8
100
AcDbEntity
  8
0
370
0
100
AcDbPolyline
 90
2
 70
0
 10
0.9003177875561619
 20
1.912191775051781
 10
1.003021174107573
 20
1.912191775051781
  0
LWPOLYLINE
  5
8E4
330
8D8
100
AcDbEntity
  8
0
370
0
100
AcDbPolyline
 90
5
 70
0
 10
0.9243756488246504
 20
1.848821518744074
 10
0.9003366958704646
 20
1.848821518744074
 10
0.9003366958704646
 20
1.912192688496901
 10
0.8871947780103255
 20
1.912192688496901
 10
0.8871947780103255
 20
1.940627870201496
  0
LWPOLYLINE
  5
8E5
330
8D8
100
AcDbEntity
  8
0
370
0
100
AcDbPolyline
 90
5
 70
0
 10
1.013984616662981
 20
1.940598491522309
 10
1.013984616662981
 20
1.912210078208659
 10
1.003040813178018
 20
1.912210078208659
 10
1.003040813178018
 20
1.848792140064916
 10
0.9768426129391514
 20
1.848792140064916
  0
LWPOLYLINE
  5
8E6
330
8D8
100
AcDbEntity
  8
0
370
0
100
AcDbPolyline
 90
2
 70
0
 10
0.9003177875561619
 20
1.8990866918667
 10
1.003021174107573
 20
1.8990866918667
  0
LWPOLYLINE
  5
8E7
330
8D8
100
AcDbEntity
  8
0
370
0
100
AcDbPolyline
 90
3
 70
0
 10
0.1135995995448411
 20
1.044604439426962
 10
0.1616775054532127
 20
1.044604439426962
 10
0.1616775054532127
 20
1.608444160858539
  0
LWPOLYLINE
  5
8E8
330
8D8
100
AcDbEntity
  8
0
370
0
100
AcDbPolyline
 90
4
 70
0
 10
0.1135726985855854
 20
0.9921441434619851
 10
0.188988549380781
 20
0.9921441434619851
 42
0.4142135623732408
 10
0.2141378014181896
 20
1.017293395499422
 10
0.2141378014181896
 20
1.608407166330551
  0
LWPOLYLINE
  5
8E9
330
8D8
100
AcDbEntity
  8
0
370
0
100
AcDbPolyline
 90
2
 70
0
 10
0.1616775054532127
 20
1.608421313312107
 10
0.1135995995448411
 20
1.608421313312107
  0
LWPOLYLINE
  5
8EA
330
8D8
100
AcDbEntity
  8
0
370
0
100
AcDbPolyline
 90
2
 70
0
 10
0.1420098898694846
 20
1.658687913692717
 10
0.1136214765558634
 20
1.658687913692717
  0
LWPOLYLINE
  5
8EB
330
8D8
100
AcDbEntity
  8
0
370
0
100
AcDbPolyline
 90
2
 70
0
 10
0.1136017461409438
 20
1.597492798615065
 10
0.1136017461409438
 20
1.667411543102475
  0
LWPOLYLINE
  5
8EC
330
8D8
100
AcDbEntity
  8
0
370
0
100
AcDbPolyline
 90
2
 70
0
 10
0.1136017461409438
 20
1.669623564679824
 10
0.1114504001566843
 20
1.669623564679824
  0
LWPOLYLINE
  5
8ED
330
8D8
100
AcDbEntity
  8
0
370
0
100
AcDbPolyline
 90
3
 70
0
 10
0.1114094778145613
 20
1.667428441837473
 10
0.1114094778145613
 20
1.597509697350091
 10
0.1135608237988208
 20
1.597509697350091
  0
HATCH
  5
8EE
330
8D8
100
AcDbEntity
  8
0
100
AcDbHatch
 10
0.0
 20
0.0
 30
-3.6944e-12
210
-2.225186805222488e-11
220
3.841930616790773e-11
230
1.0
  2
ANSI32
 70
0
 71
0
 91
1
 92
1
 93
10
 72
1
 10
0.166027787913265
 20
0.1114545791681394
 11
0.1114023072702821
 21
0.1114545791681394
 72
1
 10
0.1114023072702821
 20
0.1114545791681394
 11
0.1114023072702821
 21
1.940566396439948
 72
1
 10
0.1114023072702821
 20
1.940566396439948
 11
2.390753377559861
 21
1.940566396439948
 72
1
 10
2.390753377559861
 20
1.940566396439948
 11
2.390753377559861
 21
1.82914962138625
 72
1
 10
2.390753377559861
 20
1.82914962138625
 11
2.500004292077506
 21
1.82914962138625
 72
1
 10
2.500004292077506
 20
1.82914962138625
 11
2.500004292077506
 21
2.049858669378409
 72
1
 10
2.500004292077506
 20
2.049858669378409
 11
0.0
 21
2.049858669378409
 72
1
 10
0.0
 20
2.049858669378409
 11
0.0
 21
0.0
 72
1
 10
0.0
 20
0.0
 11
0.166027787913265
 21
0.0
 72
1
 10
0.166027787913265
 20
0.0
 11
0.166027787913265
 21
0.1114545791681394
 97
1
330
894C4
 75
1
 76
1
 52
0.0
 41
0.005
 77
0
 78
2
 53
45.0
 43
113.7818998880235
 44
-78.9851354230961
 45
-0.0336759604540093
 46
0.0336759604540093
 79
0
 53
45.0
 43
113.8043505380235
 44
-78.9851354230961
 45
-0.0336759604540093
 46
0.0336759604540093
 79
0
 98
1
 10
113.7818998880235
 20
-78.9851354230961
  0
LWPOLYLINE
  5
8EF
330
8D8
100
AcDbEntity
  8
0
100
AcDbPolyline
 90
10
 70
1
 10
0.166027787913265
 20
0.1114545791681394
 10
0.1114023072702821
 20
0.1114545791681394
 10
0.1114023072702821
 20
1.940566396439948
 10
2.390753377559861
 20
1.940566396439948
 10
2.390753377559861
 20
1.82914962138625
 10
2.500004292077506
 20
1.82914962138625
 10
2.500004292077506
 20
2.049858669378409
 10
0.0
 20
2.049858669378409
 10
0.0
 20
0.0
 10
0.166027787913265
 20
0.0
  0
LWPOLYLINE
  5
8F0
330
8D8
100
AcDbEntity
  8
0
 62
154
370
5
420
2250150
100
AcDbPolyline
 90
2
 70
0
 10
1.527523472103269
 20
0.0
 10
1.527523472103269
 20
0.1114490756611701
  0
LWPOLYLINE
  5
8F1
330
8D8
100
AcDbEntity
  8
0
100
AcDbPolyline
 90
7
 70
0
 10
1.48599597260943
 20
0.063395946952113
 10
1.48599597260943
 20
-0.006583473128444
 10
1.492578486620459
 20
-0.006583473128444
 10
1.492578486620459
 20
-0.008734819112675
 10
1.547196796719163
 20
-0.008734819112675
 10
1.547196796719163
 20
1.08699971122e-05
 10
1.527507304124356
 20
1.08699971122e-05
  0
LWPOLYLINE
  5
8F2
330
8D8
100
AcDbEntity
  8
0
100
AcDbPolyline
 90
5
 70
0
 10
1.481651399181487
 20
0.1180394795546249
 10
1.481651399181487
 20
0.120190825538856
 10
1.547196796719163
 20
0.120190825538856
 10
1.547196796719163
 20
0.1114545791681394
 10
1.527507304124356
 20
0.1114545791681394
  0
LWPOLYLINE
  5
8F3
330
8D8
100
AcDbEntity
  8
0
100
AcDbPolyline
 90
4
 70
0
 10
1.481651399181487
 20
0.1180114025347336
 10
1.477261153496727
 20
0.1180114025347336
 10
1.477261153496727
 20
0.063395946952113
 10
1.486006842606514
 20
0.063395946952113
  0
LWPOLYLINE
  5
8F4
330
8D8
100
AcDbEntity
  8
0
100
AcDbPolyline
 90
2
 70
0
 10
0.2053687281129442
 20
0.063395946952113
 10
0.2053687281129442
 20
-0.0043246831600925
  0
LWPOLYLINE
  5
8F5
330
8D8
100
AcDbEntity
  8
0
100
AcDbPolyline
 90
3
 70
0
 10
0.2010127366207826
 20
-0.006583473128444
 10
0.2010127366207826
 20
-0.008734819112675
 10
0.1463463336357336
 20
-0.008734819112675
  0
LWPOLYLINE
  5
8F6
330
8D8
100
AcDbEntity
  8
0
100
AcDbPolyline
 90
3
 70
0
 10
0.1463944265220789
 20
0.1202002682779266
 10
0.1463944265220789
 20
0.1114545791681394
 10
0.1660839191168861
 20
0.1114545791681394
  0
LWPOLYLINE
  5
8F7
330
8D8
100
AcDbEntity
  8
0
100
AcDbPolyline
 90
3
 70
0
 10
0.1463944265220789
 20
-0.008734819112675
 10
0.1463944265220789
 20
1.08699971122e-05
 10
0.1660839191168861
 20
1.08699971122e-05
  0
LWPOLYLINE
  5
8F8
330
8D8
100
AcDbEntity
  8
0
100
AcDbPolyline
 90
2
 70
0
 10
0.2010127366207826
 20
-0.0065611051406904
 10
0.2054089653711912
 20
-0.0065611051406904
  0
LWPOLYLINE
  5
8F9
330
8D8
100
AcDbEntity
  8
0
100
AcDbPolyline
 90
3
 70
0
 10
0.1463944265220789
 20
0.120190825538856
 10
0.2119455330919209
 20
0.120190825538856
 10
0.2119455330919209
 20
0.1180394795546249
  0
LWPOLYLINE
  5
8FA
330
8D8
100
AcDbEntity
  8
0
100
AcDbPolyline
 90
4
 70
0
 10
0.2119455330919209
 20
0.1180114025347336
 10
0.2162958155519163
 20
0.1180114025347336
 10
0.2162958155519163
 20
0.063395946952113
 10
0.2053921123084024
 20
0.063395946952113
  0
LWPOLYLINE
  5
8FB
330
8D8
100
AcDbEntity
  8
0
100
AcDbPolyline
 90
2
 70
0
 10
0.2884294361327875
 20
-1.234732335446267
 10
0.2709380579131562
 20
-1.217240957226664
  0
LWPOLYLINE
  5
8FC
330
8D8
100
AcDbEntity
  8
0
100
AcDbPolyline
 90
2
 70
0
 10
0.1922779175081359
 20
-1.138560835209262
 10
0.1857303427735246
 20
-1.134164606458853
  0
LWPOLYLINE
  5
8FD
330
8D8
100
AcDbEntity
  8
0
100
AcDbPolyline
 90
2
 70
0
 10
0.1748025702506766
 20
-1.208499332947753
 10
0.1638587667657134
 20
-1.197555529462733
  0
LWPOLYLINE
  5
8FE
330
8D8
100
AcDbEntity
  8
0
100
AcDbPolyline
 90
2
 70
0
 10
0.1900856491818104
 20
-1.223796684459131
 10
0.1835380744471422
 20
-1.21724910972452
  0
LWPOLYLINE
  5
8FF
330
8D8
100
AcDbEntity
  8
0
100
AcDbPolyline
 90
2
 70
0
 10
0.30590478339019
 20
-1.208499332947753
 10
0.2949609799052268
 20
-1.197555529462733
  0
LWPOLYLINE
  5
900
330
8D8
100
AcDbEntity
  8
0
100
AcDbPolyline
 90
2
 70
0
 10
0.1791528527107289
 20
-1.169162674522141
 10
0.1704539319918581
 20
-1.160416985412354
  0
LWPOLYLINE
  5
901
330
8D8
100
AcDbEntity
  8
0
100
AcDbPolyline
 90
2
 70
0
 10
0.2971642552454341
 20
-1.158232732567114
 10
0.2818709914010356
 20
-1.140741354347512
  0
LWPOLYLINE
  5
902
330
8D8
100
AcDbEntity
  8
0
100
AcDbPolyline
 90
4
 70
1
 10
0.2622249787947339
 20
0.0131136467332169
 10
0.2054013837765183
 20
0.0131136467332169
 10
0.2054013837765183
 20
-1.26749843457398
 10
0.2622249787947339
 20
-1.26749843457398
  0
LWPOLYLINE
  5
903
330
8D8
100
AcDbEntity
  8
0
100
AcDbPolyline
 90
2
 70
1
 10
0.2949719869191654
 20
-1.21943907160184
 10
0.2949719869191654
 20
-1.234732335446267
  0
LWPOLYLINE
  5
904
330
8D8
100
AcDbEntity
  8
0
100
AcDbPolyline
 90
2
 70
1
 10
0.3015604839958428
 20
-1.236907476676265
 10
0.2971642552454341
 20
-1.236907476676265
  0
LWPOLYLINE
  5
905
330
8D8
100
AcDbEntity
  8
0
100
AcDbPolyline
 90
2
 70
1
 10
0.2949930418295139
 20
-1.234756130692034
 10
0.2709540888753281
 20
-1.236907476676265
  0
LWPOLYLINE
  5
906
330
8D8
100
AcDbEntity
  8
0
100
AcDbPolyline
 90
2
 70
1
 10
0.2949930418295139
 20
-1.2193869253027
 10
0.2709540888753281
 20
-1.217235579318412
  0
LWPOLYLINE
  5
907
330
8D8
100
AcDbEntity
  8
0
100
AcDbPolyline
 90
2
 70
1
 10
0.2709540888753281
 20
-1.219420163287538
 10
0.2709540888753281
 20
-1.21067447417775
  0
LWPOLYLINE
  5
908
330
8D8
100
AcDbEntity
  8
0
100
AcDbPolyline
 90
2
 70
1
 10
0.2622135607305154
 20
-1.206305660199519
 10
0.2622135607305154
 20
-1.247835991373307
  0
LWPOLYLINE
  5
909
330
8D8
100
AcDbEntity
  8
0
100
AcDbPolyline
 90
2
 70
1
 10
0.2709540888753281
 20
-1.243478024556055
 10
0.2709540888753281
 20
-1.234732335446267
  0
LWPOLYLINE
  5
90A
330
8D8
100
AcDbEntity
  8
0
100
AcDbPolyline
 90
2
 70
1
 10
0.2622143828311323
 20
-1.206305637363386
 10
0.2665638431905677
 20
-1.206305637363386
  0
LWPOLYLINE
  5
90B
330
8D8
100
AcDbEntity
  8
0
100
AcDbPolyline
 90
2
 70
1
 10
0.2622143828311323
 20
-1.247835991373307
 10
0.2665638431905677
 20
-1.247835991373307
  0
LWPOLYLINE
  5
90C
330
8D8
100
AcDbEntity
  8
0
100
AcDbPolyline
 90
2
 70
1
 10
0.2709540888753281
 20
-1.234722538747206
 10
0.2709540888753281
 20
-1.21942927490278
  0
LWPOLYLINE
  5
90D
330
8D8
100
AcDbEntity
  8
0
100
AcDbPolyline
 90
2
 70
1
 10
0.1748025702506766
 20
-1.21943907160184
 10
0.1748025702506766
 20
-1.234732335446267
  0
LWPOLYLINE
  5
90E
330
8D8
100
AcDbEntity
  8
0
100
AcDbPolyline
 90
2
 70
1
 10
0.1682140731739992
 20
-1.236907476676265
 10
0.172610301924351
 20
-1.236907476676265
  0
LWPOLYLINE
  5
90F
330
8D8
100
AcDbEntity
  8
0
100
AcDbPolyline
 90
2
 70
1
 10
0.1748341297800948
 20
-1.234756130692034
 10
0.1966281999681883
 20
-1.236907476676265
  0
LWPOLYLINE
  5
910
330
8D8
100
AcDbEntity
  8
0
100
AcDbPolyline
 90
2
 70
1
 10
0.1748341297800948
 20
-1.2193869253027
 10
0.1966281999681883
 20
-1.217235579318412
  0
LWPOLYLINE
  5
911
330
8D8
100
AcDbEntity
  8
0
100
AcDbPolyline
 90
2
 70
1
 10
0.1966281999681883
 20
-1.219420163287538
 10
0.1966281999681883
 20
-1.21067447417775
  0
LWPOLYLINE
  5
912
330
8D8
100
AcDbEntity
  8
0
100
AcDbPolyline
 90
2
 70
1
 10
0.2053687281129442
 20
-1.206305660199519
 10
0.2053687281129442
 20
-1.247835991373307
  0
LWPOLYLINE
  5
913
330
8D8
100
AcDbEntity
  8
0
100
AcDbPolyline
 90
2
 70
1
 10
0.1966281999681883
 20
-1.243478024556055
 10
0.1966281999681883
 20
-1.234732335446267
  0
LWPOLYLINE
  5
914
330
8D8
100
AcDbEntity
  8
0
100
AcDbPolyline
 90
2
 70
1
 10
0.2054089653711912
 20
-1.206305637363386
 10
0.2010127366207826
 20
-1.206305637363386
  0
LWPOLYLINE
  5
915
330
8D8
100
AcDbEntity
  8
0
100
AcDbPolyline
 90
2
 70
1
 10
0.2054089653711912
 20
-1.247835991373307
 10
0.2010127366207826
 20
-1.247835991373307
  0
LWPOLYLINE
  5
916
330
8D8
100
AcDbEntity
  8
0
100
AcDbPolyline
 90
2
 70
1
 10
0.1966281999681883
 20
-1.234722538747206
 10
0.1966281999681883
 20
-1.21942927490278
  0
LWPOLYLINE
  5
917
330
8D8
100
AcDbEntity
  8
0
100
AcDbPolyline
 90
4
 70
1
 10
0.2622249787947339
 20
0.0131136467332169
 10
0.2054013837765183
 20
0.0131136467332169
 10
0.2054013837765183
 20
-1.26749843457398
 10
0.2622249787947339
 20
-1.26749843457398
  0
LWPOLYLINE
  5
918
330
8D8
100
AcDbEntity
  8
0
100
AcDbPolyline
 90
2
 70
0
 10
0.2949719869191654
 20
-1.234732335446267
 10
0.2949719869191654
 20
-1.21943907160184
  0
LWPOLYLINE
  5
919
330
8D8
100
AcDbEntity
  8
0
100
AcDbPolyline
 90
11
 70
0
 10
0.2928196818175479
 20
-1.233637628541146
 42
0.412510117572039
 10
0.2960934691847683
 20
-1.236911415931218
 42
-0.412510117572039
 10
0.2928196818175479
 20
-1.233637628541146
 42
0.412510117572039
 10
0.2971642552454341
 20
-1.236907476676265
 10
0.3015604839958428
 20
-1.236907476676265
 42
0.3564490151840058
 10
0.3036157811989142
 20
-1.234288446777413
 42
0.1375391594389461
 10
0.2873046654648306
 20
-1.136204466464193
 42
-0.1375391594389461
 10
0.3024108557451655
 20
-1.233576256446042
 42
-0.3564490151840058
 10
0.3004355306386515
 20
-1.236907476676265
 42
0.3564490151840058
 10
0.3036157811989142
 20
-1.234288446777413
 42
0.1375391594389461
 10
0.2873046654648306
 20
-1.136204466464193
  0
LWPOLYLINE
  5
91A
330
8D8
100
AcDbEntity
  8
0
100
AcDbPolyline
 90
2
 70
0
 10
0.2709540888753281
 20
-1.236907476676265
 10
0.2949930418295139
 20
-1.234756130692034
  0
LWPOLYLINE
  5
91B
330
8D8
100
AcDbEntity
  8
0
100
AcDbPolyline
 90
2
 70
0
 10
0.2709540888753281
 20
-1.217235579318412
 10
0.2949930418295139
 20
-1.2193869253027
  0
LWPOLYLINE
  5
91C
330
8D8
100
AcDbEntity
  8
0
100
AcDbPolyline
 90
2
 70
0
 10
0.2709540888753281
 20
-1.21067447417775
 10
0.2709540888753281
 20
-1.219420163287538
  0
LWPOLYLINE
  5
91D
330
8D8
100
AcDbEntity
  8
0
100
AcDbPolyline
 90
2
 70
0
 10
0.2622135607305154
 20
-1.247835991373307
 10
0.2622135607305154
 20
-1.206305660199519
  0
LWPOLYLINE
  5
91E
330
8D8
100
AcDbEntity
  8
0
100
AcDbPolyline
 90
2
 70
0
 10
0.2709540888753281
 20
-1.234732335446267
 10
0.2709540888753281
 20
-1.243478024556055
  0
LWPOLYLINE
  5
91F
330
8D8
100
AcDbEntity
  8
0
100
AcDbPolyline
 90
5
 70
0
 10
0.2687618205490026
 20
-1.209598321626913
 42
0.4125101117147446
 10
0.2654880331816685
 20
-1.206324534260546
 42
-0.4125101117147446
 10
0.2687618205490026
 20
-1.209598321626913
 42
0.4125101117147446
 10
0.2665638431905677
 20
-1.206305637363386
 10
0.2622143828311323
 20
-1.206305637363386
  0
LWPOLYLINE
  5
920
330
8D8
100
AcDbEntity
  8
0
100
AcDbPolyline
 90
2
 70
0
 10
0.2665638431905677
 20
-1.247835991373307
 10
0.2622143828311323
 20
-1.247835991373307
  0
LWPOLYLINE
  5
921
330
8D8
100
AcDbEntity
  8
0
100
AcDbPolyline
 90
2
 70
0
 10
0.2709540888753281
 20
-1.21942927490278
 10
0.2709540888753281
 20
-1.234722538747206
  0
LWPOLYLINE
  5
922
330
8D8
100
AcDbEntity
  8
0
100
AcDbPolyline
 90
8
 70
0
 10
0.1966281999681883
 20
-1.236907476676265
 10
0.1748025702506766
 20
-1.234732335446267
 10
0.1748025702506766
 20
-1.21943907160184
 42
-0.1310487863880692
 10
0.1869970628158057
 20
-1.145180457928944
 42
1.811265926913595
 10
0.1772735029610999
 20
-1.135136454053736
 42
0.1379555471417285
 10
0.1630144237537934
 20
-1.233590494772159
 42
-0.1379555471417285
 10
0.1780738456438371
 20
-1.136218704790338
 42
0.1379555471417285
 10
0.1630144237537934
 20
-1.233590494772159
  0
LWPOLYLINE
  5
923
330
8D8
100
AcDbEntity
  8
0
100
AcDbPolyline
 90
2
 70
0
 10
0.172610301924351
 20
-1.236907476676265
 10
0.1682140731739992
 20
-1.236907476676265
  0
LWPOLYLINE
  5
924
330
8D8
100
AcDbEntity
  8
0
100
AcDbPolyline
 90
6
 70
0
 10
0.1966281999681883
 20
-1.217235579318412
 10
0.1748341297800948
 20
-1.2193869253027
 42
-0.1310487863880692
 10
0.1869970628158057
 20
-1.145180457928944
 42
1.811265926913595
 10
0.1772735029610999
 20
-1.135136454053736
 42
-1.811265926913595
 10
0.1856954034970499
 20
-1.145049150190687
 42
0.1310487863880692
 10
0.1755855754220192
 20
-1.217998842655931
  0
LWPOLYLINE
  5
925
330
8D8
100
AcDbEntity
  8
0
100
AcDbPolyline
 90
9
 70
0
 10
0.2054089653711912
 20
-1.206305637363386
 10
0.1999337295539476
 20
-1.206305637363386
 42
0.4178979776200661
 10
0.1966281999681883
 20
-1.21067447417775
 10
0.1966281999681883
 20
-1.21942927490278
 10
0.1966281999681883
 20
-1.234732335446267
 10
0.1966281999681883
 20
-1.243478024556055
 42
0.4125101270635388
 10
0.1999019873354655
 20
-1.245641953255188
 42
-0.4125101270635388
 10
0.1966281999681883
 20
-1.242368165879725
 42
0.4125101270635388
 10
0.1999019873354655
 20
-1.245641953255188
  0
LWPOLYLINE
  5
926
330
8D8
100
AcDbEntity
  8
0
100
AcDbPolyline
 90
2
 70
0
 10
0.2053687281129442
 20
-1.247835991373307
 10
0.2053687281129442
 20
-1.206305660199519
  0
LWPOLYLINE
  5
927
330
8D8
100
AcDbEntity
  8
0
100
AcDbPolyline
 90
2
 70
0
 10
0.2010127366207826
 20
-1.247835991373307
 10
0.2054089653711912
 20
-1.247835991373307
  0
LWPOLYLINE
  5
928
330
8D8
100
AcDbEntity
  8
0
100
AcDbPolyline
 90
2
 70
0
 10
1.527523472103269
 20
0.1114545791681394
 10
1.527523472103269
 20
5.5035069124e-06
  0
LWPOLYLINE
  5
929
330
8D8
100
AcDbEntity
  8
0
100
AcDbPolyline
 90
3
 70
1
 10
2.375446046660386
 20
0.7626995706294508
 10
2.29893295904742
 20
0.7189711250804862
 10
2.29893295904742
 20
0.8085793621626749
  0
LWPOLYLINE
  5
92A
330
8D8
100
AcDbEntity
  8
0
100
AcDbPolyline
 90
3
 70
1
 10
2.375446046660386
 20
0.7626995706294508
 10
2.29893295904742
 20
0.7189711250804862
 10
2.29893295904742
 20
0.8085793621626749
  0
LWPOLYLINE
  5
92B
330
8D8
100
AcDbEntity
  8
0
440
33554687
100
AcDbPolyline
 90
2
 70
0
 10
1.553601741677596
 20
1.940598491522309
 10
1.483682997190158
 20
1.940598491522309
  0
LWPOLYLINE
  5
92C
330
8D8
100
AcDbEntity
  8
0
440
33554687
100
AcDbPolyline
 90
3
 70
0
 10
1.543215747862121
 20
1.865237826156346
 42
-0.9990227514956228
 10
1.492917331132674
 20
1.86411887025551
 10
1.492917331132674
 20
1.9384338434933
  0
LWPOLYLINE
  5
92D
330
8D8
100
AcDbEntity
  8
0
440
33554687
100
AcDbPolyline
 90
2
 70
0
 10
1.543215747862121
 20
1.938404795937942
 10
1.543215747862121
 20
1.865237826156346
  0
LWPOLYLINE
  5
92E
330
8D8
100
AcDbEntity
  8
0
440
33554687
100
AcDbPolyline
 90
2
 70
0
 10
1.48366609845516
 20
1.938404795937942
 10
1.553584842942598
 20
1.938404795937942
  0
LWPOLYLINE
  5
92F
330
8D8
100
AcDbEntity
  8
0
440
33554687
100
AcDbPolyline
 90
8
 70
0
 10
1.401715271947751
 20
1.844426991285303
 10
1.401773778108918
 20
1.935173358155254
 42
0.416616740311587
 10
1.396255107975264
 20
1.940598491522309
 10
1.129628511103874
 20
1.940598491522309
 42
0.4137930999354164
 10
1.124159258352279
 20
1.934030250091524
 10
1.124159258352279
 20
1.844422013009336
 42
0.4166167360404087
 10
1.129677928485705
 20
1.840097992098094
 10
1.396254617780357
 20
1.840073853545903
  0
LWPOLYLINE
  5
930
330
8D8
100
AcDbEntity
  8
0
440
33554687
100
AcDbPolyline
 90
2
 70
0
 10
1.396304525357152
 20
1.840097992098094
 42
-0.1729857849019691
 10
1.129677928485705
 20
1.840097992098094
  0
LWPOLYLINE
  5
931
330
8D8
100
AcDbEntity
  8
0
370
0
100
AcDbPolyline
 90
2
 70
0
 10
0.8871927227587548
 20
1.940598491522309
 10
1.013935062264352
 20
1.940598491522309
  0
LWPOLYLINE
  5
932
330
8D8
100
AcDbEntity
  8
0
 62
252
370
0
420
9343121
100
AcDbPolyline
 90
3
 70
0
 10
0.266561696594465
 20
-0.9091162623767275
 10
0.3146396025028935
 20
-0.9091162623767275
 10
0.3146396025028935
 20
-0.3452765409451501
  0
LWPOLYLINE
  5
933
330
8D8
100
AcDbEntity
  8
0
 62
252
370
0
420
9343121
100
AcDbPolyline
 90
4
 70
0
 10
0.2665747588599743
 20
-0.9593643084030532
 10
0.3397764708383306
 20
-0.9593643084030532
 42
0.4141063176325233
 10
0.3649133391736541
 20
-0.9353307105209581
 10
0.3649133391736541
 20
-0.3190636228215169
  0
LWPOLYLINE
  5
934
330
8D8
100
AcDbEntity
  8
0
 62
252
370
0
420
9343121
100
AcDbPolyline
 90
3
 70
0
 10
0.2665747588599743
 20
-0.2950099519825926
 10
0.3408897320977076
 20
-0.2950099519825926
 10
0.3102564360179372
 20
-0.2950099519825926
  0
LWPOLYLINE
  5
935
330
8D8
100
AcDbEntity
  8
0
 62
252
370
0
420
9343121
100
AcDbPolyline
 90
2
 70
0
 10
0.2665638431905677
 20
-0.9003571798776306
 10
0.2665638431905677
 20
-0.9702759243650405
  0
LWPOLYLINE
  5
936
330
8D8
100
AcDbEntity
  8
0
 62
252
370
0
420
9343121
100
AcDbPolyline
 90
2
 70
0
 10
0.2622135607305154
 20
-0.97029425035808
 10
0.2622135607305154
 20
-0.9003755058706702
  0
LWPOLYLINE
  5
937
330
8D8
100
AcDbEntity
  8
0
 62
252
370
0
420
9343121
100
AcDbPolyline
 90
2
 70
0
 10
0.3146396025028935
 20
-0.3452808341372986
 10
0.266561696594465
 20
-0.3452808341372986
  0
LWPOLYLINE
  5
938
330
8D8
100
AcDbEntity
  8
0
 62
252
370
0
420
9343121
100
AcDbPolyline
 90
2
 70
0
 10
0.2665638431905677
 20
-0.3540170805079583
 10
0.2665638431905677
 20
-0.2862964503957528
  0
LWPOLYLINE
  5
939
330
8D8
100
AcDbEntity
  8
0
  6
PDF_IMPORT
 62
252
370
0
420
9343121
100
AcDbPolyline
 90
2
 70
0
 10
0.2644115380889502
 20
-0.3540170805079583
 10
0.2644115380889502
 20
-0.2840800100275089
  0
LWPOLYLINE
  5
93A
330
8D8
100
AcDbEntity
  8
0
 62
252
370
0
420
9343121
100
AcDbPolyline
 90
2
 70
0
 10
0.2622135607305154
 20
-0.286273705611876
 10
0.2622135607305154
 20
-0.3539943357240816
  0
LWPOLYLINE
  5
93B
330
8D8
100
AcDbEntity
  8
0
440
33554687
100
AcDbPolyline
 90
2
 70
0
 10
1.675931364748124
 20
1.816056264530346
 10
1.665034329654134
 20
1.816056264530346
  0
LWPOLYLINE
  5
93C
330
8D8
100
AcDbEntity
  8
0
440
33554687
100
AcDbPolyline
 90
3
 70
0
 10
1.665034329654134
 20
1.816056264530346
 42
-0.4142857151826239
 10
1.655212967552188
 20
1.824798619574722
 10
1.655212967552188
 20
1.8291480799341
  0
LWPOLYLINE
  5
93D
330
8D8
100
AcDbEntity
  8
0
440
33554687
100
AcDbPolyline
 90
3
 70
0
 10
1.68578515415237
 20
1.829164202231453
 10
1.68578515415237
 20
1.824814741872075
 42
-0.4142857147821251
 10
1.675931364748124
 20
1.816056264530346
  0
LWPOLYLINE
  5
93E
330
8D8
100
AcDbEntity
  8
0
 62
85
370
5
420
6142535
100
AcDbPolyline
 90
8
 70
1
 10
0.1169281479481583
 20
0.3726044672754654
 42
-0.4148824431046757
 10
0.1114094778145613
 20
0.3780763690345168
 10
0.1114094778145613
 20
0.4589389170069182
 42
-0.4137931018377458
 10
0.1168346111615506
 20
0.4643640503584834
 10
0.1386754497405605
 20
0.4643640503584834
 42
-0.4138513512112411
 10
0.159440615327469
 20
0.4425056051258593
 10
0.159440615327469
 20
0.392229584842255
 42
-0.4138513514382371
 10
0.1386597384842503
 20
0.3725813799676416
  0
LWPOLYLINE
  5
93F
330
8D8
100
AcDbEntity
  8
0
 62
85
370
5
420
6142535
100
AcDbPolyline
 90
4
 70
1
 10
0.159440615327469
 20
0.4140974613973185
 10
0.159440615327469
 20
0.4184936901476703
 10
0.1791301079222194
 20
0.4184936901476703
 10
0.1791301079222194
 20
0.4140974613973185
  0
LWPOLYLINE
  5
940
330
8D8
100
AcDbEntity
  8
0
440
33554687
100
AcDbPolyline
 90
4
 70
1
 10
1.929656275148261
 20
0.3671221636930397
 10
1.826952888596907
 20
0.3671221636930397
 10
1.826952888596907
 20
0.4698255502444511
 10
1.929656275148261
 20
0.4698255502444511
  0
LWPOLYLINE
  5
941
330
8D8
100
AcDbEntity
  8
0
100
AcDbPolyline
 90
3
 70
1
 10
0.1420098898694846
 20
1.916559184608133
 10
0.2447132764208391
 20
1.916559184608133
 10
0.2447132764208391
 20
1.608402256562925
  0
LWPOLYLINE
  5
942
330
8D8
100
AcDbEntity
  8
0
100
AcDbPolyline
 90
4
 70
1
 10
0.1420270169657556
 20
1.916602002348867
 10
0.2447304035171669
 20
1.916602002348867
 10
0.2447304035171669
 20
1.608445074303688
 10
0.1420270169657556
 20
1.608445074303688
  0
LWPOLYLINE
  5
943
330
8D8
100
AcDbEntity
  8
0
100
AcDbPolyline
 90
2
 70
0
 10
0.1420098898694846
 20
1.916559184608133
 10
0.2447132764208391
 20
1.608402256562925
  0
LWPOLYLINE
  5
944
330
8D8
100
AcDbEntity
  8
0
100
AcDbPolyline
 90
4
 70
0
 10
-2.5119741224e-05
 20
2.049859375106109
 10
-2.5119741224e-05
 20
2.500098674892257
 10
2.50002603426401
 20
2.500098674892257
 10
2.50002603426401
 20
2.049859375106109
  0
LWPOLYLINE
  5
945
330
8D8
100
AcDbEntity
  8
0
370
25
100
AcDbPolyline
 90
4
 70
0
 10
-0.0079435472636078
 20
0.7699857228468261
 10
-0.3838033845854625
 20
0.7699857228468261
 10
-0.3838033845854625
 20
1.263865526251465
 10
-0.0079435472636078
 20
1.263865526251465
  0
ARC
  5
946
330
8D8
100
AcDbEntity
  8
0
100
AcDbCircle
 10
0.2654504433124316
 20
-1.242334115627415
 30
4.9942e-11
 40
0.003314131823809
100
AcDbArc
 50
270.6933105177314
 51
359.3066897807972
  0
ARC
  5
947
330
8D8
100
AcDbEntity
  8
0
440
33554687
100
AcDbCircle
 10
1.396254617780357
 20
1.8455430432019
 30
-4.35296e-11
 40
0.0054691896560073
100
AcDbArc
 50
269.9697287608216
 51
359.538464737789
  0
ARC
  5
948
330
8D8
100
AcDbEntity
  8
0
 62
252
370
0
420
9343121
100
AcDbCircle
 10
0.3375298412561278
 20
-0.3201955182115626
 30
1.61179e-11
 40
0.0251923217834132
100
AcDbArc
 50
1.331394790249041
 51
88.66860520424045
  0
CIRCLE
  5
949
330
8D8
100
AcDbEntity
  8
0
100
AcDbCircle
 10
2.321882259685253
 20
0.7638034384345644
 30
1.8627e-11
 40
0.0513761830519052
  0
CIRCLE
  5
94A
330
8D8
100
AcDbEntity
  8
0
440
33554687
100
AcDbCircle
 10
1.876092362383758
 20
0.4185332641276887
 30
2.19724e-11
 40
0.0360371904822331
  0
SPLINE
  5
94B
330
8D8
100
AcDbEntity
  8
0
100
AcDbSpline
 70
8
 71
3
 72
8
 73
4
 74
0
 42
1e-09
 40
0.0
 40
0.0
 40
0.0
 40
0.0
 40
1.0
 40
1.0
 40
1.0
 40
1.0
 10
0.1714913316328079
 20
-1.236907476676322
 30
4.76427e-11
 10
0.1733152988803681
 20
-1.236907476676322
 30
4.76833e-11
 10
0.1748118873911153
 20
-1.235410888165575
 30
4.76591e-11
 10
0.1748118873911153
 20
-1.233633689308988
 30
4.75908e-11
  0
SPLINE
  5
94C
330
8D8
100
AcDbEntity
  8
0
100
AcDbSpline
 70
8
 71
3
 72
8
 73
4
 74
0
 42
1e-09
 40
0.0
 40
0.0
 40
0.0
 40
0.0
 40
1.0
 40
1.0
 40
1.0
 40
1.0
 10
0.1639439911969021
 20
-1.234301303522784
 30
4.73746e-11
 10
0.1642713699336014
 20
-1.235844660424533
 30
4.74412e-11
 10
0.1656276532714287
 20
-1.236920333416634
 30
4.75127e-11
 10
0.1671242417822896
 20
-1.236920333416634
 30
4.7546e-11
  0
SPLINE
  5
94D
330
8D8
100
AcDbEntity
  8
0
100
AcDbSpline
 70
8
 71
3
 72
8
 73
4
 74
0
 42
1e-09
 40
0.0
 40
0.0
 40
0.0
 40
0.0
 40
1.0
 40
1.0
 40
1.0
 40
1.0
 10
0.1714913316328079
 20
-1.236907476676322
 30
4.76427e-11
 10
0.1733152988803681
 20
-1.236907476676322
 30
4.76833e-11
 10
0.1748118873911153
 20
-1.235410888165575
 30
4.76591e-11
 10
0.1748118873911153
 20
-1.233633689308988
 30
4.75908e-11
  0
SPLINE
  5
94E
330
8D8
100
AcDbEntity
  8
0
100
AcDbSpline
 70
8
 71
3
 72
8
 73
4
 74
0
 42
1e-09
 40
0.0
 40
0.0
 40
0.0
 40
0.0
 40
1.0
 40
1.0
 40
1.0
 40
1.0
 10
0.1639439911969021
 20
-1.234301303522784
 30
4.73746e-11
 10
0.1642713699336014
 20
-1.235844660424533
 30
4.74412e-11
 10
0.1656276532714287
 20
-1.236920333416634
 30
4.75127e-11
 10
0.1671242417822896
 20
-1.236920333416634
 30
4.7546e-11
  0
SPLINE
  5
94F
330
8D8
100
AcDbEntity
  8
0
100
AcDbSpline
 70
8
 71
3
 72
8
 73
4
 74
0
 42
1e-09
 40
0.0
 40
0.0
 40
0.0
 40
0.0
 40
1.0
 40
1.0
 40
1.0
 40
1.0
 10
0.1714913316328079
 20
-1.236907476676322
 30
4.76427e-11
 10
0.1733152988803681
 20
-1.236907476676322
 30
4.76833e-11
 10
0.1748118873911153
 20
-1.235410888165575
 30
4.76591e-11
 10
0.1748118873911153
 20
-1.233633689308988
 30
4.75908e-11
  0
SPLINE
  5
950
330
8D8
100
AcDbEntity
  8
0
100
AcDbSpline
 70
8
 71
3
 72
8
 73
4
 74
0
 42
1e-09
 40
0.0
 40
0.0
 40
0.0
 40
0.0
 40
1.0
 40
1.0
 40
1.0
 40
1.0
 10
0.1639439911969021
 20
-1.234301303522784
 30
4.73746e-11
 10
0.1642713699336014
 20
-1.235844660424533
 30
4.74412e-11
 10
0.1656276532714287
 20
-1.236920333416634
 30
4.75127e-11
 10
0.1671242417822896
 20
-1.236920333416634
 30
4.7546e-11
  0
LWPOLYLINE
  5
951
330
8D8
100
AcDbEntity
  8
0
100
AcDbPolyline
 90
7
 70
0
 10
0.2919975811951758
 20
-1.217997735103779
 42
0.1310487863864565
 10
0.280586093800764
 20
-1.145179350376651
 42
-0.1310487863864565
 10
0.2919975811951758
 20
-1.217997735103779
 42
0.1310487863864565
 10
0.280586093800764
 20
-1.145179350376651
 42
-1.808731294316691
 10
0.2902848715651771
 20
-1.135212487882711
 42
1.808731294316691
 10
0.2818502470289559
 20
-1.145152392351378
 42
-1.808731294316691
 10
0.2902848715651771
 20
-1.135212487882711
  0
LWPOLYLINE
  5
952
330
8D8
100
AcDbEntity
  8
0
100
AcDbPolyline
 90
2
 70
1
 10
0.265490545155842
 20
-1.245648004821078
 42
0.4071428587296469
 10
0.2687643325062936
 20
-1.242374217453573
 42
-0.4071428587296469
  0
LWPOLYLINE
  5
953
330
8D8
100
AcDbEntity
  8
0
100
AcDbPolyline
 90
2
 70
1
 10
0.1999337295539476
 20
-1.206305637363386
 42
0.4178979776200661
 10
0.1966599421403998
 20
-1.209579424731004
 42
-0.4178979776200661
  0
LWPOLYLINE
  5
954
330
8D8
100
AcDbEntity
  8
0
440
33554687
100
AcDbPolyline
 90
9
 70
0
 10
1.720767910591519
 20
1.82914962138625
 42
0.2819585052698221
 10
1.729466831294701
 20
1.834434449572967
 42
0.2453046266468293
 10
1.73122114836724
 20
1.935944979531854
 42
0.2819934415216309
 10
1.721902866172968
 20
1.940598491522309
 10
1.621350825605816
 20
1.940598491522309
 42
0.2819934402739438
 10
1.611526129425158
 20
1.935313663345738
 42
0.245304626659705
 10
1.612016558122377
 20
1.833798851603063
 42
0.281315945501
 10
1.620230211113039
 20
1.829164202231453
 10
1.720735483289218
 20
1.829164202231453
  0
LINE
  5
955
330
8D8
100
AcDbEntity
  8
0
440
33554687
100
AcDbLine
 10
1.553584842942598
 20
1.938404795937942
 30
-4.35964e-11
 11
1.553584843034912
 21
1.940566396401522
 31
-4.36795e-11
  0
LINE
  5
956
330
8D8
100
AcDbEntity
  8
0
440
33554687
100
AcDbLine
 10
1.48366609845516
 20
1.938404795937942
 30
-4.51523e-11
 11
1.483682997190158
 21
1.940598491522309
 31
-4.52362e-11
  0
LINE
  5
957
330
8D8
100
AcDbEntity
  8
0
370
0
100
AcDbLine
 10
0.9768426129391514
 20
1.868900346200803
 30
-5.37597e-11
 11
0.9243756488246504
 21
1.868900346200803
 31
-5.49272e-11
  0
INSERT
  5
958
330
8D8
100
AcDbEntity
  8
0
100
AcDbBlockReference
  2
EXHAUST0
 10
2.445374519397376
 20
1.679149621367031
 30
-1.3792e-11
 50
270.0
  0
INSERT
  5
95A
330
8D8
100
AcDbEntity
  8
0
440
33554687
100
AcDbBlockReference
  2
WASH-02
 10
2.015409748322213
 20
1.940566396439948
 30
-3.3403e-11
  0
LWPOLYLINE
  5
95C
330
8D8
100
AcDbEntity
  8
0
440
33554687
100
AcDbPolyline
 90
2
 70
0
 10
1.104483619626592
 20
1.940598491522309
 10
1.034564875139154
 20
1.940598491522309
  0
LWPOLYLINE
  5
95D
330
8D8
100
AcDbEntity
  8
0
440
33554687
100
AcDbPolyline
 90
3
 70
0
 10
1.094097625811116
 20
1.865237826156346
 42
-0.9990227514956228
 10
1.043799209081669
 20
1.86411887025551
 10
1.043799209081669
 20
1.9384338434933
  0
LWPOLYLINE
  5
95E
330
8D8
100
AcDbEntity
  8
0
440
33554687
100
AcDbPolyline
 90
2
 70
0
 10
1.094097625811116
 20
1.938404795937942
 10
1.094097625811116
 20
1.865237826156346
  0
LWPOLYLINE
  5
95F
330
8D8
100
AcDbEntity
  8
0
440
33554687
100
AcDbPolyline
 90
2
 70
0
 10
1.034547976404156
 20
1.938404795937942
 10
1.104466720891594
 20
1.938404795937942
  0
LINE
  5
960
330
8D8
100
AcDbEntity
  8
0
440
33554687
100
AcDbLine
 10
1.104466720891594
 20
1.938404795937942
 30
-5.35901e-11
 11
1.104466720983908
 21
1.940566396401522
 31
-5.36732e-11
  0
LINE
  5
961
330
8D8
100
AcDbEntity
  8
0
370
0
100
AcDbLine
 10
1.034547976404156
 20
1.938404795937942
 30
-5.5146e-11
 11
1.034564875139154
 21
1.940598491522309
 31
-5.52299e-11
  0
INSERT
  5
962
330
8D8
100
AcDbEntity
  8
0
440
33554687
100
AcDbBlockReference
  2
WC-BYRNE0
 10
0.6227717305126532
 20
1.92530114001093
 30
-6.38053e-11
 41
-1.0
  0
INSERT
  5
964
330
8D8
100
AcDbEntity
  8
0
100
AcDbBlockReference
  2
SYMB_1G1W-SWITCH0
 10
1.665620816323724
 20
0.1173752988295576
 30
2.88593e-11
 41
-0.001
 42
0.001
 43
0.001
  0
LINE
  5
966
330
8D8
100
AcDbEntity
  8
0
100
AcDbLine
 10
0.1660839191168861
 20
0.1114545791681394
 30
-4.2808e-12
 11
0.1660839191168861
 21
1.08699971122e-05
 31
8e-16
  0
ARC
  5
967
330
8D8
100
AcDbEntity
  8
0
  6
HIDDEN2
 62
8
100
AcDbCircle
 10
0.2053687281129442
 20
0.0131136467332169
 30
3.716e-13
 40
1.280627244487619
100
AcDbArc
 50
270.2788186637979
 51
359.4132757651491
  0
LWPOLYLINE
  5
968
330
8D8
100
AcDbEntity
  8
0
100
AcDbPolyline
 90
3
 70
1
 10
1.567097298007752
 20
-2.20002359417078
 10
0.847874161429587
 20
-9.24406436e-08
 10
0.1286510510906851
 20
-2.199972369909979
  0
LINE
  5
969
330
8D8
100
AcDbEntity
  8
0
100
AcDbLine
 10
1.567097245529226
 20
-2.199972369897218
 30
1.156978e-10
 11
1.56494585331194
 21
-9.24406436e-08
 31
3.11285e-11
  0
LINE
  5
96A
330
8D8
100
AcDbEntity
  8
0
100
AcDbLine
 10
0.1286510510906851
 20
-2.199972369897218
 30
8.36897e-11
 11
0.1286510516260364
 21
-9.24406436e-08
 31
-8.317e-13
  0
INSERT
  5
96B
330
8D8
100
AcDbEntity
  8
0
100
AcDbBlockReference
 66
1
  2
E_LIGHT0
 10
0.8467984655886198
 20
-9.24406436e-08
 30
1.51484e-11
 41
0.001
 42
0.001
 43
0.001
  0
ATTRIB
  5
96C
330
96B
100
AcDbEntity
  8
0
 62
0
100
AcDbText
 10
0.7462270370171913
 20
-0.0800000924406379
 30
1.89902e-11
 40
0.06
  1
LIGHT
  7
CEB- Romand
 41
0.8
 72
1
 11
0.8467984655886198
 21
-0.1000000924406379
 31
1.89902e-11
100
AcDbAttribute
  2
LIGHT
 70
0
 74
1
280
1
 71
1
 72
0
 11
0.8467984655886198
 21
-0.1000000924406379
 31
1.89902e-11
  0
SEQEND
  5
96D
330
96B
100
AcDbEntity
  8
0
  0
HATCH
  5
96E
330
8D8
100
AcDbEntity
  8
6_Key_Toilets
440
33554559
100
AcDbHatch
 10
0.0
 20
0.0
 30
8.4369e-12
210
-2.225186805222488e-11
220
3.841930616790773e-11
230
1.0
  2
SOLID
 70
1
 71
0
 91
1
 92
1
 93
8
 72
1
 10
2.60341768374e-05
 20
2.500098674589179
 11
2.50002603426401
 21
2.500098674892261
 72
1
 10
2.500026034264007
 20
2.500098674892261
 11
2.500025577046198
 21
1.515446e-10
 72
1
 10
2.500025577046198
 20
1.515446e-10
 11
1.61497145651024
 21
-9.25921793e-08
 72
1
 10
1.614971456510244
 20
-9.2592181e-08
 11
1.617122138148755
 21
-2.199245745869241
 72
1
 10
1.617122138148755
 20
-2.199245745869241
 11
0.0786766280497027
 21
-2.199972370048755
 72
1
 10
0.0786766280497027
 20
-2.199972370048755
 11
0.078676628585054
 21
-9.2592181e-08
 72
1
 10
0.078676628585054
 20
-9.2592181e-08
 11
2.55769590289e-05
 21
-1.515374e-10
 72
1
 10
2.55769590289e-05
 20
-1.515374e-10
 11
2.60341768374e-05
 21
2.500098674589179
 97
0
 75
1
 76
1
 98
1
 10
3.000023548887707
 20
2.43999947778628
450
0
451
0
460
0.0
461
0.0
452
0
462
0.0
453
2
463
0
 63
5
421
255
463
1
 63
2
421
16776960
470
LINEAR
  0
ATTDEF
  5
96F
330
8D8
100
AcDbEntity
  8
0
100
AcDbText
 10
-0.0200251197412342
 20
2.540098674892256
 30
-1.017289e-10
 40
0.2
  1
8' POD TOILET
  7
isocp- Blocks
100
AcDbAttributeDefinition
  3
8FT
  2
ANNO
 70
4
280
1
 71
1
 72
0
  0
ENDBLK
  5
8DA
330
8D8
100
AcDbEntity
  8
0
100
AcDbBlockEnd
  0
BLOCK
  5
971
330
970
100
AcDbEntity
  8
0
100
AcDbBlockBegin
  2
*U878
 70
1
 10
0.0
 20
0.0
 30
0.0
  3
*U878
  1

  0
LWPOLYLINE
  5
973
330
970
100
AcDbEntity
  8
0
 62
0
100
AcDbPolyline
 90
4
 70
1
 10
719.9999999981376
 20
-2.309e-13
 10
719.9999999981375
 20
739.9999999999995
 10
769.9999999981372
 20
739.9999999999995
 10
769.9999999981374
 20
-2.309e-13
  0
ARC
  5
974
330
970
100
AcDbEntity
  8
0
  6
ByBlock
 62
0
100
AcDbCircle
 10
769.9999999981374
 20
-2.309e-13
 30
0.0
 40
739.9999999999997
100
AcDbArc
 50
90.0
 51
180.0
  0
LWPOLYLINE
  5
975
330
970
100
AcDbEntity
  8
0
 62
0
100
AcDbPolyline
 90
6
 70
1
 10
-2.1e-15
 20
-80.00000000002618
 10
50.0
 20
-80.00000000002618
 10
49.99999999813734
 20
-50.0
 10
29.99999999813736
 20
-50.0
 10
29.99999999813759
 20
-3.6e-15
 10
0.0
 20
0.0
  0
LWPOLYLINE
  5
976
330
970
100
AcDbEntity
  8
0
 62
0
100
AcDbPolyline
 90
6
 70
1
 10
799.9999999893168
 20
-80.00000000002618
 10
749.9999999893168
 20
-80.00000000002618
 10
749.9999999911795
 20
-50.0
 10
769.9999999911796
 20
-50.0
 10
769.9999999911794
 20
-3.6e-15
 10
799.9999999893168
 20
0.0
  0
ENDBLK
  5
972
330
970
100
AcDbEntity
  8
0
100
AcDbBlockEnd
  0
BLOCK
  5
978
330
977
100
AcDbEntity
  8
0
100
AcDbBlockBegin
  2
SPLIT-AC0
 70
0
 10
0.0
 20
0.0
 30
0.0
  3
SPLIT-AC0
  1

  0
LWPOLYLINE
  5
97A
330
977
100
AcDbEntity
  8
0
100
AcDbPolyline
 90
6
 70
1
 10
-550.0
 20
0.0
 10
550.0
 20
0.0
 10
550.0
 20
100.0
 42
0.4142135623730951
 10
450.0
 20
200.0
 10
-450.0
 20
200.0
 42
0.4142135623730951
 10
-550.0
 20
100.0
  0
LINE
  5
97B
330
977
100
AcDbEntity
  8
0
100
AcDbLine
 10
-510.0
 20
180.0
 30
0.0
 11
510.0
 21
180.0
 31
0.0
  0
LINE
  5
97C
330
977
100
AcDbEntity
  8
0
100
AcDbLine
 10
-533.5164654424296
 20
155.0
 30
0.0
 11
533.5164654424296
 21
155.0
 31
0.0
  0
LINE
  5
97D
330
977
100
AcDbEntity
  8
0
100
AcDbLine
 10
-546.824583655165
 20
125.0
 30
0.0
 11
546.824583655165
 21
125.0
 31
0.0
  0
LWPOLYLINE
  5
97E
330
977
100
AcDbEntity
  8
0
100
AcDbPolyline
 90
6
 70
0
 10
-282.4424843986053
 20
250.0
 10
-404.5435421586152
 20
372.1010577818161
 10
-475.2892091659014
 20
339.9560871909962
 10
-387.6437287004664
 20
467.9197743267287
 10
-458.9911251071607
 20
426.5486407303887
 10
-569.0999076922308
 20
536.6574233008869
  0
LWPOLYLINE
  5
97F
330
977
100
AcDbEntity
  8
0
100
AcDbPolyline
 90
3
 70
0
 10
-569.0999076922308
 20
429.1608895776207
 10
-569.0999076922308
 20
536.6574233008869
 10
-461.6033739616979
 20
536.6574233008869
  0
LWPOLYLINE
  5
980
330
977
100
AcDbEntity
  8
0
100
AcDbPolyline
 90
3
 70
0
 10
76.01152796467069
 20
579.3832878325283
 10
0.0
 20
655.3948157826782
 10
-76.01152795745293
 20
579.3832878325283
  0
LWPOLYLINE
  5
981
330
977
100
AcDbEntity
  8
0
100
AcDbPolyline
 90
6
 70
0
 10
0.0
 20
655.3948157826782
 10
0.0
 20
499.6774821313612
 10
-79.70403693226399
 20
478.4810634314672
 10
72.75466755306115
 20
449.9717860821546
 10
0.0
 20
422.6769718714677
 10
0.0
 20
250.0
  0
LWPOLYLINE
  5
982
330
977
100
AcDbEntity
  8
0
100
AcDbPolyline
 90
6
 70
0
 10
282.4424843986053
 20
250.0
 10
404.5435421586152
 20
372.1010577818161
 10
475.2892091659014
 20
339.9560871909962
 10
387.6437287004664
 20
467.9197743267287
 10
458.9911251071607
 20
426.5486407303887
 10
569.0999076922308
 20
536.6574233008869
  0
LWPOLYLINE
  5
983
330
977
100
AcDbEntity
  8
0
100
AcDbPolyline
 90
3
 70
0
 10
569.0999076922308
 20
429.1608895776207
 10
569.0999076922308
 20
536.6574233008869
 10
461.6033739616979
 20
536.6574233008869
  0
ENDBLK
  5
979
330
977
100
AcDbEntity
  8
0
100
AcDbBlockEnd
  0
BLOCK
  5
985
330
984
100
AcDbEntity
  8
0
100
AcDbBlockBegin
  2
CU-OUTDOOR-S0
 70
2
 10
0.0
 20
0.0
 30
0.0
  3
CU-OUTDOOR-S0
  1

  0
LWPOLYLINE
  5
987
330
984
100
AcDbEntity
  8
0
370
13
100
AcDbPolyline
 90
8
 70
1
 10
-0.4201270365156233
 20
-0.0003385948948562
 10
0.4201270365156233
 20
0.0003385953605175
 42
-0.4144496348214983
 10
0.4449481568299234
 20
-0.024462528526783
 10
0.4449481568299234
 20
-0.3020987804047763
 42
-0.4139775293253176
 10
0.4201670130714774
 20
-0.3268999042920768
 10
-0.4200870604254305
 20
-0.3275770940817893
 42
-0.414449634821498
 10
-0.4449081802740693
 20
-0.3027759706601501
 10
-0.4449081802740693
 20
-0.0251397183164954
 42
-0.4139775293253178
  0
LWPOLYLINE
  5
988
330
984
100
AcDbEntity
  8
0
370
13
100
AcDbPolyline
 90
4
 70
1
 10
0.252623647917062
 20
0.0226031476631761
 10
0.307161336299032
 20
0.0226031476631761
 10
0.3071616385132074
 20
0.0002255756407976
 10
0.2526239501312375
 20
0.0002255756407976
  0
LWPOLYLINE
  5
989
330
984
100
AcDbEntity
  8
0
370
13
100
AcDbPolyline
 90
4
 70
0
 10
0.2741533988155425
 20
0.0002255756407976
 10
0.2741530970670283
 20
0.0111198392696679
 10
0.285631887614727
 20
0.0111198392696679
 10
0.2856321893632412
 20
0.0002255756407976
  0
LWPOLYLINE
  5
98A
330
984
100
AcDbEntity
  8
0
370
13
100
AcDbPolyline
 90
4
 70
1
 10
-0.3071254934184253
 20
0.0226031476631761
 10
-0.2525878050364554
 20
0.0226031476631761
 10
-0.2525875028222799
 20
0.0002255756407976
 10
-0.3071251912042499
 20
0.0002255756407976
  0
LWPOLYLINE
  5
98B
330
984
100
AcDbEntity
  8
0
370
13
100
AcDbPolyline
 90
4
 70
0
 10
-0.2855957420542836
 20
0.0002255756407976
 10
-0.2855960442684591
 20
0.0111198392696679
 10
-0.2741172537207603
 20
0.0111198392696679
 10
-0.2741169515065849
 20
0.0002255756407976
  0
LWPOLYLINE
  5
98C
330
984
100
AcDbEntity
  8
0
370
13
100
AcDbPolyline
 90
4
 70
1
 10
0.2526236474514008
 20
-0.3491244805045426
 10
0.3071613358333707
 20
-0.3491244805045426
 10
0.3071616380475461
 20
-0.3267469084821641
 10
0.2526239496655762
 20
-0.3267469084821641
  0
LWPOLYLINE
  5
98D
330
984
100
AcDbEntity
  8
0
370
13
100
AcDbPolyline
 90
4
 70
0
 10
0.2741533988155425
 20
-0.3267469084821641
 10
0.2741530970670283
 20
-0.3376411721110344
 10
0.2856318880803883
 20
-0.3376411716453731
 10
0.2856321893632412
 20
-0.3267469084821641
  0
LWPOLYLINE
  5
98E
330
984
100
AcDbEntity
  8
0
370
13
100
AcDbPolyline
 90
4
 70
1
 10
-0.3071254934184253
 20
-0.3491244805045426
 10
-0.2525878050364554
 20
-0.3491244805045426
 10
-0.2525875028222799
 20
-0.3267469084821641
 10
-0.3071251912042499
 20
-0.3267469084821641
  0
LWPOLYLINE
  5
98F
330
984
100
AcDbEntity
  8
0
370
13
100
AcDbPolyline
 90
4
 70
0
 10
-0.2855957420542836
 20
-0.3267469084821641
 10
-0.2855960438027978
 20
-0.3376411721110344
 10
-0.2741172532550991
 20
-0.3376411721110344
 10
-0.2741169515065849
 20
-0.3267469084821641
  0
LWPOLYLINE
  5
990
330
984
100
AcDbEntity
  8
0
370
13
100
AcDbPolyline
 90
4
 70
0
 10
0.4449481568299234
 20
-0.0437729475088418
 10
0.4542775158770382
 20
-0.0538215395063162
 10
0.4542775158770382
 20
-0.0961612048558891
 10
0.4449481563642621
 20
-0.106520970351994
  0
LWPOLYLINE
  5
991
330
984
100
AcDbEntity
  8
0
370
13
100
AcDbPolyline
 90
4
 70
1
 10
0.5147964106872678
 20
-0.0515522356145084
 10
0.5377622582018375
 20
-0.0515522360801697
 10
0.5377622582018375
 20
-0.0893450272269547
 10
0.5147964102216065
 20
-0.0893450272269547
  0
LWPOLYLINE
  5
992
330
984
100
AcDbEntity
  8
0
370
13
100
AcDbPolyline
 90
4
 70
0
 10
0.5147964106872678
 20
-0.0553757436573505
 10
0.4674345166422427
 20
-0.0553757436573505
 10
0.4674345161765814
 20
-0.0816938779316843
 10
0.5147964102216065
 20
-0.0816938779316843
  0
LWPOLYLINE
  5
993
330
984
100
AcDbEntity
  8
0
370
13
100
AcDbPolyline
 90
2
 70
0
 10
0.454277515411377
 20
-0.0792773850262165
 10
0.4674345157109201
 20
-0.0792773850262165
  0
LWPOLYLINE
  5
994
330
984
100
AcDbEntity
  8
0
370
13
100
AcDbPolyline
 90
4
 70
1
 10
0.4779584631323814
 20
-0.0826445878483355
 10
0.495658203959465
 20
-0.0826445878483355
 10
0.495658203959465
 20
-0.1113518979400396
 10
0.4779584631323814
 20
-0.1113518974743783
  0
LWPOLYLINE
  5
995
330
984
100
AcDbEntity
  8
0
370
13
100
AcDbPolyline
 90
4
 70
0
 10
0.4972248086705804
 20
-0.0462861289270222
 10
0.4972248091362417
 20
-0.0547887836582959
 10
0.472692355979234
 20
-0.0547887836582959
 10
0.472692355979234
 20
-0.0462861289270222
  0
LWPOLYLINE
  5
996
330
984
100
AcDbEntity
  8
0
370
13
100
AcDbPolyline
 90
4
 70
1
 10
0.4664755389094353
 20
-0.0209311051294208
 10
0.5037929750978947
 20
-0.0209311051294208
 10
0.503792975563556
 20
-0.0462861289270222
 10
0.4664755389094353
 20
-0.0462861289270222
  0
LWPOLYLINE
  5
997
330
984
100
AcDbEntity
  8
0
370
13
100
AcDbPolyline
 90
4
 70
0
 10
0.4693442033603787
 20
-0.0209311051294208
 10
0.4693442028947175
 20
-0.0132758226245642
 10
0.5004448224790394
 20
-0.0132758226245642
 10
0.5004448224790394
 20
-0.0209311051294208
  0
LWPOLYLINE
  5
998
330
984
100
AcDbEntity
  8
0
370
13
100
AcDbPolyline
 90
2
 70
0
 10
0.4793927953578532
 20
-0.0462861289270222
 10
0.4793927953578532
 20
-0.0209311051294208
  0
LWPOLYLINE
  5
999
330
984
100
AcDbEntity
  8
0
370
13
100
AcDbPolyline
 90
4
 70
0
 10
0.5147964106872678
 20
-0.0639858697541058
 10
0.5368032814003527
 20
-0.0639858697541058
 10
0.536803281866014
 20
-0.0740344617515802
 10
0.5147964111529291
 20
-0.0740344617515802
  0
LWPOLYLINE
  5
99A
330
984
100
AcDbEntity
  8
0
370
13
100
AcDbPolyline
 90
2
 70
0
 10
0.4904003636911511
 20
-0.0209311051294208
 10
0.4904003636911511
 20
-0.0462861289270222
  0
LWPOLYLINE
  5
99B
330
984
100
AcDbEntity
  8
0
370
13
100
AcDbPolyline
 90
2
 70
0
 10
0.4674345161765814
 20
-0.0582444076426327
 10
0.454277515411377
 20
-0.058244408108294
  0
ATTDEF
  5
99C
330
984
100
AcDbEntity
  8
0
100
AcDbText
 10
-0.1794360386777498
 20
-0.2683792977693193
 30
0.0923345002228205
 40
0.2
  1
CU
 50
359.9999999733196
  7
Bahnschrift Light
 72
1
 11
-7.01746e-11
 21
-0.0683792978528758
 31
0.0923345002228205
210
-3.32815908891147e-08
220
3.895168093535361e-12
230
0.9999999999999994
100
AcDbAttributeDefinition
  3
CU
  2
CU
 70
0
 74
3
280
1
 71
1
 72
0
 11
-7.01746e-11
 21
-0.0683792978528758
 31
0.0923345002228205
  0
ENDBLK
  5
986
330
984
100
AcDbEntity
  8
0
100
AcDbBlockEnd
  0
BLOCK
  5
99E
330
99D
100
AcDbEntity
  8
0
100
AcDbBlockBegin
  2
EXHAUST0
 70
0
 10
0.0
 20
0.0
 30
0.0
  3
EXHAUST0
  1

  0
ELLIPSE
  5
9A0
330
99D
100
AcDbEntity
  8
0
100
AcDbEllipse
 10
-1.173248e-10
 20
1.073204e-10
 30
0.0
 11
-0.02767332413178155
 21
6.681098088151333e-12
 31
0.0
210
-2.044969436108568e-31
220
-8.470329472543003e-22
230
-1.0
 40
0.5415256044589456
 41
0.0
 42
6.283185307179585
  0
LINE
  5
9A1
330
99D
100
AcDbEntity
  8
0
100
AcDbLine
 10
1.63709e-11
 20
0.0149858134145688
 30
0.0
 11
-0.0947210589206406
 21
0.0325958467528835
 31
0.0
  0
LINE
  5
9A2
330
99D
100
AcDbEntity
  8
0
100
AcDbLine
 10
-6.04814e-11
 20
-0.0149858136246621
 30
0.0
 11
-0.0947210589492897
 21
-0.0325958468633871
 31
0.0
  0
LINE
  5
9A3
330
99D
100
AcDbEntity
  8
0
100
AcDbLine
 10
1.63709e-11
 20
0.0149858134145688
 30
0.0
 11
0.0947210590893519
 21
0.0325958466778502
 31
0.0
  0
ARC
  5
9A4
330
99D
100
AcDbEntity
  8
0
100
AcDbCircle
 10
0.1029844911940927
 20
-1.69166e-10
 30
0.0
 40
0.0336269764297158
100
AcDbArc
 50
255.7745379634476
 51
104.2254626491605
  0
LINE
  5
9A5
330
99D
100
AcDbEntity
  8
0
100
AcDbLine
 10
-6.04814e-11
 20
-0.0149858136246621
 30
0.0
 11
0.0947210590079521
 21
-0.032595846962522
 31
0.0
  0
ARC
  5
9A6
330
99D
100
AcDbEntity
  8
0
100
AcDbCircle
 10
0.0704753581298974
 20
0.1173604676719151
 30
0.0
 40
0.1347125247813541
100
AcDbArc
 50
249.2185261630718
 51
299.4025505782374
  0
ARC
  5
9A7
330
99D
100
AcDbEntity
  8
0
100
AcDbCircle
 10
-0.0704753583113416
 20
-0.1173604671648718
 30
0.0
 40
0.1347125244891531
100
AcDbArc
 50
69.21852614032825
 51
119.4025506108461
  0
ARC
  5
9A8
330
99D
100
AcDbEntity
  8
0
100
AcDbCircle
 10
-0.1029844910544853
 20
-1.63709e-11
 30
0.0
 40
0.0336269764297158
100
AcDbArc
 50
75.77453796344757
 51
284.2254626491605
  0
LWPOLYLINE
  5
9A9
330
99D
100
AcDbEntity
  8
0
100
AcDbPolyline
 90
4
 70
1
 10
0.1500000001165063
 20
-0.0500000001397893
 10
0.1499999998663952
 20
0.0500000001034095
 10
-0.1500000000191903
 20
0.0499999999983629
 10
-0.1500000001087756
 20
-0.0500000000038199
  0
LWPOLYLINE
  5
9AA
330
99D
100
AcDbEntity
  8
0
100
AcDbPolyline
 90
4
 70
1
 10
-0.1700000001154945
 20
-0.0649999999925422
 10
0.1700000001352646
 20
-0.0649999999469992
 10
0.1700000001352646
 20
-0.0500000000897671
 10
-0.1700000001154945
 20
-0.0500000001353101
  0
ENDBLK
  5
99F
330
99D
100
AcDbEntity
  8
0
100
AcDbBlockEnd
  0
BLOCK
  5
9AC
330
9AB
100
AcDbEntity
  8
0
100
AcDbBlockBegin
  2
WC-BYRNE0
 70
0
 10
0.0
 20
0.0
 30
0.0
  3
WC-BYRNE0
  1

  0
HATCH
  5
9AE
330
9AB
100
AcDbEntity
  8
0
440
33554687
100
AcDbHatch
 10
0.0
 20
0.0
 30
0.0
210
0.0
220
0.0
230
1.0
  2
SOLID
 70
1
 71
0
 91
1
 92
7
 72
1
 73
1
 93
2
 10
-0.0025000000368891
 20
-0.0949999998888984
 42
-1.0
 10
0.0025000000541695
 20
-0.09500000014026
 42
-1.0
 97
0
 75
0
 76
1
 47
0.1921731148604266
 98
1
 10
0.0007256940211846
 20
-0.0950140889121371
  0
ARC
  5
9AF
330
9AB
100
AcDbEntity
  8
0
440
33554687
100
AcDbCircle
 10
0.1706822931746501
 20
-0.2178776098342041
 30
0.0
 40
0.0483692514763066
100
AcDbArc
 50
193.1963600960688
 51
221.6410115811554
  0
LINE
  5
9B0
330
9AB
100
AcDbEntity
  8
0
440
33554687
100
AcDbLine
 10
0.1362583748414181
 20
-0.2757279347307531
 30
0.0
 11
-0.136258374863246
 21
-0.2757279345149755
 31
0.0
  0
ARC
  5
9B1
330
9AB
100
AcDbEntity
  8
0
440
33554687
100
AcDbCircle
 10
0.1671000000756067
 20
-0.0254000001871759
 30
0.0
 40
0.0254000000000087
100
AcDbArc
 50
1.035885795e-07
 51
90.00000044194668
  0
LINE
  5
9B2
330
9AB
100
AcDbEntity
  8
0
440
33554687
100
AcDbLine
 10
0.1924999999509964
 20
-0.1646000000172307
 30
0.0
 11
0.1925000000132968
 21
-0.0254000000654173
 31
0.0
  0
LINE
  5
9B3
330
9AB
100
AcDbEntity
  8
0
440
33554687
100
AcDbLine
 10
0.1671000000360436
 20
-1.48475e-10
 30
0.0
 11
-0.1671000000355889
 21
1.48475e-10
 31
0.0
  0
ARC
  5
9B4
330
9AB
100
AcDbEntity
  8
0
440
33554687
100
AcDbCircle
 10
0.1671000000133063
 20
-0.1646000001389893
 30
0.0
 40
0.0254000000000014
100
AcDbArc
 50
270.0000004419467
 51
1.035885795e-07
  0
ARC
  5
9B5
330
9AB
100
AcDbEntity
  8
0
440
33554687
100
AcDbCircle
 10
-0.1671000000492313
 20
-0.0253999999141001
 30
0.0
 40
0.0254000000000014
100
AcDbArc
 50
90.00000044194668
 51
180.0000001035886
  0
LINE
  5
9B6
330
9AB
100
AcDbEntity
  8
0
440
33554687
100
AcDbLine
 10
-0.1671000000719687
 20
-0.1899999999046145
 30
0.0
 11
0.1671000000528693
 21
-0.1900000001776903
 31
0.0
  0
LINE
  5
9B7
330
9AB
100
AcDbEntity
  8
0
440
33554687
100
AcDbLine
 10
-0.192499999933716
 20
-0.0254000000119845
 30
0.0
 11
-0.1924999999960164
 21
-0.1645999999637411
 31
0.0
  0
ARC
  5
9B8
330
9AB
100
AcDbEntity
  8
0
440
33554687
100
AcDbCircle
 10
-0.1671000000583263
 20
-0.1645999998419825
 30
0.0
 40
0.0254000000000087
100
AcDbArc
 50
180.0000001035886
 51
270.0000004419467
  0
CIRCLE
  5
9B9
330
9AB
100
AcDbEntity
  8
0
440
33554687
100
AcDbCircle
 10
-1.77351e-11
 20
-0.0950000000265732
 30
0.0
 40
0.02
  0
CIRCLE
  5
9BA
330
9AB
100
AcDbEntity
  8
0
440
33554687
100
AcDbCircle
 10
-1.77351e-11
 20
-0.0950000000265732
 30
0.0
 40
0.0025
  0
ARC
  5
9BB
330
9AB
100
AcDbEntity
  8
0
440
33554687
100
AcDbCircle
 10
-1.168701e-10
 20
-0.6107943190065157
 30
0.0
 40
0.1799336154918607
100
AcDbArc
 50
180.0000001035886
 51
270.0000004419467
  0
ARC
  5
9BC
330
9AB
100
AcDbEntity
  8
0
440
33554687
100
AcDbCircle
 10
-1.168701e-10
 20
-0.6107943190065157
 30
0.0
 40
0.1699336154918606
100
AcDbArc
 50
180.0000001035886
 51
270.0000004419467
  0
ARC
  5
9BD
330
9AB
100
AcDbEntity
  8
0
440
33554687
100
AcDbCircle
 10
0.0001327689724349
 20
-0.6107943191767049
 30
0.0
 40
0.1799336154918607
100
AcDbArc
 50
270.0000004419467
 51
1.035885795e-07
  0
ARC
  5
9BE
330
9AB
100
AcDbEntity
  8
0
440
33554687
100
AcDbCircle
 10
0.0001327689724349
 20
-0.6107943191767049
 30
0.0
 40
0.1699336154918606
100
AcDbArc
 50
270.0000004419467
 51
1.035885795e-07
  0
LINE
  5
9BF
330
9AB
100
AcDbEntity
  8
0
440
33554687
100
AcDbLine
 10
0.180066384312795
 20
-0.6107943189384173
 30
0.0
 11
0.1799999999088868
 21
-0.3695760301388873
 31
0.0
  0
LINE
  5
9C0
330
9AB
100
AcDbEntity
  8
0
440
33554687
100
AcDbLine
 10
0.1700663848769182
 20
-0.6107970713451323
 30
0.0
 11
0.1700000002283559
 21
-0.3695787821450267
 31
0.0
  0
LINE
  5
9C1
330
9AB
100
AcDbEntity
  8
0
440
33554687
100
AcDbLine
 10
-0.1799336155104356
 20
-0.6107943192687344
 30
0.0
 11
-0.1800000001057924
 21
-0.3695760300447546
 31
0.0
  0
LINE
  5
9C2
330
9AB
100
AcDbEntity
  8
0
440
33554687
100
AcDbLine
 10
-0.1699336160213534
 20
-0.6107915668380883
 30
0.0
 11
-0.170000000478467
 21
-0.3695732780625463
 31
0.0
  0
ARC
  5
9C3
330
9AB
100
AcDbEntity
  8
0
440
33554687
100
AcDbCircle
 10
6.63845153213e-05
 20
-0.369576030401106
 30
0.0
 40
0.1799336154918607
100
AcDbArc
 50
1.035885795e-07
 51
41.6410115811554
  0
ARC
  5
9C4
330
9AB
100
AcDbEntity
  8
0
440
33554687
100
AcDbCircle
 10
6.63845153213e-05
 20
-0.369576030401106
 30
0.0
 40
0.1699336154918606
100
AcDbArc
 50
1.035885795e-07
 51
31.61898623629538
  0
ARC
  5
9C5
330
9AB
100
AcDbEntity
  8
0
440
33554687
100
AcDbCircle
 10
0.1362583748641555
 20
-0.2857279348030488
 30
0.0
 40
0.01
100
AcDbArc
 50
31.61898623629538
 51
90.00000044194668
  0
ARC
  5
9C6
330
9AB
100
AcDbEntity
  8
0
440
33554687
100
AcDbCircle
 10
-0.2584928423048041
 20
-0.1972877157472794
 30
0.0
 40
0.1385614698479354
100
AcDbArc
 50
346.8036398271119
 51
3.014893846381284
  0
ARC
  5
9C7
330
9AB
100
AcDbEntity
  8
0
440
33554687
100
AcDbCircle
 10
-0.1706822930927956
 20
-0.217877609762013
 30
0.0
 40
0.0483692514763066
100
AcDbArc
 50
318.3589885187675
 51
346.8036398271119
  0
ARC
  5
9C8
330
9AB
100
AcDbEntity
  8
0
440
33554687
100
AcDbCircle
 10
-6.63845739837e-05
 20
-0.3695760302309168
 30
0.0
 40
0.1799336154918607
100
AcDbArc
 50
138.3589885187675
 51
180.0000001035886
  0
ARC
  5
9C9
330
9AB
100
AcDbEntity
  8
0
440
33554687
100
AcDbCircle
 10
-6.63845739837e-05
 20
-0.3695760302309168
 30
0.0
 40
0.1699336154918606
100
AcDbArc
 50
148.3810136048679
 51
180.0000001035886
  0
ARC
  5
9CA
330
9AB
100
AcDbEntity
  8
0
440
33554687
100
AcDbCircle
 10
-0.1362583747877579
 20
-0.285727934563397
 30
0.0
 40
0.01
100
AcDbArc
 50
90.00000044194668
 51
148.3810136048679
  0
LINE
  5
9CB
330
9AB
100
AcDbEntity
  8
0
440
33554687
100
AcDbLine
 10
0.0001327689401478
 20
-0.7907279347667213
 30
0.0
 11
-1.491571e-10
 21
-0.7907279345965321
 31
0.0
  0
LINE
  5
9CC
330
9AB
100
AcDbEntity
  8
0
440
33554687
100
AcDbLine
 10
0.0001327689546997
 20
-0.781054084460493
 30
0.0
 11
-1.3506e-10
 21
-0.7810540842903038
 31
0.0
  0
LINE
  5
9CD
330
9AB
100
AcDbEntity
  8
0
440
33554687
100
AcDbLine
 10
-0.0431291873651389
 20
-0.2657279346382211
 30
0.0
 11
-0.0931291873366717
 21
-0.265727934767483
 31
0.0
  0
LINE
  5
9CE
330
9AB
100
AcDbEntity
  8
0
440
33554687
100
AcDbLine
 10
-0.0931291873366717
 20
-0.265727934767483
 30
0.0
 11
-0.0931291874521776
 21
-0.2757279343913979
 31
0.0
  0
LINE
  5
9CF
330
9AB
100
AcDbEntity
  8
0
440
33554687
100
AcDbLine
 10
-0.0931291874521776
 20
-0.2757279343913979
 30
0.0
 11
-0.0431291873424016
 21
-0.2757279347105737
 31
0.0
  0
LINE
  5
9D0
330
9AB
100
AcDbEntity
  8
0
440
33554687
100
AcDbLine
 10
-0.0431291873424016
 20
-0.2757279347105737
 30
0.0
 11
-0.0431291873651389
 21
-0.2657279346382211
 31
0.0
  0
LINE
  5
9D1
330
9AB
100
AcDbEntity
  8
0
440
33554687
100
AcDbLine
 10
-0.0681291873511327
 20
-0.2657279347028521
 30
0.0
 11
-0.0681291873283953
 21
-0.2757279347752046
 31
0.0
  0
ARC
  5
9D2
330
9AB
100
AcDbEntity
  8
0
440
33554687
100
AcDbCircle
 10
0.2584928421588302
 20
-0.1972877159077484
 30
0.0
 40
0.1385614698479354
100
AcDbArc
 50
176.9851058303382
 51
193.1963600960688
  0
LINE
  5
9D3
330
9AB
100
AcDbEntity
  8
0
440
33554687
100
AcDbLine
 10
0.0431291873510418
 20
-0.2657279344388712
 30
0.0
 11
0.0931291874608178
 21
-0.265727934758047
 31
0.0
  0
LINE
  5
9D4
330
9AB
100
AcDbEntity
  8
0
440
33554687
100
AcDbLine
 10
0.0931291874608178
 20
-0.265727934758047
 30
0.0
 11
0.0931291872921065
 21
-0.2757279344058929
 31
0.0
  0
LINE
  5
9D5
330
9AB
100
AcDbEntity
  8
0
440
33554687
100
AcDbLine
 10
0.0931291872921065
 20
-0.2757279344058929
 30
0.0
 11
0.0431291873205737
 21
-0.2757279345351549
 31
0.0
  0
LINE
  5
9D6
330
9AB
100
AcDbEntity
  8
0
440
33554687
100
AcDbLine
 10
0.0431291873205737
 20
-0.2757279345351549
 30
0.0
 11
0.0431291873510418
 21
-0.2657279344388712
 31
0.0
  0
LINE
  5
9D7
330
9AB
100
AcDbEntity
  8
0
440
33554687
100
AcDbLine
 10
0.0681291872833754
 20
-0.2657279343981713
 30
0.0
 11
0.0681291873061127
 21
-0.2757279344705239
 31
0.0
  0
ENDBLK
  5
9AD
330
9AB
100
AcDbEntity
  8
0
100
AcDbBlockEnd
  0
BLOCK
  5
9D9
330
9D8
100
AcDbEntity
  8
0
100
AcDbBlockBegin
  2
*U877
 70
1
 10
0.0
 20
0.0
 30
0.0
  3
*U877
  1

  0
LWPOLYLINE
  5
9DB
330
9D8
100
AcDbEntity
  8
0
 62
0
100
AcDbPolyline
 90
4
 70
1
 10
79.99999999813713
 20
-2.309e-13
 10
79.99999999813724
 20
739.9999999999995
 10
29.99999999813747
 20
739.9999999999995
 10
29.99999999813736
 20
-2.309e-13
  0
ARC
  5
9DC
330
9D8
100
AcDbEntity
  8
0
  6
ByBlock
 62
0
100
AcDbCircle
 10
29.99999999813736
 20
-2.309e-13
 30
0.0
 40
739.9999999999997
100
AcDbArc
 50
0.0
 51
90.0
  0
LWPOLYLINE
  5
9DD
330
9D8
100
AcDbEntity
  8
0
 62
0
100
AcDbPolyline
 90
6
 70
1
 10
-2.1e-15
 20
-80.00000000002618
 10
50.0
 20
-80.00000000002618
 10
49.99999999813734
 20
-50.0
 10
29.99999999813736
 20
-50.0
 10
29.99999999813759
 20
-3.6e-15
 10
0.0
 20
0.0
  0
LWPOLYLINE
  5
9DE
330
9D8
100
AcDbEntity
  8
0
 62
0
100
AcDbPolyline
 90
6
 70
1
 10
799.9999999893168
 20
-80.00000000002618
 10
749.9999999893168
 20
-80.00000000002618
 10
749.9999999911795
 20
-50.0
 10
769.9999999911796
 20
-50.0
 10
769.9999999911794
 20
-3.6e-15
 10
799.9999999893168
 20
0.0
  0
ENDBLK
  5
9DA
330
9D8
100
AcDbEntity
  8
0
100
AcDbBlockEnd
  0
BLOCK
  5
9E0
330
9DF
100
AcDbEntity
  8
0
100
AcDbBlockBegin
  2
URINE
 70
0
 10
0.0
 20
0.0
 30
0.0
  3
URINE
  1

  0
LWPOLYLINE
  5
9E2
330
9DF
100
AcDbEntity
  8
0
100
AcDbPolyline
 90
10
 70
0
 10
-0.1576031913058955
 20
-0.0737646209703939
 10
-0.1576031913058955
 20
-0.0100739493650508
 10
-0.1911552705960844
 20
-0.0100739493650508
 10
-0.1911552705960844
 20
0.0
 10
-0.1576031913058955
 20
0.0
 10
0.1576031913058955
 20
0.0
 10
0.1910720148161431
 20
0.0
 10
0.1910720148161431
 20
-0.0100739493650508
 10
0.1576031913058955
 20
-0.0100739493650508
 10
0.1576031913058955
 20
-0.0737646209703939
  0
ARC
  5
9E3
330
9DF
100
AcDbEntity
  8
0
100
AcDbCircle
 10
-0.0017121105506703
 20
-0.0737531775608602
 30
0.0
 40
0.0284608424907217
100
AcDbArc
 50
179.974559839165
 51
359.8825392917154
  0
LWPOLYLINE
  5
9E4
330
9DF
100
AcDbEntity
  8
0
100
AcDbPolyline
 90
5
 70
0
 10
-0.1576031913058955
 20
-0.0737646209703939
 42
0.209805905353163
 10
-0.0772794539703341
 20
-0.2255905603713586
 42
0.2232536518169958
 10
-0.0004365643652022
 20
-0.2647539084858295
 42
0.2228392003077297
 10
0.0738275912852373
 20
-0.2255404361645788
 42
0.2093876132505529
 10
0.1576031913058955
 20
-0.0737646209703939
  0
LWPOLYLINE
  5
9E5
330
9DF
100
AcDbEntity
  8
0
100
AcDbPolyline
 90
7
 70
1
 10
0.1206561198722795
 20
-0.0737417341513407
 10
-0.1240803409736486
 20
-0.0737646209703939
 42
0.0809753491239484
 10
-0.1148472018111875
 20
-0.13298476615347
 42
0.120484034957804
 10
-0.0612370652331151
 20
-0.213427919433002
 42
0.2224489630815537
 10
-0.0013664842699086
 20
-0.2446412145923205
 42
0.2232743250907756
 10
0.0569389855971281
 20
-0.2142435049231608
 42
0.1205734017858838
 10
0.1106710788839678
 20
-0.1322860558425987
 42
0.0806990540991489
  0
LWPOLYLINE
  5
9E6
330
9DF
100
AcDbEntity
  8
0
100
AcDbPolyline
 90
2
 70
1
 10
0.0100667359261308
 20
-0.0337133960570668
 42
0.9966283352427315
 10
-0.0134909570275283
 20
-0.0337133960651954
 42
1.001161322451734
  0
ENDBLK
  5
9E1
330
9DF
100
AcDbEntity
  8
0
100
AcDbBlockEnd
  0
BLOCK
  5
9E8
330
9E7
100
AcDbEntity
  8
0
100
AcDbBlockBegin
  2
WASH-03
 70
0
 10
0.0
 20
0.0
 30
0.0
  3
WASH-03
  1

  0
ARC
  5
9EA
330
9E7
100
AcDbEntity
  8
0
100
AcDbCircle
 10
0.0228337547833206
 20
-0.2950991286475926
 30
0.0
 40
0.2959812090083981
100
AcDbArc
 50
94.42453415918719
 51
176.8433293696029
  0
ELLIPSE
  5
9EB
330
9E7
100
AcDbEntity
  8
0
100
AcDbEllipse
 10
-1.98307199639e-05
 20
-0.2790554858382279
 30
0.0
 11
-0.2430378547474561
 21
0.0
 31
0.0
 40
0.6172892536518
 41
4.746987003582844
 42
10.96097626537296
  0
ELLIPSE
  5
9EC
330
9E7
100
AcDbEntity
  8
0
100
AcDbEllipse
 10
-3.6040248574e-05
 20
-0.2791102106512398
 30
0.0
 11
-0.2726626457294543
 21
5.472481301183051e-05
 31
0.0
 40
0.6585723474293765
 41
4.746409027084478
 42
10.96170064875244
  0
ELLIPSE
  5
9ED
330
9E7
100
AcDbEntity
  8
0
440
33554687
100
AcDbEllipse
 10
-1.98307199639e-05
 20
-0.0599671194666485
 30
0.0
 11
0.006670559041577914
 21
-0.006670559038356999
 31
0.0
 40
0.9999999999995215
 41
2.356194490192105
 42
8.63937979737169
  0
ELLIPSE
  5
9EE
330
9E7
100
AcDbEntity
  8
0
440
33554687
100
AcDbEllipse
 10
-1.98307677124e-05
 20
-0.1888981726507382
 30
0.0
 11
0.01088462913021819
 21
-0.01088462912496249
 31
0.0
 40
0.9999999999993604
 41
2.356194490192025
 42
8.63937979737161
  0
LINE
  5
9EF
330
9E7
100
AcDbEntity
  8
0
440
33554687
100
AcDbLine
 10
0.0081061962321769
 20
-0.0272063839254315
 30
0.0
 11
0.0324148119778442
 21
-0.0693101416022159
 31
0.0
  0
LINE
  5
9F0
330
9E7
100
AcDbEntity
  8
0
440
33554687
100
AcDbLine
 10
0.0242887847783209
 20
-0.0833848334575009
 30
0.0
 11
-0.0243284464183375
 21
-0.0833848334539198
 31
0.0
  0
ARC
  5
9F1
330
9E7
100
AcDbEntity
  8
0
440
33554687
100
AcDbCircle
 10
0.0242887847933275
 20
-0.0740017054696978
 30
0.0
 40
0.0093831279756922
100
AcDbArc
 50
270.0000001906712
 51
30.00000006109564
  0
ARC
  5
9F2
330
9E7
100
AcDbEntity
  8
0
440
33554687
100
AcDbCircle
 10
-0.0243284465097418
 20
-0.0740017054183113
 30
0.0
 40
0.0093831279756922
100
AcDbArc
 50
150.0000000111066
 51
270.0000002685239
  0
LINE
  5
9F3
330
9E7
100
AcDbEntity
  8
0
440
33554687
100
AcDbLine
 10
-0.0324544736269559
 20
-0.069310141321921
 30
0.0
 11
-0.0081458578576417
 21
-0.0272063837923042
 31
0.0
  0
ARC
  5
9F4
330
9E7
100
AcDbEntity
  8
0
440
33554687
100
AcDbCircle
 10
-1.98307404276e-05
 20
-0.0318979478886376
 30
0.0
 40
0.0093831279756922
100
AcDbArc
 50
30.0000001172841
 51
150.0000000111066
  0
LWPOLYLINE
  5
9F5
330
9E7
100
AcDbEntity
  8
0
440
33554687
100
AcDbPolyline
 90
4
 70
0
 10
0.0114634041845534
 20
-0.0833848334176537
 42
0.0875478078916717
 10
0.0114634040872374
 20
-0.1576297134736819
 42
-1.0
 10
-0.0115030658363935
 20
-0.1576297130774265
 42
0.0875478080570882
 10
-0.0115030657390776
 20
-0.0833848330213982
  0
ARC
  5
9F6
330
9E7
100
AcDbEntity
  8
0
100
AcDbCircle
 10
-0.0228337547833206
 20
-0.2950991286475926
 30
0.0
 40
0.2959812090083981
100
AcDbArc
 50
3.156670630397111
 51
85.57546584081281
  0
ENDBLK
  5
9E9
330
9E7
100
AcDbEntity
  8
0
100
AcDbBlockEnd
  0
BLOCK
  5
9F8
330
9F7
100
AcDbEntity
  8
0
100
AcDbBlockBegin
  2
WASH-02
 70
0
 10
0.0
 20
0.0
 30
0.0
  3
WASH-02
  1

  0
LWPOLYLINE
  5
9FA
330
9F7
100
AcDbEntity
  8
0
100
AcDbPolyline
 90
4
 70
1
 10
0.0103866273865378
 20
-0.1442327015225828
 10
0.0110203299496447
 20
-0.0692574102140782
 42
3.683893409088822
 10
-0.0092809881972471
 20
-0.069926794227797
 10
-0.0092809881972471
 20
-0.1442417674655587
 42
0.9980954443257207
  0
LWPOLYLINE
  5
9FB
330
9F7
100
AcDbEntity
  8
0
100
AcDbPolyline
 90
2
 70
0
 10
-0.2409333288659496
 20
0.0
 10
0.2409333288659354
 20
0.0
  0
LWPOLYLINE
  5
9FC
330
9F7
100
AcDbEntity
  8
0
100
AcDbPolyline
 90
5
 70
0
 10
0.2409333288659354
 20
0.0
 42
-0.4146432636087213
 10
0.2573022657024353
 20
-0.0174807708430365
 10
0.2573022657024353
 20
-0.2491246112752492
 42
-0.1677916873452378
 10
0.2487501356170014
 20
-0.2729157123098389
 42
-0.4841555771351885
 10
-0.2471893256905986
 20
-0.2743337511761581
  0
LWPOLYLINE
  5
9FD
330
9F7
100
AcDbEntity
  8
0
100
AcDbPolyline
 90
12
 70
1
 10
0.1633430154041093
 20
-0.019655912073091
 10
0.156795440669498
 20
-0.0240521408234429
 10
0.1546440946852385
 20
-0.0305997155580542
 10
0.1546440946852385
 20
-0.0611862432468797
 10
0.156795440669498
 20
-0.067733817981491
 10
0.1633430154041093
 20
-0.0721300467318429
 10
0.2267141851568795
 20
-0.0721300467318429
 10
0.2332617598914908
 20
-0.067733817981491
 10
0.23550664265764
 20
-0.0611862432468797
 10
0.23550664265764
 20
-0.0305997155580542
 10
0.2332617598914908
 20
-0.0240521408234429
 10
0.2267141851568795
 20
-0.019655912073091
  0
LWPOLYLINE
  5
9FE
330
9F7
100
AcDbEntity
  8
0
100
AcDbPolyline
 90
5
 70
0
 10
0.2006800853367281
 20
-0.2713171833219121
 42
0.2003930474775485
 10
0.2158147294333048
 20
-0.236015383332898
 10
0.2158147294333048
 20
-0.1420576858912739
 42
0.4357172787895207
 10
0.1607804465512004
 20
-0.0898156001666734
 42
-0.0168156463472387
 10
0.0105693164137506
 20
-0.0961212607596167
  0
ARC
  5
9FF
330
9F7
100
AcDbEntity
  8
0
100
AcDbCircle
 10
0.0005844758172771
 20
-0.051389027967474
 30
0.0
 40
0.0294477457886714
100
AcDbArc
 50
289.5960272207052
 51
250.4039727820898
  0
ARC
  5
A00
330
9F7
100
AcDbEntity
  8
0
100
AcDbCircle
 10
0.0001940143813925
 20
-0.0685427441110988
 30
0.0
 40
0.2851528324326271
100
AcDbArc
 50
225.6527814167977
 51
314.6748691419958
  0
CIRCLE
  5
A01
330
9F7
100
AcDbEntity
  8
0
100
AcDbCircle
 10
0.0005447723810335
 20
-0.1912154983701839
 30
0.0
 40
0.0251192253255057
  0
LWPOLYLINE
  5
A02
330
9F7
100
AcDbEntity
  8
0
100
AcDbPolyline
 90
12
 70
1
 10
-0.1613274331562309
 20
-0.019655912073091
 10
-0.1547798584216196
 20
-0.0240521408234429
 10
-0.1526285124373601
 20
-0.0305997155580542
 10
-0.1526285124373601
 20
-0.0611862432468797
 10
-0.1547798584216196
 20
-0.067733817981491
 10
-0.1613274331562309
 20
-0.0721300467318429
 10
-0.224698602909001
 20
-0.0721300467318429
 10
-0.2312461776436123
 20
-0.067733817981491
 10
-0.2334910604097615
 20
-0.0611862432468797
 10
-0.2334910604097615
 20
-0.0305997155580542
 10
-0.2312461776436123
 20
-0.0240521408234429
 10
-0.224698602909001
 20
-0.019655912073091
  0
LWPOLYLINE
  5
A03
330
9F7
100
AcDbEntity
  8
0
100
AcDbPolyline
 90
4
 70
0
 10
-0.2409333288659496
 20
0.0
 42
0.4146432636087213
 10
-0.2572020333933267
 20
-0.0175740915960034
 10
-0.2558773665377458
 20
-0.2505919449332623
 42
0.1677916873452378
 10
-0.2471893256905986
 20
-0.2743337511761581
  0
LWPOLYLINE
  5
A04
330
9F7
100
AcDbEntity
  8
0
100
AcDbPolyline
 90
5
 70
0
 10
-0.1991292026734044
 20
-0.2724603573456506
 42
-0.2003930474775485
 10
-0.2144654744068504
 20
-0.237245682794935
 10
-0.2150027761861395
 20
-0.1432895216593835
 42
-0.4357172787895207
 10
-0.1602681421447727
 20
-0.0907335738555304
 42
0.0168156463472387
 10
-0.0100234088809117
 20
-0.0961801415043624
  0
ENDBLK
  5
9F9
330
9F7
100
AcDbEntity
  8
0
100
AcDbBlockEnd
  0
BLOCK
  5
A06
330
A05
100
AcDbEntity
  8
0
100
AcDbBlockBegin
  2
SYMB_1G1W-SWITCH0
 70
0
 10
0.0
 20
0.0
 30
0.0
  3
SYMB_1G1W-SWITCH0
  1

  0
HATCH
  5
A08
330
A05
100
AcDbEntity
  8
0
 62
0
100
AcDbHatch
 10
0.0
 20
0.0
 30
0.0
210
0.0
220
0.0
230
1.0
  2
SOLID
 70
1
 71
0
 91
1
 92
1
 93
1
 72
2
 10
0.0
 20
40.0
 40
40.0
 50
0.0
 51
360.0
 73
1
 97
1
330
88141
 75
1
 76
1
 98
1
 10
-44421776.80688362
 20
-5657472.545270169
450
0
451
0
460
0.0
461
0.0
452
0
462
1.0
453
2
463
0
 63
5
421
255
463
1
 63
2
421
16776960
470
LINEAR
  0
CIRCLE
  5
A09
330
A05
100
AcDbEntity
  8
0
 62
0
100
AcDbCircle
 10
0.0
 20
40.0
 30
0.0
 40
40.0
  0
LWPOLYLINE
  5
A0A
330
A05
100
AcDbEntity
  8
0
 62
0
100
AcDbPolyline
 90
3
 70
0
 10
0.0
 20
40.0
 10
75.0
 20
169.9038105662912
 10
118.3012701869011
 20
144.9038105662912
  0
ENDBLK
  5
A07
330
A05
100
AcDbEntity
  8
0
100
AcDbBlockEnd
  0
BLOCK
  5
A0C
330
A0B
100
AcDbEntity
  8
0
100
AcDbBlockBegin
  2
E_LIGHT0
 70
2
 10
0.0
 20
0.0
 30
0.0
  3
E_LIGHT0
  1

  0
LWPOLYLINE
  5
A0E
330
A0B
100
AcDbEntity
  8
0
100
AcDbPolyline
 90
4
 70
1
 10
-110.0
 20
-100.0
 10
110.0
 20
-100.0
 10
110.0
 20
0.0
 10
-110.0
 20
0.0
  0
ELLIPSE
  5
A0F
330
A0B
100
AcDbEntity
  8
0
100
AcDbEllipse
 10
-1.0477379e-09
 20
-110.0
 30
0.0
 11
-80.0
 21
0.0
 31
0.0
 40
0.625
 41
0.0
 42
3.141592653589793
  0
LWPOLYLINE
  5
A10
330
A0B
100
AcDbEntity
  8
0
100
AcDbPolyline
 90
4
 70
1
 10
90.0
 20
-110.0
 10
-90.0
 20
-110.0
 10
-90.0
 20
-100.0
 10
90.0
 20
-100.0
  0
ATTDEF
  5
A11
330
A0B
100
AcDbEntity
  8
0
 62
0
100
AcDbText
 10
-100.5714285714285
 20
-80.0
 30
-1.299e-13
 40
60.0
  1
LIGHT
  7
CEB- Romand
 41
0.8
 72
1
 11
0.0
 21
-100.0
 31
-1.299e-13
100
AcDbAttributeDefinition
  3
L
  2
LIGHT
 70
0
 74
1
280
1
 71
1
 72
0
 11
0.0
 21
-100.0
 31
-1.299e-13
  0
ENDBLK
  5
A0D
330
A0B
100
AcDbEntity
  8
0
100
AcDbBlockEnd
  0
ENDSEC
  0
SECTION
  2
ENTITIES
  0
ENDSEC
  0
SECTION
  2
OBJECTS
  0
DICTIONARY
  5
A
330
0
100
AcDbDictionary
281
1
  3
ACAD_COLOR
350
B
  3
ACAD_GROUP
350
C
  3
ACAD_LAYOUT
350
D
  3
ACAD_MATERIAL
350
E
  3
ACAD_MLEADERSTYLE
350
F
  3
ACAD_MLINESTYLE
350
10
  3
ACAD_PLOTSETTINGS
350
11
  3
ACAD_PLOTSTYLENAME
350
12
  3
ACAD_SCALELIST
350
14
  3
ACAD_TABLESTYLE
350
15
  3
ACAD_VISUALSTYLE
350
16
  3
EZDXF_META
350
2D
  0
DICTIONARY
  5
B
330
A
100
AcDbDictionary
281
1
  0
DICTIONARY
  5
C
330
A
100
AcDbDictionary
281
1
  0
DICTIONARY
  5
D
330
A
100
AcDbDictionary
281
1
  3
Model
350
1A
  3
Layout1
350
1E
  0
DICTIONARY
  5
E
330
A
100
AcDbDictionary
281
1
  3
ByBlock
350
1F
  3
ByLayer
350
20
  3
Global
350
21
  0
DICTIONARY
  5
F
330
A
100
AcDbDictionary
281
1
  3
Standard
350
2C
  0
DICTIONARY
  5
10
330
A
100
AcDbDictionary
281
1
  3
Standard
350
22
  0
DICTIONARY
  5
11
330
A
100
AcDbDictionary
281
1
  0
ACDBDICTIONARYWDFLT
  5
12
330
A
100
AcDbDictionary
281
1
  3
Normal
350
13
100
AcDbDictionaryWithDefault
340
13
  0
ACDBPLACEHOLDER
  5
13
330
12
  0
DICTIONARY
  5
14
330
A
100
AcDbDictionary
281
1
  0
DICTIONARY
  5
15
330
A
100
AcDbDictionary
281
1
  0
DICTIONARY
  5
16
330
A
100
AcDbDictionary
281
1
  3
2dWireframe
350
5A
  3
Basic
350
5B
  3
Brighten
350
5C
  3
ColorChange
350
5D
  3
Conceptual
350
5E
  3
Dim
350
5F
  3
EdgeColorOff
350
60
  3
Facepattern
350
61
  3
Flat
350
62
  3
FlatWithEdges
350
63
  3
Gouraud
350
64
  3
GouraudWithEdges
350
65
  3
Hidden
350
66
  3
JitterOff
350
67
  3
Linepattern
350
68
  3
Modeling
350
69
  3
OverhangOff
350
6A
  3
Realistic
350
6B
  3
Shaded
350
6C
  3
Shaded with edges
350
6D
  3
Shades of Gray
350
6E
  3
Sketchy
350
6F
  3
Thicken
350
70
  3
Wireframe
350
71
  3
X-Ray
350
72
  0
LAYOUT
  5
1A
330
D
100
AcDbPlotSettings
  1

  4
A3
  6

 40
7.5
 41
20.0
 42
7.5
 43
20.0
 44
420.0
 45
297.0
 46
0.0
 47
0.0
 48
0.0
 49
0.0
140
0.0
141
0.0
142
1.0
143
1.0
 70
1024
 72
1
 73
0
 74
5
  7

 75
16
 76
0
 77
2
 78
300
147
1.0
148
0.0
149
0.0
100
AcDbLayout
  1
Model
 70
1
 71
0
 10
0.0
 20
0.0
 11
420.0
 21
297.0
 12
0.0
 22
0.0
 32
0.0
 14
1e+20
 24
1e+20
 34
1e+20
 15
-1e+20
 25
-1e+20
 35
-1e+20
146
0.0
 13
0.0
 23
0.0
 33
0.0
 16
1.0
 26
0.0
 36
0.0
 17
0.0
 27
1.0
 37
0.0
 76
1
330
17
  0
LAYOUT
  5
1E
330
D
100
AcDbPlotSettings
  1

  4
A3
  6

 40
7.5
 41
20.0
 42
7.5
 43
20.0
 44
420.0
 45
297.0
 46
0.0
 47
0.0
 48
0.0
 49
0.0
140
0.0
141
0.0
142
1.0
143
1.0
 70
0
 72
1
 73
0
 74
5
  7

 75
16
 76
0
 77
2
 78
300
147
1.0
148
0.0
149
0.0
100
AcDbLayout
  1
Layout1
 70
1
 71
1
 10
0.0
 20
0.0
 11
420.0
 21
297.0
 12
0.0
 22
0.0
 32
0.0
 14
1e+20
 24
1e+20
 34
1e+20
 15
-1e+20
 25
-1e+20
 35
-1e+20
146
0.0
 13
0.0
 23
0.0
 33
0.0
 16
1.0
 26
0.0
 36
0.0
 17
0.0
 27
1.0
 37
0.0
 76
1
330
1B
  0
MATERIAL
  5
1F
102
{ACAD_REACTORS
330
E
102
}
330
E
100
AcDbMaterial
  1
ByBlock
  2

 70
0
 40
1.0
 71
1
 41
1.0
 91
-1023410177
 42
1.0
 72
1
  3

 73
1
 74
1
 75
1
 44
0.5
 73
0
 45
1.0
 46
1.0
 77
1
  4

 78
1
 79
1
170
1
 48
1.0
171
1
  6

172
1
173
1
174
1
140
1.0
141
1.0
175
1
  7

176
1
177
1
178
1
143
1.0
179
1
  8

270
1
271
1
272
1
145
1.0
146
1.0
273
1
  9

274
1
275
1
276
1
 42
1.0
 72
1
  3

 73
1
 74
1
 75
1
 94
63
  0
MATERIAL
  5
20
102
{ACAD_REACTORS
330
E
102
}
330
E
100
AcDbMaterial
  1
ByLayer
  2

 70
0
 40
1.0
 71
1
 41
1.0
 91
-1023410177
 42
1.0
 72
1
  3

 73
1
 74
1
 75
1
 44
0.5
 73
0
 45
1.0
 46
1.0
 77
1
  4

 78
1
 79
1
170
1
 48
1.0
171
1
  6

172
1
173
1
174
1
140
1.0
141
1.0
175
1
  7

176
1
177
1
178
1
143
1.0
179
1
  8

270
1
271
1
272
1
145
1.0
146
1.0
273
1
  9

274
1
275
1
276
1
 42
1.0
 72
1
  3

 73
1
 74
1
 75
1
 94
63
  0
MATERIAL
  5
21
102
{ACAD_REACTORS
330
E
102
}
330
E
100
AcDbMaterial
  1
Global
  2

 70
0
 40
1.0
 71
1
 41
1.0
 91
-1023410177
 42
1.0
 72
1
  3

 73
1
 74
1
 75
1
 44
0.5
 73
0
 45
1.0
 46
1.0
 77
1
  4

 78
1
 79
1
170
1
 48
1.0
171
1
  6

172
1
173
1
174
1
140
1.0
141
1.0
175
1
  7

176
1
177
1
178
1
143
1.0
179
1
  8

270
1
271
1
272
1
145
1.0
146
1.0
273
1
  9

274
1
275
1
276
1
 42
1.0
 72
1
  3

 73
1
 74
1
 75
1
 94
63
  0
MLINESTYLE
  5
22
102
{ACAD_REACTORS
330
10
102
}
330
10
100
AcDbMlineStyle
  2
Standard
 70
0
  3

 62
256
 51
90.0
 52
90.0
 71
2
 49
0.5
 62
256
  6
BYLAYER
 49
-0.5
 62
256
  6
BYLAYER
  0
MLEADERSTYLE
  5
2C
102
{ACAD_REACTORS
330
F
102
}
330
F
100
AcDbMLeaderStyle
179
2
170
2
171
1
172
0
 90
2
 40
0.0
 41
0.0
173
1
 91
-1056964608
 92
-2
290
1
 42
2.0
291
1
 43
8.0
  3
Standard
 44
4.0
300

342
29
174
1
175
1
176
0
178
1
 93
-1056964608
 45
4.0
292
0
297
0
 46
4.0
 94
-1056964608
 47
1.0
 49
1.0
140
1.0
294
1
141
0.0
177
0
142
1.0
295
0
296
0
143
3.75
271
0
272
9
273
9
  0
DICTIONARY
  5
2D
330
A
100
AcDbDictionary
280
1
281
1
  3
CREATED_BY_EZDXF
350
2E
  3
WRITTEN_BY_EZDXF
350
740
  0
DICTIONARYVAR
  5
2E
330
2D
100
DictionaryVariables
280
0
  1
1.4.3 @ 2026-04-27T10:10:45.622949+00:00
  0
VISUALSTYLE
  5
5A
102
{ACAD_REACTORS
330
16
102
}
330
16
100
AcDbVisualStyle
  2
2dWireframe
 70
4
177
3
291
0
 70
58
 90
2
176
1
 90
2
176
1
 90
0
176
1
 90
0
176
1
 40
0.6
176
1
 40
30.0
176
1
 62
7
420
16777215
176
1
 90
1
176
1
 90
4
176
1
 62
7
176
1
 62
257
176
1
 90
1
176
1
 90
1
176
1
 40
1.0
176
1
 90
8
176
1
 62
7
176
1
 40
1.0
176
1
 90
1
176
1
 90
6
176
1
 90
2
176
1
 62
7
176
1
 90
5
176
1
 90
0
176
1
 90
0
176
1
290
0
176
1
 90
1
176
1
 40
0.0
176
1
 90
0
176
1
290
1
176
1
290
1
176
1
290
0
176
1
290
0
176
1
290
0
176
1
290
0
176
1
290
0
176
1
290
0
176
1
290
0
176
1
 90
50
176
1
 40
0.0
176
1
 40
1.0
176
1
 90
0
176
1
 62
18
420
0
176
1
 90
50
176
1
 90
3
176
1
 62
5
420
255
176
1
290
0
176
1
 90
50
176
1
 90
50
176
1
 90
50
176
1
290
0
176
1
 90
50
176
1
 62
256
176
0
 40
1.0
176
0
 90
2
176
1
  1
strokes_ogs.tif
176
1
290
0
176
1
 40
1.0
176
1
 40
1.0
176
1
  0
VISUALSTYLE
  5
5B
102
{ACAD_REACTORS
330
16
102
}
330
16
100
AcDbVisualStyle
  2
Basic
 70
7
177
3
291
1
 70
58
 90
2
176
1
 90
2
176
1
 90
0
176
1
 90
1
176
1
 40
0.6
176
1
 40
30.0
176
1
 62
7
420
16777215
176
1
 90
1
176
1
 90
4
176
1
 62
7
176
1
 62
257
176
1
 90
1
176
1
 90
1
176
1
 40
1.0
176
1
 90
8
176
1
 62
7
176
1
 40
1.0
176
1
 90
1
176
1
 90
6
176
1
 90
2
176
1
 62
7
176
1
 90
5
176
1
 90
0
176
1
 90
0
176
1
290
0
176
1
 90
1
176
1
 40
0.0
176
1
 90
0
176
1
290
0
176
1
290
1
176
1
290
1
176
1
290
0
176
1
290
0
176
1
290
0
176
1
290
0
176
1
290
0
176
1
290
0
176
1
 90
50
176
1
 40
0.0
176
1
 40
1.0
176
1
 90
0
176
1
 62
18
420
0
176
1
 90
50
176
1
 90
3
176
1
 62
5
420
255
176
1
290
0
176
1
 90
50
176
1
 90
50
176
1
 90
50
176
1
290
0
176
1
 90
50
176
1
 62
256
176
0
 40
1.0
176
0
 90
2
176
1
  1
strokes_ogs.tif
176
1
290
0
176
1
 40
1.0
176
1
 40
1.0
176
1
  0
VISUALSTYLE
  5
5C
102
{ACAD_REACTORS
330
16
102
}
330
16
100
AcDbVisualStyle
  2
Brighten
 70
12
177
3
291
1
 70
58
 90
2
176
1
 90
2
176
1
 90
0
176
1
 90
2
176
1
 40
0.6
176
1
 40
30.0
176
1
 62
7
420
16777215
176
1
 90
1
176
1
 90
4
176
1
 62
7
176
1
 62
257
176
1
 90
1
176
1
 90
1
176
1
 40
1.0
176
1
 90
8
176
1
 62
7
176
1
 40
1.0
176
1
 90
1
176
1
 90
6
176
1
 90
2
176
1
 62
7
176
1
 90
5
176
1
 90
0
176
1
 90
0
176
1
290
0
176
1
 90
1
176
1
 40
0.0
176
1
 90
0
176
1
290
0
176
1
290
1
176
1
290
1
176
1
290
0
176
1
290
0
176
1
290
0
176
1
290
0
176
1
290
0
176
1
290
0
176
1
 90
50
176
1
 40
0.0
176
1
 40
1.0
176
1
 90
0
176
1
 62
18
420
0
176
1
 90
50
176
1
 90
3
176
1
 62
5
420
255
176
1
290
0
176
1
 90
50
176
1
 90
50
176
1
 90
50
176
1
290
0
176
1
 90
50
176
1
 62
256
176
0
 40
1.0
176
0
 90
2
176
1
  1
strokes_ogs.tif
176
1
290
0
176
1
 40
1.0
176
1
 40
1.0
176
1
  0
VISUALSTYLE
  5
5D
102
{ACAD_REACTORS
330
16
102
}
330
16
100
AcDbVisualStyle
  2
ColorChange
 70
16
177
3
291
1
 70
58
 90
2
176
1
 90
2
176
1
 90
0
176
1
 90
2
176
1
 40
0.6
176
1
 40
30.0
176
1
 62
7
420
16777215
176
1
 90
1
176
1
 90
4
176
1
 62
7
176
1
 62
257
176
1
 90
1
176
1
 90
1
176
1
 40
1.0
176
1
 90
8
176
1
 62
7
176
1
 40
1.0
176
1
 90
1
176
1
 90
6
176
1
 90
2
176
1
 62
7
176
1
 90
5
176
1
 90
0
176
1
 90
0
176
1
290
0
176
1
 90
1
176
1
 40
0.0
176
1
 90
0
176
1
290
0
176
1
290
1
176
1
290
1
176
1
290
0
176
1
290
0
176
1
290
0
176
1
290
0
176
1
290
0
176
1
290
0
176
1
 90
50
176
1
 40
0.0
176
1
 40
1.0
176
1
 90
0
176
1
 62
18
420
0
176
1
 90
50
176
1
 90
3
176
1
 62
5
420
255
176
1
290
0
176
1
 90
50
176
1
 90
50
176
1
 90
50
176
1
290
0
176
1
 90
50
176
1
 62
256
176
0
 40
1.0
176
0
 90
2
176
1
  1
strokes_ogs.tif
176
1
290
0
176
1
 40
1.0
176
1
 40
1.0
176
1
  0
VISUALSTYLE
  5
5E
102
{ACAD_REACTORS
330
16
102
}
330
16
100
AcDbVisualStyle
  2
Conceptual
 70
9
177
3
291
0
 70
58
 90
2
176
1
 90
2
176
1
 90
0
176
1
 90
3
176
1
 40
0.6
176
1
 40
30.0
176
1
 62
7
420
16777215
176
1
 90
1
176
1
 90
4
176
1
 62
7
176
1
 62
257
176
1
 90
1
176
1
 90
1
176
1
 40
1.0
176
1
 90
8
176
1
 62
7
176
1
 40
1.0
176
1
 90
1
176
1
 90
6
176
1
 90
2
176
1
 62
7
176
1
 90
5
176
1
 90
0
176
1
 90
0
176
1
290
0
176
1
 90
1
176
1
 40
0.0
176
1
 90
0
176
1
290
0
176
1
290
1
176
1
290
1
176
1
290
0
176
1
290
0
176
1
290
0
176
1
290
0
176
1
290
0
176
1
290
0
176
1
 90
50
176
1
 40
0.0
176
1
 40
1.0
176
1
 90
0
176
1
 62
18
420
0
176
1
 90
50
176
1
 90
3
176
1
 62
5
420
255
176
1
290
0
176
1
 90
50
176
1
 90
50
176
1
 90
50
176
1
290
0
176
1
 90
50
176
1
 62
256
176
0
 40
1.0
176
0
 90
2
176
1
  1
strokes_ogs.tif
176
1
290
0
176
1
 40
1.0
176
1
 40
1.0
176
1
  0
VISUALSTYLE
  5
5F
102
{ACAD_REACTORS
330
16
102
}
330
16
100
AcDbVisualStyle
  2
Dim
 70
11
177
3
291
1
 70
58
 90
2
176
1
 90
2
176
1
 90
0
176
1
 90
2
176
1
 40
0.6
176
1
 40
30.0
176
1
 62
7
420
16777215
176
1
 90
1
176
1
 90
4
176
1
 62
7
176
1
 62
257
176
1
 90
1
176
1
 90
1
176
1
 40
1.0
176
1
 90
8
176
1
 62
7
176
1
 40
1.0
176
1
 90
1
176
1
 90
6
176
1
 90
2
176
1
 62
7
176
1
 90
5
176
1
 90
0
176
1
 90
0
176
1
290
0
176
1
 90
1
176
1
 40
0.0
176
1
 90
0
176
1
290
0
176
1
290
1
176
1
290
1
176
1
290
0
176
1
290
0
176
1
290
0
176
1
290
0
176
1
290
0
176
1
290
0
176
1
 90
50
176
1
 40
0.0
176
1
 40
1.0
176
1
 90
0
176
1
 62
18
420
0
176
1
 90
50
176
1
 90
3
176
1
 62
5
420
255
176
1
290
0
176
1
 90
50
176
1
 90
50
176
1
 90
50
176
1
290
0
176
1
 90
50
176
1
 62
256
176
0
 40
1.0
176
0
 90
2
176
1
  1
strokes_ogs.tif
176
1
290
0
176
1
 40
1.0
176
1
 40
1.0
176
1
  0
VISUALSTYLE
  5
60
102
{ACAD_REACTORS
330
16
102
}
330
16
100
AcDbVisualStyle
  2
EdgeColorOff
 70
22
177
3
291
1
 70
58
 90
2
176
1
 90
2
176
1
 90
0
176
1
 90
2
176
1
 40
0.6
176
1
 40
30.0
176
1
 62
7
420
16777215
176
1
 90
1
176
1
 90
4
176
1
 62
7
176
1
 62
257
176
1
 90
1
176
1
 90
1
176
1
 40
1.0
176
1
 90
8
176
1
 62
7
176
1
 40
1.0
176
1
 90
1
176
1
 90
6
176
1
 90
2
176
1
 62
7
176
1
 90
5
176
1
 90
0
176
1
 90
0
176
1
290
0
176
1
 90
1
176
1
 40
0.0
176
1
 90
0
176
1
290
0
176
1
290
1
176
1
290
1
176
1
290
0
176
1
290
0
176
1
290
0
176
1
290
0
176
1
290
0
176
1
290
0
176
1
 90
50
176
1
 40
0.0
176
1
 40
1.0
176
1
 90
0
176
1
 62
18
420
0
176
1
 90
50
176
1
 90
3
176
1
 62
5
420
255
176
1
290
0
176
1
 90
50
176
1
 90
50
176
1
 90
50
176
1
290
0
176
1
 90
50
176
1
 62
256
176
0
 40
1.0
176
0
 90
2
176
1
  1
strokes_ogs.tif
176
1
290
0
176
1
 40
1.0
176
1
 40
1.0
176
1
  0
VISUALSTYLE
  5
61
102
{ACAD_REACTORS
330
16
102
}
330
16
100
AcDbVisualStyle
  2
Facepattern
 70
15
177
3
291
1
 70
58
 90
2
176
1
 90
2
176
1
 90
0
176
1
 90
2
176
1
 40
0.6
176
1
 40
30.0
176
1
 62
7
420
16777215
176
1
 90
1
176
1
 90
4
176
1
 62
7
176
1
 62
257
176
1
 90
1
176
1
 90
1
176
1
 40
1.0
176
1
 90
8
176
1
 62
7
176
1
 40
1.0
176
1
 90
1
176
1
 90
6
176
1
 90
2
176
1
 62
7
176
1
 90
5
176
1
 90
0
176
1
 90
0
176
1
290
0
176
1
 90
1
176
1
 40
0.0
176
1
 90
0
176
1
290
0
176
1
290
1
176
1
290
1
176
1
290
0
176
1
290
0
176
1
290
0
176
1
290
0
176
1
290
0
176
1
290
0
176
1
 90
50
176
1
 40
0.0
176
1
 40
1.0
176
1
 90
0
176
1
 62
18
420
0
176
1
 90
50
176
1
 90
3
176
1
 62
5
420
255
176
1
290
0
176
1
 90
50
176
1
 90
50
176
1
 90
50
176
1
290
0
176
1
 90
50
176
1
 62
256
176
0
 40
1.0
176
0
 90
2
176
1
  1
strokes_ogs.tif
176
1
290
0
176
1
 40
1.0
176
1
 40
1.0
176
1
  0
VISUALSTYLE
  5
62
102
{ACAD_REACTORS
330
16
102
}
330
16
100
AcDbVisualStyle
  2
Flat
 70
0
177
3
291
1
 70
58
 90
2
176
1
 90
2
176
1
 90
0
176
1
 90
2
176
1
 40
0.6
176
1
 40
30.0
176
1
 62
7
420
16777215
176
1
 90
1
176
1
 90
4
176
1
 62
7
176
1
 62
257
176
1
 90
1
176
1
 90
1
176
1
 40
1.0
176
1
 90
8
176
1
 62
7
176
1
 40
1.0
176
1
 90
1
176
1
 90
6
176
1
 90
2
176
1
 62
7
176
1
 90
5
176
1
 90
0
176
1
 90
0
176
1
290
0
176
1
 90
1
176
1
 40
0.0
176
1
 90
0
176
1
290
0
176
1
290
1
176
1
290
1
176
1
290
0
176
1
290
0
176
1
290
0
176
1
290
0
176
1
290
0
176
1
290
0
176
1
 90
50
176
1
 40
0.0
176
1
 40
1.0
176
1
 90
0
176
1
 62
18
420
0
176
1
 90
50
176
1
 90
3
176
1
 62
5
420
255
176
1
290
0
176
1
 90
50
176
1
 90
50
176
1
 90
50
176
1
290
0
176
1
 90
50
176
1
 62
256
176
0
 40
1.0
176
0
 90
2
176
1
  1
strokes_ogs.tif
176
1
290
0
176
1
 40
1.0
176
1
 40
1.0
176
1
  0
VISUALSTYLE
  5
63
102
{ACAD_REACTORS
330
16
102
}
330
16
100
AcDbVisualStyle
  2
FlatWithEdges
 70
1
177
3
291
1
 70
58
 90
2
176
1
 90
2
176
1
 90
0
176
1
 90
2
176
1
 40
0.6
176
1
 40
30.0
176
1
 62
7
420
16777215
176
1
 90
1
176
1
 90
4
176
1
 62
7
176
1
 62
257
176
1
 90
1
176
1
 90
1
176
1
 40
1.0
176
1
 90
8
176
1
 62
7
176
1
 40
1.0
176
1
 90
1
176
1
 90
6
176
1
 90
2
176
1
 62
7
176
1
 90
5
176
1
 90
0
176
1
 90
0
176
1
290
0
176
1
 90
1
176
1
 40
0.0
176
1
 90
0
176
1
290
0
176
1
290
1
176
1
290
1
176
1
290
0
176
1
290
0
176
1
290
0
176
1
290
0
176
1
290
0
176
1
290
0
176
1
 90
50
176
1
 40
0.0
176
1
 40
1.0
176
1
 90
0
176
1
 62
18
420
0
176
1
 90
50
176
1
 90
3
176
1
 62
5
420
255
176
1
290
0
176
1
 90
50
176
1
 90
50
176
1
 90
50
176
1
290
0
176
1
 90
50
176
1
 62
256
176
0
 40
1.0
176
0
 90
2
176
1
  1
strokes_ogs.tif
176
1
290
0
176
1
 40
1.0
176
1
 40
1.0
176
1
  0
VISUALSTYLE
  5
64
102
{ACAD_REACTORS
330
16
102
}
330
16
100
AcDbVisualStyle
  2
Gouraud
 70
2
177
3
291
1
 70
58
 90
2
176
1
 90
2
176
1
 90
0
176
1
 90
2
176
1
 40
0.6
176
1
 40
30.0
176
1
 62
7
420
16777215
176
1
 90
1
176
1
 90
4
176
1
 62
7
176
1
 62
257
176
1
 90
1
176
1
 90
1
176
1
 40
1.0
176
1
 90
8
176
1
 62
7
176
1
 40
1.0
176
1
 90
1
176
1
 90
6
176
1
 90
2
176
1
 62
7
176
1
 90
5
176
1
 90
0
176
1
 90
0
176
1
290
0
176
1
 90
1
176
1
 40
0.0
176
1
 90
0
176
1
290
0
176
1
290
1
176
1
290
1
176
1
290
0
176
1
290
0
176
1
290
0
176
1
290
0
176
1
290
0
176
1
290
0
176
1
 90
50
176
1
 40
0.0
176
1
 40
1.0
176
1
 90
0
176
1
 62
18
420
0
176
1
 90
50
176
1
 90
3
176
1
 62
5
420
255
176
1
290
0
176
1
 90
50
176
1
 90
50
176
1
 90
50
176
1
290
0
176
1
 90
50
176
1
 62
256
176
0
 40
1.0
176
0
 90
2
176
1
  1
strokes_ogs.tif
176
1
290
0
176
1
 40
1.0
176
1
 40
1.0
176
1
  0
VISUALSTYLE
  5
65
102
{ACAD_REACTORS
330
16
102
}
330
16
100
AcDbVisualStyle
  2
GouraudWithEdges
 70
3
177
3
291
1
 70
58
 90
2
176
1
 90
2
176
1
 90
0
176
1
 90
2
176
1
 40
0.6
176
1
 40
30.0
176
1
 62
7
420
16777215
176
1
 90
1
176
1
 90
4
176
1
 62
7
176
1
 62
257
176
1
 90
1
176
1
 90
1
176
1
 40
1.0
176
1
 90
8
176
1
 62
7
176
1
 40
1.0
176
1
 90
1
176
1
 90
6
176
1
 90
2
176
1
 62
7
176
1
 90
5
176
1
 90
0
176
1
 90
0
176
1
290
0
176
1
 90
1
176
1
 40
0.0
176
1
 90
0
176
1
290
0
176
1
290
1
176
1
290
1
176
1
290
0
176
1
290
0
176
1
290
0
176
1
290
0
176
1
290
0
176
1
290
0
176
1
 90
50
176
1
 40
0.0
176
1
 40
1.0
176
1
 90
0
176
1
 62
18
420
0
176
1
 90
50
176
1
 90
3
176
1
 62
5
420
255
176
1
290
0
176
1
 90
50
176
1
 90
50
176
1
 90
50
176
1
290
0
176
1
 90
50
176
1
 62
256
176
0
 40
1.0
176
0
 90
2
176
1
  1
strokes_ogs.tif
176
1
290
0
176
1
 40
1.0
176
1
 40
1.0
176
1
  0
VISUALSTYLE
  5
66
102
{ACAD_REACTORS
330
16
102
}
330
16
100
AcDbVisualStyle
  2
Hidden
 70
6
177
3
291
0
 70
58
 90
2
176
1
 90
2
176
1
 90
0
176
1
 90
1
176
1
 40
0.6
176
1
 40
30.0
176
1
 62
7
420
16777215
176
1
 90
1
176
1
 90
4
176
1
 62
7
176
1
 62
257
176
1
 90
1
176
1
 90
1
176
1
 40
1.0
176
1
 90
8
176
1
 62
7
176
1
 40
1.0
176
1
 90
1
176
1
 90
6
176
1
 90
2
176
1
 62
7
176
1
 90
5
176
1
 90
0
176
1
 90
0
176
1
290
0
176
1
 90
1
176
1
 40
0.0
176
1
 90
0
176
1
290
0
176
1
290
1
176
1
290
1
176
1
290
0
176
1
290
0
176
1
290
0
176
1
290
0
176
1
290
0
176
1
290
0
176
1
 90
50
176
1
 40
0.0
176
1
 40
1.0
176
1
 90
0
176
1
 62
18
420
0
176
1
 90
50
176
1
 90
3
176
1
 62
5
420
255
176
1
290
0
176
1
 90
50
176
1
 90
50
176
1
 90
50
176
1
290
0
176
1
 90
50
176
1
 62
256
176
0
 40
1.0
176
0
 90
2
176
1
  1
strokes_ogs.tif
176
1
290
0
176
1
 40
1.0
176
1
 40
1.0
176
1
  0
VISUALSTYLE
  5
67
102
{ACAD_REACTORS
330
16
102
}
330
16
100
AcDbVisualStyle
  2
JitterOff
 70
20
177
3
291
1
 70
58
 90
2
176
1
 90
2
176
1
 90
0
176
1
 90
2
176
1
 40
0.6
176
1
 40
30.0
176
1
 62
7
420
16777215
176
1
 90
1
176
1
 90
4
176
1
 62
7
176
1
 62
257
176
1
 90
1
176
1
 90
1
176
1
 40
1.0
176
1
 90
8
176
1
 62
7
176
1
 40
1.0
176
1
 90
1
176
1
 90
6
176
1
 90
2
176
1
 62
7
176
1
 90
5
176
1
 90
0
176
1
 90
0
176
1
290
0
176
1
 90
1
176
1
 40
0.0
176
1
 90
0
176
1
290
0
176
1
290
1
176
1
290
1
176
1
290
0
176
1
290
0
176
1
290
0
176
1
290
0
176
1
290
0
176
1
290
0
176
1
 90
50
176
1
 40
0.0
176
1
 40
1.0
176
1
 90
0
176
1
 62
18
420
0
176
1
 90
50
176
1
 90
3
176
1
 62
5
420
255
176
1
290
0
176
1
 90
50
176
1
 90
50
176
1
 90
50
176
1
290
0
176
1
 90
50
176
1
 62
256
176
0
 40
1.0
176
0
 90
2
176
1
  1
strokes_ogs.tif
176
1
290
0
176
1
 40
1.0
176
1
 40
1.0
176
1
  0
VISUALSTYLE
  5
68
102
{ACAD_REACTORS
330
16
102
}
330
16
100
AcDbVisualStyle
  2
Linepattern
 70
14
177
3
291
1
 70
58
 90
2
176
1
 90
2
176
1
 90
0
176
1
 90
2
176
1
 40
0.6
176
1
 40
30.0
176
1
 62
7
420
16777215
176
1
 90
1
176
1
 90
4
176
1
 62
7
176
1
 62
257
176
1
 90
1
176
1
 90
1
176
1
 40
1.0
176
1
 90
8
176
1
 62
7
176
1
 40
1.0
176
1
 90
1
176
1
 90
6
176
1
 90
2
176
1
 62
7
176
1
 90
5
176
1
 90
0
176
1
 90
0
176
1
290
0
176
1
 90
1
176
1
 40
0.0
176
1
 90
0
176
1
290
0
176
1
290
1
176
1
290
1
176
1
290
0
176
1
290
0
176
1
290
0
176
1
290
0
176
1
290
0
176
1
290
0
176
1
 90
50
176
1
 40
0.0
176
1
 40
1.0
176
1
 90
0
176
1
 62
18
420
0
176
1
 90
50
176
1
 90
3
176
1
 62
5
420
255
176
1
290
0
176
1
 90
50
176
1
 90
50
176
1
 90
50
176
1
290
0
176
1
 90
50
176
1
 62
256
176
0
 40
1.0
176
0
 90
2
176
1
  1
strokes_ogs.tif
176
1
290
0
176
1
 40
1.0
176
1
 40
1.0
176
1
  0
VISUALSTYLE
  5
69
102
{ACAD_REACTORS
330
16
102
}
330
16
100
AcDbVisualStyle
  2
Modeling
 70
10
177
3
291
0
 70
58
 90
2
176
1
 90
2
176
1
 90
0
176
1
 90
2
176
1
 40
0.6
176
1
 40
30.0
176
1
 62
7
420
16777215
176
1
 90
1
176
1
 90
4
176
1
 62
7
176
1
 62
257
176
1
 90
1
176
1
 90
1
176
1
 40
1.0
176
1
 90
8
176
1
 62
7
176
1
 40
1.0
176
1
 90
1
176
1
 90
6
176
1
 90
2
176
1
 62
7
176
1
 90
5
176
1
 90
0
176
1
 90
0
176
1
290
0
176
1
 90
1
176
1
 40
0.0
176
1
 90
0
176
1
290
0
176
1
290
1
176
1
290
1
176
1
290
0
176
1
290
0
176
1
290
0
176
1
290
0
176
1
290
0
176
1
290
0
176
1
 90
50
176
1
 40
0.0
176
1
 40
1.0
176
1
 90
0
176
1
 62
18
420
0
176
1
 90
50
176
1
 90
3
176
1
 62
5
420
255
176
1
290
0
176
1
 90
50
176
1
 90
50
176
1
 90
50
176
1
290
0
176
1
 90
50
176
1
 62
256
176
0
 40
1.0
176
0
 90
2
176
1
  1
strokes_ogs.tif
176
1
290
0
176
1
 40
1.0
176
1
 40
1.0
176
1
  0
VISUALSTYLE
  5
6A
102
{ACAD_REACTORS
330
16
102
}
330
16
100
AcDbVisualStyle
  2
OverhangOff
 70
21
177
3
291
1
 70
58
 90
2
176
1
 90
2
176
1
 90
0
176
1
 90
2
176
1
 40
0.6
176
1
 40
30.0
176
1
 62
7
420
16777215
176
1
 90
1
176
1
 90
4
176
1
 62
7
176
1
 62
257
176
1
 90
1
176
1
 90
1
176
1
 40
1.0
176
1
 90
8
176
1
 62
7
176
1
 40
1.0
176
1
 90
1
176
1
 90
6
176
1
 90
2
176
1
 62
7
176
1
 90
5
176
1
 90
0
176
1
 90
0
176
1
290
0
176
1
 90
1
176
1
 40
0.0
176
1
 90
0
176
1
290
0
176
1
290
1
176
1
290
1
176
1
290
0
176
1
290
0
176
1
290
0
176
1
290
0
176
1
290
0
176
1
290
0
176
1
 90
50
176
1
 40
0.0
176
1
 40
1.0
176
1
 90
0
176
1
 62
18
420
0
176
1
 90
50
176
1
 90
3
176
1
 62
5
420
255
176
1
290
0
176
1
 90
50
176
1
 90
50
176
1
 90
50
176
1
290
0
176
1
 90
50
176
1
 62
256
176
0
 40
1.0
176
0
 90
2
176
1
  1
strokes_ogs.tif
176
1
290
0
176
1
 40
1.0
176
1
 40
1.0
176
1
  0
VISUALSTYLE
  5
6B
102
{ACAD_REACTORS
330
16
102
}
330
16
100
AcDbVisualStyle
  2
Realistic
 70
8
177
3
291
0
 70
58
 90
2
176
1
 90
2
176
1
 90
0
176
1
 90
2
176
1
 40
0.6
176
1
 40
30.0
176
1
 62
7
420
16777215
176
1
 90
1
176
1
 90
4
176
1
 62
7
176
1
 62
257
176
1
 90
1
176
1
 90
1
176
1
 40
1.0
176
1
 90
8
176
1
 62
7
176
1
 40
1.0
176
1
 90
1
176
1
 90
6
176
1
 90
2
176
1
 62
7
176
1
 90
5
176
1
 90
0
176
1
 90
0
176
1
290
0
176
1
 90
1
176
1
 40
0.0
176
1
 90
0
176
1
290
0
176
1
290
1
176
1
290
1
176
1
290
0
176
1
290
0
176
1
290
0
176
1
290
0
176
1
290
0
176
1
290
0
176
1
 90
50
176
1
 40
0.0
176
1
 40
1.0
176
1
 90
0
176
1
 62
18
420
0
176
1
 90
50
176
1
 90
3
176
1
 62
5
420
255
176
1
290
0
176
1
 90
50
176
1
 90
50
176
1
 90
50
176
1
290
0
176
1
 90
50
176
1
 62
256
176
0
 40
1.0
176
0
 90
2
176
1
  1
strokes_ogs.tif
176
1
290
0
176
1
 40
1.0
176
1
 40
1.0
176
1
  0
VISUALSTYLE
  5
6C
102
{ACAD_REACTORS
330
16
102
}
330
16
100
AcDbVisualStyle
  2
Shaded
 70
27
177
3
291
0
 70
58
 90
2
176
1
 90
2
176
1
 90
0
176
1
 90
2
176
1
 40
0.6
176
1
 40
30.0
176
1
 62
7
420
16777215
176
1
 90
1
176
1
 90
4
176
1
 62
7
176
1
 62
257
176
1
 90
1
176
1
 90
1
176
1
 40
1.0
176
1
 90
8
176
1
 62
7
176
1
 40
1.0
176
1
 90
1
176
1
 90
6
176
1
 90
2
176
1
 62
7
176
1
 90
5
176
1
 90
0
176
1
 90
0
176
1
290
0
176
1
 90
1
176
1
 40
0.0
176
1
 90
0
176
1
290
0
176
1
290
1
176
1
290
1
176
1
290
0
176
1
290
0
176
1
290
0
176
1
290
0
176
1
290
0
176
1
290
0
176
1
 90
50
176
1
 40
0.0
176
1
 40
1.0
176
1
 90
0
176
1
 62
18
420
0
176
1
 90
50
176
1
 90
3
176
1
 62
5
420
255
176
1
290
0
176
1
 90
50
176
1
 90
50
176
1
 90
50
176
1
290
0
176
1
 90
50
176
1
 62
256
176
0
 40
1.0
176
0
 90
2
176
1
  1
strokes_ogs.tif
176
1
290
0
176
1
 40
1.0
176
1
 40
1.0
176
1
  0
VISUALSTYLE
  5
6D
102
{ACAD_REACTORS
330
16
102
}
330
16
100
AcDbVisualStyle
  2
Shaded with edges
 70
26
177
3
291
0
 70
58
 90
2
176
1
 90
2
176
1
 90
0
176
1
 90
2
176
1
 40
0.6
176
1
 40
30.0
176
1
 62
7
420
16777215
176
1
 90
1
176
1
 90
4
176
1
 62
7
176
1
 62
257
176
1
 90
1
176
1
 90
1
176
1
 40
1.0
176
1
 90
8
176
1
 62
7
176
1
 40
1.0
176
1
 90
1
176
1
 90
6
176
1
 90
2
176
1
 62
7
176
1
 90
5
176
1
 90
0
176
1
 90
0
176
1
290
0
176
1
 90
1
176
1
 40
0.0
176
1
 90
0
176
1
290
0
176
1
290
1
176
1
290
1
176
1
290
0
176
1
290
0
176
1
290
0
176
1
290
0
176
1
290
0
176
1
290
0
176
1
 90
50
176
1
 40
0.0
176
1
 40
1.0
176
1
 90
0
176
1
 62
18
420
0
176
1
 90
50
176
1
 90
3
176
1
 62
5
420
255
176
1
290
0
176
1
 90
50
176
1
 90
50
176
1
 90
50
176
1
290
0
176
1
 90
50
176
1
 62
256
176
0
 40
1.0
176
0
 90
2
176
1
  1
strokes_ogs.tif
176
1
290
0
176
1
 40
1.0
176
1
 40
1.0
176
1
  0
VISUALSTYLE
  5
6E
102
{ACAD_REACTORS
330
16
102
}
330
16
100
AcDbVisualStyle
  2
Shades of Gray
 70
23
177
3
291
0
 70
58
 90
2
176
1
 90
2
176
1
 90
0
176
1
 90
2
176
1
 40
0.6
176
1
 40
30.0
176
1
 62
7
420
16777215
176
1
 90
1
176
1
 90
4
176
1
 62
7
176
1
 62
257
176
1
 90
1
176
1
 90
1
176
1
 40
1.0
176
1
 90
8
176
1
 62
7
176
1
 40
1.0
176
1
 90
1
176
1
 90
6
176
1
 90
2
176
1
 62
7
176
1
 90
5
176
1
 90
0
176
1
 90
0
176
1
290
0
176
1
 90
1
176
1
 40
0.0
176
1
 90
0
176
1
290
0
176
1
290
1
176
1
290
1
176
1
290
0
176
1
290
0
176
1
290
0
176
1
290
0
176
1
290
0
176
1
290
0
176
1
 90
50
176
1
 40
0.0
176
1
 40
1.0
176
1
 90
0
176
1
 62
18
420
0
176
1
 90
50
176
1
 90
3
176
1
 62
5
420
255
176
1
290
0
176
1
 90
50
176
1
 90
50
176
1
 90
50
176
1
290
0
176
1
 90
50
176
1
 62
256
176
0
 40
1.0
176
0
 90
2
176
1
  1
strokes_ogs.tif
176
1
290
0
176
1
 40
1.0
176
1
 40
1.0
176
1
  0
VISUALSTYLE
  5
6F
102
{ACAD_REACTORS
330
16
102
}
330
16
100
AcDbVisualStyle
  2
Sketchy
 70
24
177
3
291
0
 70
58
 90
2
176
1
 90
2
176
1
 90
0
176
1
 90
1
176
1
 40
0.6
176
1
 40
30.0
176
1
 62
7
420
16777215
176
1
 90
1
176
1
 90
4
176
1
 62
7
176
1
 62
257
176
1
 90
1
176
1
 90
1
176
1
 40
1.0
176
1
 90
8
176
1
 62
7
176
1
 40
1.0
176
1
 90
1
176
1
 90
6
176
1
 90
2
176
1
 62
7
176
1
 90
5
176
1
 90
0
176
1
 90
0
176
1
290
0
176
1
 90
1
176
1
 40
0.0
176
1
 90
0
176
1
290
0
176
1
290
1
176
1
290
1
176
1
290
0
176
1
290
0
176
1
290
0
176
1
290
0
176
1
290
0
176
1
290
0
176
1
 90
50
176
1
 40
0.0
176
1
 40
1.0
176
1
 90
0
176
1
 62
18
420
0
176
1
 90
50
176
1
 90
3
176
1
 62
5
420
255
176
1
290
0
176
1
 90
50
176
1
 90
50
176
1
 90
50
176
1
290
0
176
1
 90
50
176
1
 62
256
176
0
 40
1.0
176
0
 90
2
176
1
  1
strokes_ogs.tif
176
1
290
0
176
1
 40
1.0
176
1
 40
1.0
176
1
  0
VISUALSTYLE
  5
70
102
{ACAD_REACTORS
330
16
102
}
330
16
100
AcDbVisualStyle
  2
Thicken
 70
13
177
3
291
1
 70
58
 90
2
176
1
 90
2
176
1
 90
0
176
1
 90
2
176
1
 40
0.6
176
1
 40
30.0
176
1
 62
7
420
16777215
176
1
 90
1
176
1
 90
4
176
1
 62
7
176
1
 62
257
176
1
 90
1
176
1
 90
1
176
1
 40
1.0
176
1
 90
8
176
1
 62
7
176
1
 40
1.0
176
1
 90
1
176
1
 90
6
176
1
 90
2
176
1
 62
7
176
1
 90
5
176
1
 90
0
176
1
 90
0
176
1
290
0
176
1
 90
1
176
1
 40
0.0
176
1
 90
0
176
1
290
0
176
1
290
1
176
1
290
1
176
1
290
0
176
1
290
0
176
1
290
0
176
1
290
0
176
1
290
0
176
1
290
0
176
1
 90
50
176
1
 40
0.0
176
1
 40
1.0
176
1
 90
0
176
1
 62
18
420
0
176
1
 90
50
176
1
 90
3
176
1
 62
5
420
255
176
1
290
0
176
1
 90
50
176
1
 90
50
176
1
 90
50
176
1
290
0
176
1
 90
50
176
1
 62
256
176
0
 40
1.0
176
0
 90
2
176
1
  1
strokes_ogs.tif
176
1
290
0
176
1
 40
1.0
176
1
 40
1.0
176
1
  0
VISUALSTYLE
  5
71
102
{ACAD_REACTORS
330
16
102
}
330
16
100
AcDbVisualStyle
  2
Wireframe
 70
5
177
3
291
0
 70
58
 90
2
176
1
 90
2
176
1
 90
0
176
1
 90
0
176
1
 40
0.6
176
1
 40
30.0
176
1
 62
7
420
16777215
176
1
 90
1
176
1
 90
4
176
1
 62
7
176
1
 62
257
176
1
 90
1
176
1
 90
1
176
1
 40
1.0
176
1
 90
8
176
1
 62
7
176
1
 40
1.0
176
1
 90
1
176
1
 90
6
176
1
 90
2
176
1
 62
7
176
1
 90
5
176
1
 90
0
176
1
 90
0
176
1
290
0
176
1
 90
1
176
1
 40
0.0
176
1
 90
0
176
1
290
0
176
1
290
1
176
1
290
1
176
1
290
0
176
1
290
0
176
1
290
0
176
1
290
0
176
1
290
0
176
1
290
0
176
1
 90
50
176
1
 40
0.0
176
1
 40
1.0
176
1
 90
0
176
1
 62
18
420
0
176
1
 90
50
176
1
 90
3
176
1
 62
5
420
255
176
1
290
0
176
1
 90
50
176
1
 90
50
176
1
 90
50
176
1
290
0
176
1
 90
50
176
1
 62
256
176
0
 40
1.0
176
0
 90
2
176
1
  1
strokes_ogs.tif
176
1
290
0
176
1
 40
1.0
176
1
 40
1.0
176
1
  0
VISUALSTYLE
  5
72
102
{ACAD_REACTORS
330
16
102
}
330
16
100
AcDbVisualStyle
  2
X-Ray
 70
25
177
3
291
0
 70
58
 90
2
176
1
 90
2
176
1
 90
0
176
1
 90
2
176
1
 40
0.5
176
1
 40
30.0
176
1
 62
7
420
16777215
176
1
 90
1
176
1
 90
4
176
1
 62
7
176
1
 62
257
176
1
 90
1
176
1
 90
1
176
1
 40
1.0
176
1
 90
8
176
1
 62
7
176
1
 40
1.0
176
1
 90
1
176
1
 90
6
176
1
 90
2
176
1
 62
7
176
1
 90
5
176
1
 90
0
176
1
 90
0
176
1
290
0
176
1
 90
1
176
1
 40
0.0
176
1
 90
0
176
1
290
0
176
1
290
1
176
1
290
1
176
1
290
0
176
1
290
0
176
1
290
0
176
1
290
0
176
1
290
0
176
1
290
0
176
1
 90
50
176
1
 40
0.0
176
1
 40
1.0
176
1
 90
0
176
1
 62
18
420
0
176
1
 90
50
176
1
 90
3
176
1
 62
5
420
255
176
1
290
0
176
1
 90
50
176
1
 90
50
176
1
 90
50
176
1
290
0
176
1
 90
50
176
1
 62
256
176
0
 40
1.0
176
0
 90
2
176
1
  1
strokes_ogs.tif
176
1
290
0
176
1
 40
1.0
176
1
 40
1.0
176
1
  0
DICTIONARYVAR
  5
740
330
2D
100
DictionaryVariables
280
0
  1
1.4.3 @ 2026-04-27T10:27:23.424402+00:00
  0
ENDSEC
  0
EOF
